;FLAVOR:Marlin
;TIME:9718
;Filament used: 14.2723m
;Layer height: 0.32
;MINX:37.84
;MINY:67.84
;MINZ:0.32
;MAXX:182.172
;MAXY:152.16
;MAXZ:5.32
;Generated with Cura_SteamEngine 5.4.0
M140 S60
M105
M190 S60
M104 S220
M105
M109 S220
M82 ;absolute extrusion mode
G28 ; home all axes
 M117 Purge extruder
 G92 E0 ; reset extruder
 G1 Z1.0 F3000 ; move z up little to prevent scratching of surface
 G1 X2 Y20 Z0.3 F5000.0 ; move to start-line position
 G1 X2 Y200.0 Z0.3 F1500.0 E15 ; draw 1st line
 G1 X2 Y200.0 Z0.4 F5000.0 ; move to side a little
 G1 X2 Y20 Z0.4 F1500.0 E30 ; draw 2nd line
 G92 E0 ; reset extruder
 G1 Z1.0 F3000 ; move z up little to prevent scratching of surface
G92 E0
G92 E0
G1 F2100 E-2
;LAYER_COUNT:16
;LAYER:0
M106 S255
G1 F300 Z0.52
;MESH:Reloj carcasa piso.stl
G0 F6000 X39.785 Y68.332 Z0.52
;TYPE:WALL-INNER
G1 F300 Z0.32
G1 F1500 E0
G1 F602.5 X40.215 Y68.306 E0.02657
G1 F606.3 X40.589 Y68.328 E0.04954
G0 F6000 X41.314 Y68.456
G0 X39.782 Y68.582
G0 X38.49 Y69.084
G0 X38.539 Y69.203
G1 F538.3 X38.824 Y68.83 E0.08195
G1 F536.3 X39.201 Y68.539 E0.11495
G1 F556 X39.709 Y68.334 E0.15157
G1 F541.4 X38.356 Y68.356 E0.24447
G1 F544.4 X38.329 Y69.742 E0.33911
G1 F562.5 X38.539 Y69.203 E0.37733
G0 F6000 X38.328 Y69.82
G1 F607.6 X38.306 Y70.215 E0.40153
G1 F601.3 X38.332 Y70.624 E0.42686
G1 F2100 E-1.57314
G0 F6000 X38.452 Y71.314
G0 X38.456 Y148.886
G0 X38.328 Y149.62
G1 F1500 E0.42686
G1 F607.6 X38.306 Y150.015 E0.45106
G1 F601.3 X38.332 Y150.424 E0.47639
G0 F6000 X38.452 Y151.114
G0 X38.797 Y151.51
G0 X38.9 Y151.46
G1 F562.5 X38.773 Y151.267 E0.49166
G1 F576 X38.551 Y150.991 E0.51451
G1 F574.9 X38.332 Y150.486 E0.5501
G1 F576 X38.329 Y151.671 E0.62656
G1 X38.628 Y151.667 E0.64586
G1 F561.4 X38.843 Y151.628 E0.66033
G1 F548.6 X39.12 Y151.629 E0.67909
G1 X38.915 Y151.472 E0.69659
G0 F540 X38.9 Y151.46
G1 F2100 E-1.30341
G0 F6000 X38.797 Y151.51
G0 X39.945 Y151.639
G0 X177.797 Y151.51
G0 X177.904 Y151.455
G1 F1500 E0.69659
G1 F580.6 X177.807 Y151.303 E0.70813
G1 F597.5 X177.552 Y150.972 E0.73412
G1 F600 X177.358 Y150.517 E0.76476
G1 X177.287 Y150.027 E0.79543
G1 X177.346 Y149.52 E0.82704
G1 X177.565 Y149.017 E0.86103
G1 X177.825 Y148.68 E0.88739
G1 X178.227 Y148.351 E0.91957
G1 X178.682 Y148.164 E0.95004
G1 X179.21 Y148.086 E0.9831
G1 X179.683 Y148.148 E1.01265
G1 X180.175 Y148.352 E1.04565
G1 F595 X180.527 Y148.627 E1.07355
G1 F580.6 X180.86 Y149.019 E1.10647
G1 F554.9 X181.085 Y149.501 E1.14209
G1 F542.4 X181.131 Y149.985 E1.17541
G1 F500.9 X181.09 Y150.505 E1.21412
G1 F436.4 X180.926 Y151.041 E1.26186
G1 F415.6 X180.537 Y151.55 E1.31915
G1 X180.821 Y151.57 E1.34461
G1 F413.8 X181.572 Y151.572 E1.41206
G1 F413.2 X181.572 Y151.223 E1.44346
G1 F461.5 X181.644 Y150.471 E1.50429
G1 F534.3 X181.657 Y149.985 E1.53811
G1 F533.3 X181.643 Y149.533 E1.56962
G1 F557.1 X181.68 Y148.317 E1.65079
G1 F600 X181.681 Y71.628 E6.40119
G1 F601.3 X181.681 Y71.523 E6.40768
G1 X181.28 Y71.844 E6.43943
G1 F600 X180.817 Y72.042 E6.47062
G1 X180.326 Y72.114 E6.50136
G1 X179.82 Y72.053 E6.53293
G1 X179.347 Y71.857 E6.56465
G1 X178.984 Y71.579 E6.59297
G1 X178.667 Y71.187 E6.6242
G1 X178.458 Y70.723 E6.65572
G1 X178.386 Y70.221 E6.68713
G1 X178.446 Y69.723 E6.7182
G1 X178.654 Y69.222 E6.75181
G1 F597.5 X178.93 Y68.869 E6.77968
G1 F591.4 X179.312 Y68.555 E6.81075
G1 F584.2 X179.817 Y68.331 E6.8459
G1 F590.2 X178.582 Y68.32 E6.92368
G1 F600 X41.867 Y68.32 E15.39231
G1 F593.8 X40.652 Y68.328 E15.46836
G1 F591.4 X41.173 Y68.549 E15.50393
G1 F596.3 X41.536 Y68.833 E15.53265
G1 F598.8 X41.842 Y69.217 E15.56313
G1 F600 X42.042 Y69.683 E15.59454
G1 X42.114 Y70.18 E15.62565
G1 X42.052 Y70.681 E15.65692
G1 X41.857 Y71.152 E15.6885
G1 X41.561 Y71.541 E15.71878
G1 X41.187 Y71.833 E15.74817
G1 X40.723 Y72.042 E15.77969
G1 X40.221 Y72.114 E15.81111
G1 X39.724 Y72.054 E15.84212
G1 X39.227 Y71.849 E15.87542
G1 F597.5 X38.869 Y71.571 E15.90361
G1 F590.2 X38.556 Y71.188 E15.93476
G1 F581.8 X38.331 Y70.686 E15.9699
G1 F589 X38.321 Y71.671 E16.03206
G1 F598.8 X38.322 Y91.141 E17.24062
G1 F596.3 X38.324 Y110.611 E18.4542
G1 F592.6 X38.325 Y130.081 E19.67532
G1 F590.2 X38.327 Y149.551 E20.90146
G1 X38.553 Y149.022 E20.93769
G1 F595 X38.833 Y148.664 E20.96608
G1 F600 X39.221 Y148.355 E20.9968
G1 X39.686 Y148.156 E21.02813
G1 X40.211 Y148.086 E21.06094
G1 X40.683 Y148.148 E21.09043
G1 X41.153 Y148.343 E21.12195
G1 X41.53 Y148.635 E21.15149
G1 X41.849 Y149.033 E21.18308
G1 X42.043 Y149.483 E21.21344
G1 X42.113 Y149.973 E21.2441
G1 X42.055 Y150.475 E21.2754
G1 X41.85 Y150.97 E21.30859
G1 F598.8 X41.622 Y151.27 E21.33198
G1 F580.6 X41.528 Y151.424 E21.34353
G1 F564.7 X41.258 Y151.634 E21.36604
G1 X41.601 Y151.634 E21.38861
G1 F580.6 X41.821 Y151.676 E21.40295
G1 F597.5 X177.628 Y151.675 E29.85039
G1 F580.6 X177.843 Y151.634 E29.8644
G1 F565.8 X178.142 Y151.635 E29.88404
G1 X177.921 Y151.468 E29.90223
G0 F540 X177.904 Y151.455
G1 F2100 E27.90223
G0 F6000 X177.797 Y151.51
G0 X177.09 Y150.017
G0 X181.918 Y70.618
G0 X181.97 Y70.185
G0 X181.414 Y68.456
G0 X181.237 Y68.56
G1 F1500 E29.90223
G1 F660.6 X181.703 Y68.919 E29.93533
G1 F644.3 X181.71 Y68.28 E29.97219
G1 F623.4 X180.74 Y68.326 E30.03009
G1 F638.6 X181.237 Y68.56 E30.06206
G0 F6000 X180.689 Y68.328
G1 F606.3 X180.315 Y68.306 E30.08503
G1 F602.5 X179.885 Y68.332 E30.1116
G1 F2100 E28.1116
G0 F6000 X179.186 Y68.452
G0 X178.822 Y68.747
G0 X178.512 Y69.15
G0 X178.292 Y69.68
G0 X178.226 Y70.218
G0 X178.294 Y70.725
G0 X178.514 Y71.254
G0 X178.847 Y71.678
G0 X179.074 Y71.853
G0 X179.861 Y72.279
G0 X179.946 Y71.585
;TYPE:WALL-OUTER
G1 F1500 E30.1116
G1 F600 X179.569 Y71.426 E30.13695
G1 X179.31 Y71.227 E30.15718
G1 X179.075 Y70.934 E30.18044
G1 X178.924 Y70.585 E30.204
G1 X178.87 Y70.217 E30.22704
G1 X178.915 Y69.845 E30.25025
G1 X179.073 Y69.465 E30.27574
G1 X179.3 Y69.186 E30.29802
G1 F601.3 X179.567 Y68.974 E30.3191
G1 X179.921 Y68.821 E30.34293
G1 X180.315 Y68.773 E30.36747
G1 F600 X180.625 Y68.811 E30.38682
G1 X181.029 Y68.97 E30.41371
G1 X181.274 Y69.16 E30.43291
G1 X181.526 Y69.465 E30.45742
G1 X181.681 Y69.846 E30.4829
G1 F615.4 X181.716 Y70.185 E30.50348
G1 F616.7 X181.686 Y70.534 E30.52459
G1 F602.5 X181.529 Y70.929 E30.55081
G1 X181.299 Y71.213 E30.57336
G1 F601.3 X181.032 Y71.428 E30.59455
G1 X180.685 Y71.577 E30.61789
G1 F600 X180.317 Y71.63 E30.64092
G1 X179.972 Y71.588 E30.66245
G0 F540 X179.946 Y71.585
G1 F2100 E28.66245
G0 F6000 X179.861 Y72.279
G0 X177.126 Y150.018
G0 X177.194 Y150.525
G0 X177.372 Y150.953
G0 X177.824 Y151.529
G0 X178.869 Y151.462
G1 F1500 E30.66245
G1 F493.2 X178.489 Y151.27 E30.69454
G1 F548.6 X178.218 Y151.051 E30.71814
G1 F574.9 X177.971 Y150.729 E30.74438
G1 F587.8 X177.823 Y150.385 E30.76806
G1 F593.8 X177.77 Y150.017 E30.79133
G1 F597.5 X177.815 Y149.645 E30.81464
G1 F600 X177.976 Y149.265 E30.8402
G1 X178.188 Y148.996 E30.86142
G1 X178.457 Y148.781 E30.88275
G1 X178.814 Y148.626 E30.90686
G1 X179.214 Y148.571 E30.93187
G1 X179.556 Y148.616 E30.95324
G1 X179.933 Y148.772 E30.97851
G1 X180.214 Y149 E31.00092
G1 F601.3 X180.426 Y149.264 E31.02185
G1 X180.581 Y149.646 E31.04734
G1 F600 X180.628 Y149.985 E31.06854
G1 X180.587 Y150.335 E31.09036
G1 X180.425 Y150.733 E31.11698
G1 F581.8 X180.209 Y151.025 E31.14018
G1 F532.3 X179.919 Y151.283 E31.16728
G1 F479.2 X179.564 Y151.456 E31.19791
G1 F464.5 X179.259 Y151.489 E31.22246
G1 F466 X178.869 Y151.462 E31.25364
G0 F6000 X177.824 Y151.529
G0 X177.843 Y152.145
G1 F565.8 X178.12 Y152.146 E31.27183
G1 F507 X178.832 Y152.087 E31.3242
G1 F466.8 X179.215 Y152.097 E31.35471
G1 F465.3 X179.609 Y152.084 E31.3862
G1 F518 X180.821 Y152.158 E31.47332
G1 F598.8 X182.16 Y152.16 E31.55644
G1 F600 X182.16 Y71.938 E36.52568
G1 F601.3 X182.161 Y70.575 E36.60993
G1 F616.7 X182.172 Y70.185 E36.63345
G1 F615.4 X182.16 Y69.812 E36.65599
G1 F600 X182.16 Y67.84 E36.77814
G1 X37.84 Y67.84 E45.71785
G1 X37.84 Y152.16 E50.94094
G1 F598.8 X38.628 Y152.159 E50.98986
G1 F518.9 X39.832 Y152.087 E51.07624
G1 F466.8 X40.215 Y152.097 E51.10675
G1 F465.3 X40.609 Y152.084 E51.13824
G1 F505.3 X41.29 Y152.145 E51.18853
G1 F564.7 X41.601 Y152.145 E51.209
G1 F580.6 X41.821 Y152.158 E51.22311
G1 F597.5 X177.628 Y152.159 E59.67054
G1 F580.6 X177.843 Y152.145 E59.68434
G1 F2100 E57.68434
G0 F6000 X177.792 Y151.525
G0 X41.572 Y151.528
G0 X40.914 Y151.271
G1 F1500 E59.68434
G1 F489.8 X40.564 Y151.456 E59.71438
G1 F464.5 X40.259 Y151.489 E59.73892
G1 F466 X39.869 Y151.462 E59.7701
G1 F483.2 X39.485 Y151.281 E59.80275
G1 F536.3 X39.218 Y151.051 E59.82717
G1 F583 X38.973 Y150.73 E59.85291
G1 F601.3 X38.823 Y150.384 E59.87623
G1 X38.77 Y150.017 E59.89915
G1 X38.814 Y149.65 E59.922
G1 X38.973 Y149.269 E59.94752
G1 X39.16 Y149.026 E59.96647
G1 F600 X39.467 Y148.772 E59.99115
G1 X39.815 Y148.624 E60.01458
G1 X40.211 Y148.57 E60.03933
G1 X40.557 Y148.616 E60.06095
G1 X40.931 Y148.774 E60.0861
G1 X41.204 Y148.988 E60.10759
G1 X41.422 Y149.263 E60.12933
G1 X41.576 Y149.614 E60.15307
G1 X41.63 Y149.983 E60.17617
G1 X41.585 Y150.353 E60.19926
G1 X41.43 Y150.728 E60.22439
G1 F581.8 X41.209 Y151.025 E60.24804
G1 F564.7 X40.966 Y151.219 E60.26851
G1 F545.5 X40.914 Y151.271 E60.27352
G1 F2100 E58.27352
G0 F6000 X41.572 Y151.528
G0 X41.988 Y151.05
G0 X42.208 Y150.52
G0 X42.245 Y150.216
G0 X41.365 Y71.975
G0 X40.934 Y71.425
G1 F1500 E60.27352
G1 F600 X40.585 Y71.576 E60.29707
G1 X40.217 Y71.63 E60.32011
G1 X39.847 Y71.585 E60.3432
G1 X39.467 Y71.428 E60.36867
G1 X39.186 Y71.2 E60.39108
G1 F601.3 X38.974 Y70.933 E60.41216
G1 X38.823 Y70.583 E60.43572
G1 X38.77 Y70.217 E60.45858
G1 X38.814 Y69.85 E60.48143
G1 X38.973 Y69.469 E60.50695
G1 X39.16 Y69.226 E60.5259
G1 X39.466 Y68.974 E60.55041
G1 X39.821 Y68.821 E60.5743
G1 X40.215 Y68.773 E60.59884
G1 F600 X40.525 Y68.811 E60.61818
G1 F601.3 X40.927 Y68.97 E60.64491
G1 X41.174 Y69.16 E60.66417
G1 F600 X41.425 Y69.463 E60.68854
G1 X41.577 Y69.815 E60.71229
G1 X41.63 Y70.183 E60.73532
G1 X41.585 Y70.554 E60.75847
G1 X41.426 Y70.931 E60.78382
G1 X41.23 Y71.186 E60.80374
G1 X41.062 Y71.322 E60.81713
G0 F540 X40.934 Y71.425
G1 F2100 E58.81713
G0 F6000 X41.365 Y71.975
G0 X176.938 Y150.638
;TYPE:SKIN
G1 F1500 E60.81713
G1 F600 X177.115 Y151.054 E60.84513
G1 X177.229 Y151.248 E60.85907
G1 X42.202 Y151.246 E69.22314
G1 X42.415 Y150.736 E69.25738
G1 X42.496 Y150.424 E69.27734
G1 X42.55 Y149.975 E69.30536
G1 X42.462 Y149.365 E69.34353
G1 X42.231 Y148.823 E69.38003
G1 X41.83 Y148.312 E69.42026
G1 X41.368 Y147.967 E69.45598
G1 X40.803 Y147.729 E69.49396
G1 X40.213 Y147.649 E69.53084
G1 X39.563 Y147.738 E69.57148
G1 X39.114 Y147.932 E69.60178
G1 X38.754 Y148.148 E69.62778
G1 X38.754 Y72.059 E74.34101
G1 X39.132 Y72.276 E74.36801
G1 X39.486 Y72.423 E74.39176
G1 X39.773 Y72.495 E74.41008
G1 X40.224 Y72.551 E74.43824
G1 X40.836 Y72.461 E74.47655
G1 X41.415 Y72.21 E74.51564
G1 X41.907 Y71.802 E74.55524
G1 X42.232 Y71.371 E74.58867
G1 X42.415 Y70.937 E74.61785
G1 X42.496 Y70.624 E74.63788
G1 X42.55 Y70.176 E74.66583
G1 X42.463 Y69.565 E74.70406
G1 X42.283 Y69.141 E74.73259
G1 X42.052 Y68.754 E74.76051
G1 X178.472 Y68.752 E83.21086
G1 X178.282 Y68.995 E83.22997
G1 X178.024 Y69.608 E83.27117
G1 X177.95 Y70.226 E83.30972
G1 X178.038 Y70.836 E83.3479
G1 X178.273 Y71.381 E83.38466
G1 X178.64 Y71.855 E83.4218
G1 X179.13 Y72.236 E83.46025
G1 X179.713 Y72.476 E83.4993
G1 X180.321 Y72.55 E83.53724
G1 X180.93 Y72.464 E83.57534
G1 X181.247 Y72.329 E83.59668
G1 X181.247 Y148.302 E88.30273
G1 X181.219 Y148.756 E88.3309
G1 X180.806 Y148.296 E88.3692
G1 X180.518 Y148.071 E88.39183
G1 X180.244 Y147.915 E88.41136
G1 X179.798 Y147.728 E88.44132
G1 X179.215 Y147.651 E88.47775
G1 X178.563 Y147.737 E88.51849
G1 X177.983 Y147.997 E88.55786
G1 X177.531 Y148.358 E88.59369
G1 X177.17 Y148.826 E88.6303
G1 X176.924 Y149.41 E88.66956
G1 X176.85 Y150.025 E88.70793
G1 X176.879 Y150.227 E88.72057
G0 F540 X176.938 Y150.638
G1 F2100 E86.72057
G0 F6000 X177.166 Y69.233
G1 F1500 E88.72057
G1 F600 X177.541 Y69.608 E88.75342
G1 X177.555 Y69.483 E88.76121
G1 X177.661 Y69.233 E88.77803
G1 X176.487 Y69.233 E88.85075
G1 X177.468 Y70.214 E88.93669
G1 X177.571 Y70.968 E88.98383
G1 X177.859 Y71.629 E89.02849
G1 X178.291 Y72.188 E89.07225
G1 X178.56 Y72.398 E89.09339
G0 F540 X178.887 Y72.654
G0 F6000 X179.469 Y72.894
G1 F600 X180.766 Y74.191 E89.20701
G1 X180.766 Y73.512 E89.24907
G1 X180.292 Y73.038 E89.29059
G1 X180.633 Y72.99 E89.31192
G0 F540 X180.766 Y72.972
G0 F6000 X177.593 Y71.018
G1 F600 X175.808 Y69.233 E89.46829
G1 X175.129 Y69.233 E89.51035
G1 X180.766 Y74.87 E90.00416
G1 X180.766 Y75.549 E90.04622
G1 X174.451 Y69.233 E90.59947
G1 X173.772 Y69.233 E90.64153
G1 X180.766 Y76.228 E91.25426
G1 X180.766 Y76.907 E91.29632
G1 X173.093 Y69.233 E91.96853
G1 X172.414 Y69.233 E92.01059
G1 X180.766 Y77.585 E92.74224
G1 X180.766 Y78.264 E92.7843
G1 X171.735 Y69.233 E93.57543
G1 X171.056 Y69.233 E93.61749
G1 X180.766 Y78.943 E94.4681
G1 X180.766 Y79.622 E94.51016
G1 X170.378 Y69.233 E95.42021
G1 X169.699 Y69.233 E95.46227
G1 X180.766 Y80.301 E96.4318
G1 X180.766 Y80.979 E96.4738
G1 X169.02 Y69.233 E97.50276
G1 X168.341 Y69.233 E97.54482
G1 X180.766 Y81.658 E98.63327
G1 X180.766 Y82.337 E98.67533
G1 X167.662 Y69.233 E99.82326
G1 X166.983 Y69.233 E99.86532
G1 X180.766 Y83.016 E101.07274
G1 X180.766 Y83.695 E101.1148
G1 X166.305 Y69.233 E102.38165
G1 X165.626 Y69.233 E102.42371
G1 X180.766 Y84.374 E103.75004
G1 X180.766 Y85.052 E103.79204
G1 X164.947 Y69.233 E105.17781
G1 X164.268 Y69.233 E105.21986
G1 X180.766 Y85.731 E106.66512
G1 X180.766 Y86.41 E106.70718
G1 X163.589 Y69.233 E108.21191
G1 X162.911 Y69.233 E108.25391
G1 X180.766 Y87.089 E109.81808
G1 X180.766 Y87.768 E109.86014
G1 X162.232 Y69.233 E111.48379
G1 X161.553 Y69.233 E111.52585
G1 X180.766 Y88.447 E113.20898
G1 X180.766 Y89.125 E113.25098
G1 X160.874 Y69.233 E114.99355
G1 X160.195 Y69.233 E115.03561
G1 X180.766 Y89.804 E116.83766
G1 X180.766 Y90.483 E116.87972
G1 X159.516 Y69.233 E118.74125
G1 X158.838 Y69.233 E118.78325
G1 X180.766 Y91.162 E120.70422
G1 X180.766 Y91.841 E120.74628
G1 X158.159 Y69.233 E122.72674
G1 X157.48 Y69.233 E122.7688
G1 X180.766 Y92.519 E124.80869
G1 X180.766 Y93.198 E124.85075
G1 X156.801 Y69.233 E126.95012
G1 X156.122 Y69.233 E126.99218
G1 X180.766 Y93.877 E129.15103
G1 X180.766 Y94.556 E129.19309
G1 X155.443 Y69.233 E131.41143
G1 X154.765 Y69.233 E131.45342
G1 X180.766 Y95.235 E133.7312
G1 X180.766 Y95.914 E133.77326
G1 X154.086 Y69.233 E136.11051
G1 X153.407 Y69.233 E136.15257
G1 X180.766 Y96.592 E138.54926
G1 X180.766 Y97.271 E138.59132
G1 X152.728 Y69.233 E141.04749
G1 X152.049 Y69.233 E141.08955
G1 X180.766 Y97.95 E143.60521
G1 X180.766 Y98.629 E143.64727
G1 X151.371 Y69.233 E146.22236
G1 X150.692 Y69.233 E146.26442
G1 X180.766 Y99.308 E148.899
G1 X180.766 Y99.987 E148.94106
G1 X150.013 Y69.233 E151.63511
G1 X149.334 Y69.233 E151.67717
G1 X180.766 Y100.665 E154.43066
G1 X180.766 Y101.344 E154.47272
G1 X148.655 Y69.233 E157.2857
G1 X147.976 Y69.233 E157.32776
G1 X180.766 Y102.023 E160.20021
G1 X180.766 Y102.702 E160.24227
G1 X147.298 Y69.233 E163.17417
G1 X146.619 Y69.233 E163.21623
G1 X180.766 Y103.381 E166.2076
G1 X180.766 Y104.059 E166.2496
G1 X145.94 Y69.233 E169.30041
G1 X145.261 Y69.233 E169.34247
G1 X180.766 Y104.738 E172.45277
G1 X180.766 Y105.417 E172.49483
G1 X144.582 Y69.233 E175.6646
G1 X143.904 Y69.233 E175.7066
G1 X180.766 Y106.096 E178.93581
G1 X180.766 Y106.775 E178.97787
G1 X143.225 Y69.233 E182.26657
G1 X142.546 Y69.233 E182.30863
G1 X180.766 Y107.454 E185.6568
G1 X180.766 Y108.132 E185.6988
G1 X141.867 Y69.233 E189.10642
G1 X141.188 Y69.233 E189.14848
G1 X180.766 Y108.811 E192.61557
G1 X180.766 Y109.49 E192.65763
G1 X140.509 Y69.233 E196.18421
G1 X139.831 Y69.233 E196.22621
G1 X180.766 Y110.169 E199.81222
G1 X180.766 Y110.848 E199.85428
G1 X139.152 Y69.233 E203.49978
G1 X138.473 Y69.233 E203.54184
G1 X180.766 Y111.527 E207.24681
G1 X180.766 Y112.205 E207.28881
G1 X137.794 Y69.233 E211.05323
G1 X137.115 Y69.233 E211.09529
G1 X180.766 Y112.884 E214.91918
G1 X180.766 Y113.563 E214.96124
G1 X136.436 Y69.233 E218.84462
G1 X135.758 Y69.233 E218.88662
G1 X180.766 Y114.242 E222.82944
G1 X180.766 Y114.921 E222.8715
G1 X135.079 Y69.233 E226.87379
G1 X134.4 Y69.233 E226.91585
G1 X180.766 Y115.599 E230.97759
G1 X180.766 Y116.278 E231.01965
G1 X133.721 Y69.233 E235.14086
G1 X133.042 Y69.233 E235.18292
G1 X180.766 Y116.957 E239.36362
G1 X180.766 Y117.636 E239.40568
G1 X132.364 Y69.233 E243.64582
G1 X131.685 Y69.233 E243.68788
G1 X180.766 Y118.315 E247.98749
G1 X180.766 Y118.994 E248.02955
G1 X131.006 Y69.233 E252.38865
G1 X130.327 Y69.233 E252.43071
G1 X180.766 Y119.672 E256.84925
G1 X180.766 Y120.351 E256.89131
G1 X129.648 Y69.233 E261.36933
G1 X128.969 Y69.233 E261.41139
G1 X180.766 Y121.03 E265.94889
G1 X180.766 Y121.709 E265.99095
G1 X128.291 Y69.233 E270.58788
G1 X127.612 Y69.233 E270.62994
G1 X180.766 Y122.388 E275.28636
G1 X180.766 Y123.066 E275.32836
G1 X126.933 Y69.233 E280.04421
G1 X126.254 Y69.233 E280.08627
G1 X180.766 Y123.745 E284.86161
G1 X180.766 Y124.424 E284.90367
G1 X125.575 Y69.233 E289.73849
G1 X124.896 Y69.233 E289.78055
G1 X180.766 Y125.103 E294.67485
G1 X180.766 Y125.782 E294.71691
G1 X124.218 Y69.233 E299.67065
G1 X123.539 Y69.233 E299.71271
G1 X180.766 Y126.461 E304.72593
G1 X180.766 Y127.139 E304.76793
G1 X122.86 Y69.233 E309.84058
G1 X122.181 Y69.233 E309.88264
G1 X180.766 Y127.818 E315.01478
G1 X180.766 Y128.497 E315.05684
G1 X121.502 Y69.233 E320.24846
G1 X120.824 Y69.233 E320.29046
G1 X180.766 Y129.176 E325.54152
G1 X180.766 Y129.855 E325.58358
G1 X120.145 Y69.233 E330.89412
G1 X119.466 Y69.233 E330.93618
G1 X180.766 Y130.534 E336.3062
G1 X180.766 Y131.212 E336.3482
G1 X118.787 Y69.233 E341.77766
G1 X118.108 Y69.233 E341.81972
G1 X180.766 Y131.891 E347.30866
G1 X180.766 Y132.57 E347.35072
G1 X117.429 Y69.233 E352.89914
G1 X116.751 Y69.233 E352.94113
G1 X180.766 Y133.249 E358.54899
G1 X180.766 Y133.928 E358.59105
G1 X116.072 Y69.233 E364.25839
G1 X115.393 Y69.233 E364.30045
G1 X180.766 Y134.606 E370.02723
G1 X180.766 Y135.285 E370.06929
G1 X114.714 Y69.233 E375.85555
G1 X114.035 Y69.233 E375.89761
G1 X180.766 Y135.964 E381.74335
G1 X180.766 Y136.643 E381.78541
G1 X113.356 Y69.233 E387.69064
G1 X112.678 Y69.233 E387.73263
G1 X180.766 Y137.322 E393.69729
G1 X180.766 Y138.001 E393.73935
G1 X111.999 Y69.233 E399.7635
G1 X111.32 Y69.233 E399.80556
G1 X180.766 Y138.679 E405.88914
G1 X180.766 Y139.358 E405.9312
G1 X110.641 Y69.233 E412.07426
G1 X109.962 Y69.232 E412.11632
G1 X180.766 Y140.037 E418.3189
G1 X180.766 Y140.716 E418.36096
G1 X109.283 Y69.232 E424.62303
G1 X108.604 Y69.232 E424.66509
G1 X180.766 Y141.395 E430.98664
G1 X180.766 Y142.074 E431.0287
G1 X107.925 Y69.232 E437.40973
G1 X107.246 Y69.232 E437.45179
G1 X180.766 Y142.752 E443.89226
G1 X180.766 Y143.431 E443.93432
G1 X106.568 Y69.232 E450.43423
G1 X105.889 Y69.232 E450.47629
G1 X180.766 Y144.11 E457.03567
G1 X180.766 Y144.789 E457.07773
G1 X105.21 Y69.232 E463.6966
G1 X104.531 Y69.232 E463.73866
G1 X180.766 Y145.468 E470.41701
G1 X180.766 Y146.146 E470.45901
G1 X103.852 Y69.232 E477.1968
G1 X103.173 Y69.232 E477.23886
G1 X180.766 Y146.825 E484.03613
G1 X180.766 Y147.504 E484.07819
G1 X102.495 Y69.232 E490.9349
G1 X101.816 Y69.232 E490.97696
G1 X179.83 Y147.247 E497.81115
G1 X179.215 Y147.166 E497.84957
G1 X179.087 Y147.182 E497.85756
G1 X101.137 Y69.232 E504.68611
G1 X100.458 Y69.232 E504.72817
G1 X178.475 Y147.25 E511.56262
G1 X178.007 Y147.46 E511.5944
G1 X99.779 Y69.232 E518.4473
G1 X99.101 Y69.232 E518.48929
G1 X177.576 Y147.708 E525.36387
G1 X177.199 Y148.01 E525.39379
G1 X98.422 Y69.232 E532.29483
G1 X97.743 Y69.232 E532.33689
G1 X176.901 Y148.39 E539.27125
G1 X176.754 Y148.58 E539.28613
G1 X176.652 Y148.82 E539.30229
G1 X97.064 Y69.232 E546.27432
G1 X96.385 Y69.232 E546.31638
G1 X176.453 Y149.3 E553.33047
G1 X176.38 Y149.906 E553.36827
G1 X95.706 Y69.232 E560.43545
G1 X95.028 Y69.232 E560.47744
G1 X176.454 Y150.659 E567.61053
G1 X176.469 Y150.767 E567.61729
G1 X175.883 Y150.767 E567.65359
G1 X94.349 Y69.232 E574.79614
G1 X93.67 Y69.232 E574.8382
G1 X175.204 Y150.767 E581.98075
G1 X174.525 Y150.767 E582.02281
G1 X92.991 Y69.232 E589.16536
G1 X92.312 Y69.232 E589.20742
G1 X173.847 Y150.767 E596.35002
G1 X173.168 Y150.767 E596.39208
G1 X91.633 Y69.232 E603.53467
G1 X90.955 Y69.232 E603.57667
G1 X172.489 Y150.767 E610.71922
G1 X171.81 Y150.767 E610.76128
G1 X90.276 Y69.232 E617.90383
G1 X89.597 Y69.232 E617.94589
G1 X171.131 Y150.767 E625.08844
G1 X170.453 Y150.767 E625.13044
G1 X88.918 Y69.232 E632.27304
G1 X88.239 Y69.232 E632.3151
G1 X169.774 Y150.767 E639.45769
G1 X169.095 Y150.767 E639.49975
G1 X87.561 Y69.232 E646.6423
G1 X86.882 Y69.232 E646.68436
G1 X168.416 Y150.767 E653.82691
G1 X167.737 Y150.767 E653.86897
G1 X86.203 Y69.232 E661.01152
G1 X85.524 Y69.232 E661.05358
G1 X167.058 Y150.767 E668.19614
G1 X166.38 Y150.767 E668.23813
G1 X84.845 Y69.232 E675.38073
G1 X84.166 Y69.232 E675.42279
G1 X165.701 Y150.767 E682.56538
G1 X165.022 Y150.767 E682.60744
G1 X83.488 Y69.232 E689.75
G1 X82.809 Y69.232 E689.79206
G1 X164.343 Y150.767 E696.93461
G1 X163.664 Y150.767 E696.97667
G1 X82.13 Y69.232 E704.11922
G1 X81.451 Y69.232 E704.16128
G1 X162.985 Y150.767 E711.30383
G1 X162.307 Y150.767 E711.34583
G1 X80.772 Y69.232 E718.48842
G1 X80.093 Y69.232 E718.53048
G1 X161.628 Y150.767 E725.67308
G1 X160.949 Y150.767 E725.71514
G1 X79.415 Y69.232 E732.85769
G1 X78.736 Y69.232 E732.89975
G1 X160.27 Y150.767 E740.0423
G1 X159.591 Y150.767 E740.08436
G1 X78.057 Y69.232 E747.22691
G1 X77.378 Y69.232 E747.26897
G1 X158.913 Y150.767 E754.41157
G1 X158.234 Y150.767 E754.45363
G1 X76.699 Y69.232 E761.59622
G1 X76.021 Y69.232 E761.63822
G1 X157.555 Y150.767 E768.78077
G1 X156.876 Y150.767 E768.82283
G1 X75.342 Y69.232 E775.96538
G1 X74.663 Y69.232 E776.00744
G1 X156.197 Y150.767 E783.14999
G1 X155.518 Y150.767 E783.19205
G1 X73.984 Y69.232 E790.3346
G1 X73.305 Y69.232 E790.37666
G1 X154.84 Y150.767 E797.51926
G1 X154.161 Y150.767 E797.56132
G1 X72.626 Y69.232 E804.70391
G1 X71.948 Y69.232 E804.74591
G1 X153.482 Y150.767 E811.88846
G1 X152.803 Y150.767 E811.93052
G1 X71.269 Y69.232 E819.07308
G1 X70.59 Y69.232 E819.11514
G1 X152.124 Y150.767 E826.25769
G1 X151.446 Y150.767 E826.29968
G1 X69.911 Y69.232 E833.44228
G1 X69.232 Y69.232 E833.48434
G1 X150.767 Y150.767 E840.62693
G1 X150.088 Y150.767 E840.66899
G1 X68.554 Y69.232 E847.81155
G1 X67.875 Y69.232 E847.85361
G1 X149.409 Y150.767 E854.99616
G1 X148.73 Y150.767 E855.03822
G1 X67.196 Y69.232 E862.18077
G1 X66.517 Y69.232 E862.22283
G1 X148.051 Y150.767 E869.36538
G1 X147.373 Y150.767 E869.40738
G1 X65.838 Y69.232 E876.54997
G1 X65.159 Y69.232 E876.59203
G1 X146.694 Y150.767 E883.73463
G1 X146.015 Y150.767 E883.77669
G1 X64.481 Y69.232 E890.91924
G1 X63.802 Y69.232 E890.9613
G1 X145.336 Y150.767 E898.10385
G1 X144.657 Y150.767 E898.14591
G1 X63.123 Y69.232 E905.28846
G1 X62.444 Y69.232 E905.33052
G1 X143.978 Y150.767 E912.47307
G1 X143.3 Y150.767 E912.51507
G1 X61.765 Y69.232 E919.65767
G1 X61.086 Y69.232 E919.69973
G1 X142.621 Y150.767 E926.84232
G1 X141.942 Y150.767 E926.88438
G1 X60.408 Y69.232 E934.02693
G1 X59.729 Y69.232 E934.06899
G1 X141.263 Y150.767 E941.21154
G1 X140.584 Y150.767 E941.2536
G1 X59.05 Y69.232 E948.39616
G1 X58.371 Y69.232 E948.43822
G1 X139.906 Y150.767 E955.58081
G1 X139.227 Y150.767 E955.62287
G1 X57.692 Y69.232 E962.76547
G1 X57.014 Y69.232 E962.80746
G1 X138.548 Y150.767 E969.95001
G1 X137.869 Y150.767 E969.99207
G1 X56.335 Y69.232 E977.13463
G1 X55.656 Y69.232 E977.17669
G1 X137.19 Y150.767 E984.31924
G1 X136.511 Y150.767 E984.3613
G1 X54.977 Y69.232 E991.50385
G1 X54.298 Y69.232 E991.54591
G1 X135.833 Y150.767 E998.6885
G1 X135.154 Y150.767 E998.73056
G1 X53.619 Y69.232 E1005.87316
G1 X52.941 Y69.232 E1005.91516
G1 X134.475 Y150.767 E1013.05771
G1 X133.796 Y150.767 E1013.09977
G1 X52.262 Y69.232 E1020.24232
G1 X51.583 Y69.232 E1020.28438
G1 X133.117 Y150.767 E1027.42693
G1 X132.438 Y150.767 E1027.46899
G1 X50.904 Y69.232 E1034.61154
G1 X50.225 Y69.232 E1034.6536
G1 X131.759 Y150.766 E1041.79611
G1 X131.08 Y150.766 E1041.83817
G1 X49.546 Y69.232 E1048.98068
G1 X48.868 Y69.232 E1049.02267
G1 X130.401 Y150.766 E1056.16514
G1 X129.722 Y150.766 E1056.2072
G1 X48.189 Y69.232 E1063.34966
G1 X47.51 Y69.232 E1063.39172
G1 X129.044 Y150.766 E1070.53423
G1 X128.365 Y150.766 E1070.57629
G1 X46.831 Y69.232 E1077.7188
G1 X46.152 Y69.232 E1077.76086
G1 X127.686 Y150.766 E1084.90336
G1 X127.007 Y150.766 E1084.94542
G1 X45.474 Y69.232 E1092.08789
G1 X44.795 Y69.232 E1092.12995
G1 X126.328 Y150.766 E1099.27241
G1 X125.65 Y150.766 E1099.31441
G1 X44.116 Y69.232 E1106.45692
G1 X43.437 Y69.232 E1106.49898
G1 X124.971 Y150.766 E1113.64148
G1 X124.292 Y150.766 E1113.68354
G1 X42.925 Y69.399 E1120.81142
G1 X43.031 Y70.184 E1120.86049
G1 X123.613 Y150.766 E1127.9196
G1 X122.934 Y150.766 E1127.96166
G1 X42.951 Y70.783 E1134.9683
G1 X42.864 Y71.107 E1134.98908
G1 X42.783 Y71.294 E1135.0017
G1 X122.255 Y150.766 E1141.96358
G1 X121.577 Y150.766 E1142.00557
G1 X42.551 Y71.74 E1148.92838
G1 X42.26 Y72.128 E1148.95842
G1 X120.898 Y150.766 E1155.84723
G1 X120.219 Y150.766 E1155.88929
G1 X41.889 Y72.436 E1162.75112
G1 X41.671 Y72.617 E1162.76868
G1 X41.478 Y72.704 E1162.78179
G1 X119.54 Y150.766 E1169.62014
G1 X118.861 Y150.766 E1169.6622
G1 X41.016 Y72.92 E1176.48159
G1 X40.423 Y73.007 E1176.51872
G1 X118.182 Y150.766 E1183.33053
G1 X117.504 Y150.766 E1183.37253
G1 X39.708 Y72.97 E1190.18758
G1 X39.233 Y72.846 E1190.21799
G1 X39.233 Y73.174 E1190.23831
G1 X116.825 Y150.766 E1197.03549
G1 X116.146 Y150.766 E1197.07755
G1 X39.233 Y73.853 E1203.81525
G1 X39.233 Y74.532 E1203.85731
G1 X115.467 Y150.766 E1210.53553
G1 X114.788 Y150.766 E1210.57759
G1 X39.233 Y75.211 E1217.19633
G1 X39.233 Y75.89 E1217.23839
G1 X114.11 Y150.766 E1223.79769
G1 X113.431 Y150.766 E1223.83975
G1 X39.233 Y76.569 E1230.33957
G1 X39.233 Y77.247 E1230.38156
G1 X112.752 Y150.766 E1236.82195
G1 X112.073 Y150.766 E1236.86401
G1 X39.233 Y77.926 E1243.2449
G1 X39.233 Y78.605 E1243.28696
G1 X111.394 Y150.766 E1249.60838
G1 X110.715 Y150.766 E1249.65044
G1 X39.233 Y79.284 E1255.91238
G1 X39.233 Y79.963 E1255.95444
G1 X110.037 Y150.766 E1262.15694
G1 X109.358 Y150.766 E1262.199
G1 X39.233 Y80.641 E1268.34206
G1 X39.233 Y81.32 E1268.38412
G1 X108.679 Y150.766 E1274.4677
G1 X108 Y150.766 E1274.50976
G1 X39.233 Y81.999 E1280.53386
G1 X39.233 Y82.678 E1280.57592
G1 X107.321 Y150.766 E1286.54053
G1 X106.643 Y150.766 E1286.58253
G1 X39.233 Y83.357 E1292.48771
G1 X39.233 Y84.036 E1292.52977
G1 X105.964 Y150.766 E1298.37547
G1 X105.285 Y150.766 E1298.41753
G1 X39.233 Y84.714 E1304.20379
G1 X39.233 Y85.393 E1304.24585
G1 X104.606 Y150.766 E1309.97263
G1 X103.927 Y150.766 E1310.01468
G1 X39.233 Y86.072 E1315.68198
G1 X39.233 Y86.751 E1315.72404
G1 X103.248 Y150.766 E1321.33186
G1 X102.57 Y150.766 E1321.37385
G1 X39.233 Y87.43 E1326.92223
G1 X39.233 Y88.109 E1326.96429
G1 X101.891 Y150.766 E1332.45319
G1 X101.212 Y150.766 E1332.49525
G1 X39.233 Y88.787 E1337.92471
G1 X39.233 Y89.466 E1337.96677
G1 X100.533 Y150.766 E1343.33674
G1 X99.854 Y150.766 E1343.3788
G1 X39.233 Y90.145 E1348.6893
G1 X39.233 Y90.824 E1348.73136
G1 X99.175 Y150.766 E1353.98237
G1 X98.497 Y150.766 E1354.02437
G1 X39.233 Y91.503 E1359.21595
G1 X39.233 Y92.181 E1359.25795
G1 X97.818 Y150.766 E1364.39008
G1 X97.139 Y150.766 E1364.43214
G1 X39.233 Y92.86 E1369.5048
G1 X39.233 Y93.539 E1369.54686
G1 X96.46 Y150.766 E1374.56004
G1 X95.781 Y150.766 E1374.6021
G1 X39.233 Y94.218 E1379.55579
G1 X39.233 Y94.897 E1379.59785
G1 X95.103 Y150.766 E1384.49211
G1 X94.424 Y150.766 E1384.53417
G1 X39.233 Y95.576 E1389.36894
G1 X39.233 Y96.254 E1389.41094
G1 X93.745 Y150.766 E1394.18628
G1 X93.066 Y150.766 E1394.22834
G1 X39.233 Y96.933 E1398.9442
G1 X39.233 Y97.612 E1398.98625
G1 X92.387 Y150.766 E1403.64263
G1 X91.708 Y150.766 E1403.68469
G1 X39.233 Y98.291 E1408.28158
G1 X39.233 Y98.97 E1408.32364
G1 X91.03 Y150.766 E1412.8611
G1 X90.351 Y150.766 E1412.90316
G1 X39.233 Y99.649 E1417.38113
G1 X39.233 Y100.327 E1417.42313
G1 X89.672 Y150.766 E1421.84167
G1 X88.993 Y150.766 E1421.88373
G1 X39.233 Y101.006 E1426.24278
G1 X39.233 Y101.685 E1426.28484
G1 X88.314 Y150.766 E1430.58441
G1 X87.635 Y150.766 E1430.62647
G1 X39.233 Y102.364 E1434.86657
G1 X39.233 Y103.043 E1434.90863
G1 X86.956 Y150.765 E1439.08919
G1 X86.277 Y150.765 E1439.13125
G1 X39.233 Y103.721 E1443.25238
G1 X39.233 Y104.4 E1443.29444
G1 X85.598 Y150.765 E1447.35609
G1 X84.919 Y150.765 E1447.39815
G1 X39.233 Y105.079 E1451.40031
G1 X39.233 Y105.758 E1451.44237
G1 X84.241 Y150.765 E1455.3851
G1 X83.562 Y150.765 E1455.42716
G1 X39.233 Y106.437 E1459.31041
G1 X39.233 Y107.116 E1459.35247
G1 X82.883 Y150.765 E1463.17623
G1 X82.204 Y150.765 E1463.21829
G1 X39.233 Y107.794 E1466.98262
G1 X39.233 Y108.473 E1467.02468
G1 X81.525 Y150.765 E1470.72953
G1 X80.847 Y150.765 E1470.77153
G1 X39.233 Y109.152 E1474.41693
G1 X39.233 Y109.831 E1474.45899
G1 X80.168 Y150.765 E1478.04492
G1 X79.489 Y150.765 E1478.08698
G1 X39.233 Y110.51 E1481.61343
G1 X39.233 Y111.189 E1481.65549
G1 X78.81 Y150.765 E1485.12245
G1 X78.131 Y150.765 E1485.16451
G1 X39.233 Y111.867 E1488.57204
G1 X39.233 Y112.546 E1488.6141
G1 X77.452 Y150.765 E1491.96214
G1 X76.774 Y150.765 E1492.00414
G1 X39.233 Y113.225 E1495.29275
G1 X39.233 Y113.904 E1495.33481
G1 X76.095 Y150.765 E1498.56393
G1 X75.416 Y150.765 E1498.60599
G1 X39.233 Y114.583 E1501.77564
G1 X39.233 Y115.261 E1501.81763
G1 X74.737 Y150.765 E1504.92784
G1 X74.058 Y150.765 E1504.9699
G1 X39.233 Y115.94 E1508.02063
G1 X39.233 Y116.619 E1508.06269
G1 X73.38 Y150.765 E1511.05397
G1 X72.701 Y150.765 E1511.09603
G1 X39.233 Y117.298 E1514.02784
G1 X39.233 Y117.977 E1514.0699
G1 X72.022 Y150.765 E1516.94222
G1 X71.343 Y150.765 E1516.98428
G1 X39.233 Y118.656 E1519.79713
G1 X39.233 Y119.334 E1519.83912
G1 X70.664 Y150.765 E1522.59253
G1 X69.985 Y150.765 E1522.63459
G1 X39.233 Y120.013 E1525.32851
G1 X39.233 Y120.692 E1525.37057
G1 X69.307 Y150.765 E1528.00506
G1 X68.628 Y150.765 E1528.04712
G1 X39.233 Y121.371 E1530.62212
G1 X39.233 Y122.05 E1530.66418
G1 X67.949 Y150.765 E1533.17971
G1 X67.27 Y150.765 E1533.22177
G1 X39.233 Y122.728 E1535.67785
G1 X39.233 Y123.407 E1535.71991
G1 X66.591 Y150.765 E1538.11652
G1 X65.912 Y150.765 E1538.15858
G1 X39.233 Y124.086 E1540.4957
G1 X39.233 Y124.765 E1540.53776
G1 X65.234 Y150.765 E1542.81544
G1 X64.555 Y150.765 E1542.8575
G1 X39.233 Y125.444 E1545.07571
G1 X39.233 Y126.123 E1545.11777
G1 X63.876 Y150.765 E1547.27649
G1 X63.197 Y150.765 E1547.31855
G1 X39.233 Y126.801 E1549.41783
G1 X39.233 Y127.48 E1549.45989
G1 X62.518 Y150.765 E1551.4997
G1 X61.84 Y150.765 E1551.54169
G1 X39.233 Y128.159 E1553.52206
G1 X39.233 Y128.838 E1553.56412
G1 X61.161 Y150.765 E1555.485
G1 X60.482 Y150.765 E1555.52706
G1 X39.233 Y129.517 E1557.38846
G1 X39.233 Y130.196 E1557.43052
G1 X59.803 Y150.765 E1559.23244
G1 X59.124 Y150.765 E1559.2745
G1 X39.233 Y130.874 E1561.01699
G1 X39.233 Y131.553 E1561.05905
G1 X58.445 Y150.765 E1562.74205
G1 X57.767 Y150.765 E1562.78405
G1 X39.233 Y132.232 E1564.40761
G1 X39.233 Y132.911 E1564.44967
G1 X57.088 Y150.765 E1566.01375
G1 X56.409 Y150.765 E1566.05581
G1 X39.233 Y133.59 E1567.56041
G1 X39.233 Y134.268 E1567.60241
G1 X55.73 Y150.765 E1569.04757
G1 X55.051 Y150.765 E1569.08963
G1 X39.233 Y134.947 E1570.47532
G1 X39.233 Y135.626 E1570.51738
G1 X54.372 Y150.765 E1571.84358
G1 X53.694 Y150.765 E1571.88557
G1 X39.233 Y136.305 E1573.15234
G1 X39.233 Y136.984 E1573.1944
G1 X53.015 Y150.765 E1574.40168
G1 X52.336 Y150.765 E1574.44374
G1 X39.233 Y137.663 E1575.59154
G1 X39.233 Y138.341 E1575.63354
G1 X51.657 Y150.765 E1576.7219
G1 X50.978 Y150.765 E1576.76396
G1 X39.233 Y139.02 E1577.79284
G1 X39.233 Y139.699 E1577.8349
G1 X50.3 Y150.765 E1578.80434
G1 X49.621 Y150.765 E1578.8464
G1 X39.233 Y140.378 E1579.75636
G1 X39.233 Y141.057 E1579.79842
G1 X48.942 Y150.765 E1580.6489
G1 X48.263 Y150.765 E1580.69096
G1 X39.233 Y141.736 E1581.48196
G1 X39.233 Y142.414 E1581.52396
G1 X47.584 Y150.765 E1582.25552
G1 X46.905 Y150.765 E1582.29758
G1 X39.233 Y143.093 E1582.96966
G1 X39.233 Y143.772 E1583.01172
G1 X46.227 Y150.765 E1583.62436
G1 X45.548 Y150.765 E1583.66642
G1 X39.233 Y144.451 E1584.21958
G1 X39.233 Y145.13 E1584.26164
G1 X41.778 Y147.675 E1584.48459
G1 X41.608 Y147.549 E1584.49769
G1 X40.93 Y147.26 E1584.54335
G1 X40.647 Y147.222 E1584.56103
G1 X39.233 Y145.808 E1584.6849
G1 X39.233 Y146.487 E1584.72696
G1 X39.946 Y147.2 E1584.78942
G1 X39.598 Y147.248 E1584.81118
G0 F540 X39.349 Y147.282
G0 X39.233 Y147.166
G0 F6000 X42.173 Y147.968
G1 F600 X42.516 Y148.413 E1584.84599
G1 X44.869 Y150.765 E1585.05207
G1 X44.19 Y150.765 E1585.09413
G1 X42.974 Y149.549 E1585.20065
G1 X43.033 Y149.965 E1585.22668
G1 X42.999 Y150.253 E1585.24464
G1 X43.511 Y150.765 E1585.28949
G1 X43.042 Y150.765 E1585.31855
G0 F540 X42.905 Y150.765
G0 X42.972 Y150.494
G1 F2100 E1583.31855
;MESH:NONMESH
G0 F300 X42.972 Y150.494 Z0.64
G0 F6000 X38.53 Y70.215
G0 X38.571 Y69.865
G0 X39.086 Y68.452
G0 X39.785 Y68.332
;TIME_ELAPSED:2580.126344
;LAYER:1
;TYPE:WALL-INNER
;MESH:Reloj carcasa piso.stl
G1 F1500 E1585.31855
G1 F903.8 X40.215 Y68.306 E1585.34512
G1 F909.5 X40.589 Y68.328 E1585.36808
G0 F8250 X41.314 Y68.456
G0 X39.782 Y68.582
G0 X38.49 Y69.084
G0 X38.539 Y69.203
G1 F807.5 X38.824 Y68.83 E1585.40049
G1 F804.5 X39.201 Y68.539 E1585.4335
G1 F834 X39.709 Y68.334 E1585.47012
G1 F812 X38.356 Y68.356 E1585.56302
G1 F816.6 X38.329 Y69.742 E1585.65765
G1 F843.8 X38.539 Y69.203 E1585.69587
G0 F8250 X38.328 Y69.82
G1 F911.4 X38.306 Y70.215 E1585.72007
G1 F901.9 X38.332 Y70.624 E1585.74541
G1 F2100 E1583.74541
G0 F8250 X38.452 Y71.314
G0 X38.456 Y148.886
G0 X38.328 Y149.62
G1 F1500 E1585.74541
G1 F911.4 X38.306 Y150.015 E1585.76961
G1 F901.9 X38.332 Y150.424 E1585.79494
G0 F8250 X38.452 Y151.114
G0 X38.797 Y151.51
G0 X38.9 Y151.46
G1 F843.8 X38.773 Y151.267 E1585.81021
G1 F864 X38.551 Y150.991 E1585.83306
G1 F862.3 X38.332 Y150.486 E1585.86865
G1 F864 X38.329 Y151.671 E1585.94511
G1 X38.628 Y151.667 E1585.9644
G1 F842.1 X38.843 Y151.628 E1585.97887
G1 F822.9 X39.12 Y151.629 E1585.99764
G1 X38.915 Y151.472 E1586.01513
G0 F810 X38.9 Y151.46
G1 F2100 E1584.01513
G0 F8250 X38.797 Y151.51
G0 X39.945 Y151.639
G0 X177.797 Y151.51
G0 X177.904 Y151.455
G1 F1500 E1586.01513
G1 F871 X177.807 Y151.303 E1586.02667
G1 F896.3 X177.552 Y150.972 E1586.05266
G1 F900 X177.358 Y150.517 E1586.0833
G1 X177.287 Y150.027 E1586.11397
G1 X177.346 Y149.52 E1586.14559
G1 X177.565 Y149.017 E1586.17957
G1 X177.825 Y148.68 E1586.20594
G1 X178.227 Y148.351 E1586.23812
G1 X178.682 Y148.164 E1586.26859
G1 X179.21 Y148.086 E1586.30165
G1 X179.683 Y148.148 E1586.3312
G1 X180.175 Y148.352 E1586.36419
G1 F892.6 X180.527 Y148.627 E1586.39209
G1 F871 X180.86 Y149.019 E1586.42501
G1 F832.4 X181.085 Y149.501 E1586.46064
G1 F813.6 X181.131 Y149.985 E1586.49396
G1 F751.3 X181.09 Y150.505 E1586.53266
G1 F654.5 X180.926 Y151.041 E1586.5804
G1 F623.4 X180.537 Y151.55 E1586.6377
G1 X180.821 Y151.57 E1586.66316
G1 F620.7 X181.572 Y151.572 E1586.73061
G1 F619.8 X181.572 Y151.223 E1586.762
G1 F692.3 X181.644 Y150.471 E1586.82283
G1 F801.5 X181.657 Y149.985 E1586.85665
G1 F800 X181.643 Y149.533 E1586.88817
G1 F835.6 X181.68 Y148.317 E1586.96933
G1 F900 X181.681 Y71.628 E1591.71973
G1 F901.9 X181.681 Y71.523 E1591.72622
G1 X181.28 Y71.844 E1591.75797
G1 F900 X180.817 Y72.042 E1591.78917
G1 X180.326 Y72.114 E1591.81991
G1 X179.82 Y72.053 E1591.85148
G1 X179.347 Y71.857 E1591.88319
G1 X178.984 Y71.579 E1591.91151
G1 X178.667 Y71.187 E1591.94274
G1 X178.458 Y70.723 E1591.97426
G1 X178.386 Y70.221 E1592.00568
G1 X178.446 Y69.723 E1592.03675
G1 X178.654 Y69.222 E1592.07035
G1 F896.3 X178.93 Y68.869 E1592.09822
G1 F887.1 X179.312 Y68.555 E1592.1293
G1 F876.3 X179.817 Y68.331 E1592.16445
G1 F885.2 X178.582 Y68.32 E1592.24223
G1 F900 X41.867 Y68.32 E1600.71086
G1 F890.7 X40.652 Y68.328 E1600.7869
G1 F887.1 X41.173 Y68.549 E1600.82247
G1 F894.4 X41.536 Y68.833 E1600.8512
G1 F898.1 X41.842 Y69.217 E1600.88168
G1 F900 X42.042 Y69.683 E1600.91309
G1 X42.114 Y70.18 E1600.9442
G1 X42.052 Y70.681 E1600.97547
G1 X41.857 Y71.152 E1601.00704
G1 X41.561 Y71.541 E1601.03732
G1 X41.187 Y71.833 E1601.06671
G1 X40.723 Y72.042 E1601.09824
G1 X40.221 Y72.114 E1601.12965
G1 X39.724 Y72.054 E1601.16066
G1 X39.227 Y71.849 E1601.19396
G1 F896.3 X38.869 Y71.571 E1601.22216
G1 F885.2 X38.556 Y71.188 E1601.25331
G1 F872.7 X38.331 Y70.686 E1601.28845
G1 F883.4 X38.321 Y71.671 E1601.35061
G1 F898.1 X38.322 Y91.141 E1602.55917
G1 F894.4 X38.324 Y110.611 E1603.77275
G1 F888.9 X38.325 Y130.081 E1604.99387
G1 F885.2 X38.327 Y149.551 E1606.22001
G1 X38.553 Y149.022 E1606.25624
G1 F892.6 X38.833 Y148.664 E1606.28462
G1 F900 X39.221 Y148.355 E1606.31535
G1 X39.686 Y148.156 E1606.34668
G1 X40.211 Y148.086 E1606.37949
G1 X40.683 Y148.148 E1606.40898
G1 X41.153 Y148.343 E1606.4405
G1 X41.53 Y148.635 E1606.47003
G1 X41.849 Y149.033 E1606.50163
G1 X42.043 Y149.483 E1606.53198
G1 X42.113 Y149.973 E1606.56264
G1 X42.055 Y150.475 E1606.59395
G1 X41.85 Y150.97 E1606.62714
G1 F898.1 X41.622 Y151.27 E1606.65052
G1 F871 X41.528 Y151.424 E1606.66207
G1 F847.1 X41.258 Y151.634 E1606.68459
G1 X41.601 Y151.634 E1606.70716
G1 F871 X41.821 Y151.676 E1606.7215
G1 F896.3 X177.628 Y151.675 E1615.16893
G1 F871 X177.843 Y151.634 E1615.18294
G1 F848.7 X178.142 Y151.635 E1615.20258
G1 X177.921 Y151.468 E1615.22078
G0 F810 X177.904 Y151.455
G1 F2100 E1613.22078
G0 F8250 X177.797 Y151.51
G0 X177.09 Y150.017
G0 X181.918 Y70.618
G0 X181.97 Y70.185
G0 X181.414 Y68.456
G0 X181.237 Y68.56
G1 F1500 E1615.22078
G1 F990.8 X181.703 Y68.919 E1615.25388
G1 F966.4 X181.71 Y68.28 E1615.29074
G1 F935.1 X180.74 Y68.326 E1615.34864
G1 F957.9 X181.237 Y68.56 E1615.38061
G0 F8250 X180.689 Y68.328
G1 F909.5 X180.315 Y68.306 E1615.40357
G1 F903.8 X179.885 Y68.332 E1615.43015
G1 F2100 E1613.43015
G0 F8250 X179.186 Y68.452
G0 X178.822 Y68.747
G0 X178.512 Y69.15
G0 X178.292 Y69.68
G0 X178.226 Y70.218
G0 X178.294 Y70.725
G0 X178.514 Y71.254
G0 X178.847 Y71.678
G0 X179.074 Y71.853
G0 X179.861 Y72.279
G0 X179.946 Y71.585
;TYPE:WALL-OUTER
G1 F1500 E1615.43015
G1 F900 X179.569 Y71.426 E1615.45549
G1 X179.31 Y71.227 E1615.47572
G1 X179.075 Y70.934 E1615.49899
G1 X178.924 Y70.585 E1615.52254
G1 X178.87 Y70.217 E1615.54558
G1 X178.915 Y69.845 E1615.56879
G1 X179.073 Y69.465 E1615.59429
G1 X179.3 Y69.186 E1615.61657
G1 F901.9 X179.567 Y68.974 E1615.63764
G1 X179.921 Y68.821 E1615.66148
G1 X180.315 Y68.773 E1615.68601
G1 F900 X180.625 Y68.811 E1615.70536
G1 X181.029 Y68.97 E1615.73225
G1 X181.274 Y69.16 E1615.75146
G1 X181.526 Y69.465 E1615.77597
G1 X181.681 Y69.846 E1615.80145
G1 F923.1 X181.716 Y70.185 E1615.82203
G1 F925.1 X181.686 Y70.534 E1615.84314
G1 F903.8 X181.529 Y70.929 E1615.86936
G1 X181.299 Y71.213 E1615.8919
G1 F901.9 X181.032 Y71.428 E1615.91309
G1 X180.685 Y71.577 E1615.93644
G1 F900 X180.317 Y71.63 E1615.95947
G1 X179.972 Y71.588 E1615.98099
G0 F810 X179.946 Y71.585
G1 F2100 E1613.98099
G0 F8250 X179.861 Y72.279
G0 X177.126 Y150.018
G0 X177.194 Y150.525
G0 X177.372 Y150.953
G0 X177.824 Y151.529
G0 X178.869 Y151.462
G1 F1500 E1615.98099
G1 F739.7 X178.489 Y151.27 E1616.01308
G1 F822.9 X178.218 Y151.051 E1616.03669
G1 F862.3 X177.971 Y150.729 E1616.06293
G1 F881.6 X177.823 Y150.385 E1616.08661
G1 F890.7 X177.77 Y150.017 E1616.10988
G1 F896.3 X177.815 Y149.645 E1616.13318
G1 F900 X177.976 Y149.265 E1616.15875
G1 X178.188 Y148.996 E1616.17996
G1 X178.457 Y148.781 E1616.20129
G1 X178.814 Y148.626 E1616.2254
G1 X179.214 Y148.571 E1616.25041
G1 X179.556 Y148.616 E1616.27178
G1 X179.933 Y148.772 E1616.29705
G1 X180.214 Y149 E1616.31947
G1 F901.9 X180.426 Y149.264 E1616.3404
G1 X180.581 Y149.646 E1616.36588
G1 F900 X180.628 Y149.985 E1616.38708
G1 X180.587 Y150.335 E1616.40891
G1 X180.425 Y150.733 E1616.43553
G1 F872.7 X180.209 Y151.025 E1616.45873
G1 F798.5 X179.919 Y151.283 E1616.48583
G1 F718.8 X179.564 Y151.456 E1616.51646
G1 F696.8 X179.259 Y151.489 E1616.541
G1 F699 X178.869 Y151.462 E1616.57218
G0 F8250 X177.824 Y151.529
G0 X177.843 Y152.145
G1 F848.7 X178.12 Y152.146 E1616.59038
G1 F760.6 X178.832 Y152.087 E1616.64274
G1 F700.2 X179.215 Y152.097 E1616.67325
G1 F697.9 X179.609 Y152.084 E1616.70474
G1 F777 X180.821 Y152.158 E1616.79187
G1 F898.1 X182.16 Y152.16 E1616.87498
G1 F900 X182.16 Y71.938 E1621.84423
G1 F901.9 X182.161 Y70.575 E1621.92848
G1 F925.1 X182.172 Y70.185 E1621.95199
G1 F923.1 X182.16 Y69.812 E1621.97453
G1 F900 X182.16 Y67.84 E1622.09669
G1 X37.84 Y67.84 E1631.0364
G1 X37.84 Y152.16 E1636.25949
G1 F898.1 X38.628 Y152.159 E1636.3084
G1 F778.4 X39.832 Y152.087 E1636.39479
G1 F700.2 X40.215 Y152.097 E1636.42529
G1 F697.9 X40.609 Y152.084 E1636.45678
G1 F757.9 X41.29 Y152.145 E1636.50708
G1 F847.1 X41.601 Y152.145 E1636.52755
G1 F871 X41.821 Y152.158 E1636.54165
G1 F896.3 X177.628 Y152.159 E1644.98909
G1 F871 X177.843 Y152.145 E1645.00288
G1 F2100 E1643.00288
G0 F8250 X177.792 Y151.525
G0 X41.572 Y151.528
G0 X40.914 Y151.271
G1 F1500 E1645.00288
G1 F734.7 X40.564 Y151.456 E1645.03292
G1 F696.8 X40.259 Y151.489 E1645.05747
G1 F699 X39.869 Y151.462 E1645.08864
G1 F724.8 X39.485 Y151.281 E1645.1213
G1 F804.5 X39.218 Y151.051 E1645.14572
G1 F874.5 X38.973 Y150.73 E1645.17146
G1 F901.9 X38.823 Y150.384 E1645.19477
G1 X38.77 Y150.017 E1645.21769
G1 X38.814 Y149.65 E1645.24054
G1 X38.973 Y149.269 E1645.26606
G1 X39.16 Y149.026 E1645.28501
G1 F900 X39.467 Y148.772 E1645.3097
G1 X39.815 Y148.624 E1645.33312
G1 X40.211 Y148.57 E1645.35788
G1 X40.557 Y148.616 E1645.3795
G1 X40.931 Y148.774 E1645.40465
G1 X41.194 Y148.978 E1645.42527
G1 X41.422 Y149.263 E1645.44787
G1 X41.576 Y149.614 E1645.47162
G1 X41.63 Y149.983 E1645.49472
G1 X41.585 Y150.353 E1645.51781
G1 X41.43 Y150.728 E1645.54294
G1 F872.7 X41.209 Y151.025 E1645.56659
G1 F847.1 X40.966 Y151.219 E1645.58705
G1 F818.2 X40.914 Y151.271 E1645.59206
G1 F2100 E1643.59206
G0 F8250 X41.572 Y151.528
G0 X41.988 Y151.05
G0 X42.208 Y150.52
G0 X42.245 Y150.216
G0 X41.365 Y71.975
G0 X40.934 Y71.425
G1 F1500 E1645.59206
G1 F900 X40.585 Y71.576 E1645.61562
G1 X40.217 Y71.63 E1645.63866
G1 X39.847 Y71.585 E1645.66175
G1 X39.467 Y71.428 E1645.68722
G1 X39.186 Y71.2 E1645.70963
G1 F901.9 X38.974 Y70.933 E1645.73071
G1 X38.823 Y70.583 E1645.75427
G1 X38.77 Y70.217 E1645.77713
G1 X38.814 Y69.85 E1645.79998
G1 X38.973 Y69.469 E1645.8255
G1 X39.16 Y69.226 E1645.84445
G1 X39.466 Y68.974 E1645.86895
G1 X39.821 Y68.821 E1645.89285
G1 X40.215 Y68.773 E1645.91738
G1 F900 X40.525 Y68.811 E1645.93673
G1 F901.9 X40.927 Y68.97 E1645.96345
G1 X41.174 Y69.16 E1645.98272
G1 F900 X41.425 Y69.463 E1646.00709
G1 X41.577 Y69.815 E1646.03084
G1 X41.63 Y70.183 E1646.05387
G1 X41.585 Y70.554 E1646.07702
G1 X41.426 Y70.931 E1646.10236
G1 X41.23 Y71.186 E1646.12229
G1 X41.062 Y71.322 E1646.13568
G0 F810 X40.934 Y71.425
G1 F2100 E1644.13568
G0 F8250 X41.365 Y71.975
G0 X176.938 Y150.638
;TYPE:SKIN
G1 F1500 E1646.13568
G1 F1350 X177.115 Y151.054 E1646.16368
G1 X177.229 Y151.248 E1646.17762
G1 X42.202 Y151.246 E1654.54169
G1 X42.415 Y150.736 E1654.57592
G1 X42.496 Y150.424 E1654.59589
G1 X42.55 Y149.975 E1654.6239
G1 X42.462 Y149.365 E1654.66208
G1 X42.231 Y148.823 E1654.69857
G1 X41.83 Y148.312 E1654.73881
G1 X41.368 Y147.967 E1654.77453
G1 X40.803 Y147.729 E1654.8125
G1 X40.213 Y147.649 E1654.84938
G1 X39.563 Y147.738 E1654.89002
G1 X39.114 Y147.932 E1654.92032
G1 X38.754 Y148.148 E1654.94633
G1 X38.754 Y72.059 E1659.65956
G1 X39.132 Y72.276 E1659.68656
G1 X39.486 Y72.423 E1659.7103
G1 X39.773 Y72.495 E1659.72863
G1 X40.224 Y72.551 E1659.75678
G1 X40.836 Y72.461 E1659.7951
G1 X41.415 Y72.21 E1659.83419
G1 X41.907 Y71.802 E1659.87378
G1 X42.232 Y71.371 E1659.90722
G1 X42.415 Y70.937 E1659.93639
G1 X42.496 Y70.624 E1659.95642
G1 X42.55 Y70.176 E1659.98437
G1 X42.463 Y69.565 E1660.0226
G1 X42.283 Y69.141 E1660.05114
G1 X42.052 Y68.754 E1660.07905
G1 X178.472 Y68.752 E1668.52941
G1 X178.282 Y68.995 E1668.54852
G1 X178.024 Y69.608 E1668.58971
G1 X177.95 Y70.226 E1668.62827
G1 X178.038 Y70.836 E1668.66645
G1 X178.273 Y71.381 E1668.70321
G1 X178.64 Y71.855 E1668.74034
G1 X179.13 Y72.236 E1668.77879
G1 X179.713 Y72.476 E1668.81785
G1 X180.321 Y72.55 E1668.85578
G1 X180.93 Y72.464 E1668.89388
G1 X181.247 Y72.329 E1668.91523
G1 X181.247 Y148.302 E1673.62127
G1 X181.219 Y148.756 E1673.64945
G1 X180.806 Y148.296 E1673.68774
G1 X180.518 Y148.071 E1673.71038
G1 X180.244 Y147.915 E1673.72991
G1 X179.798 Y147.728 E1673.75987
G1 X179.215 Y147.651 E1673.79629
G1 X178.563 Y147.737 E1673.83703
G1 X177.983 Y147.997 E1673.8764
G1 X177.531 Y148.358 E1673.91224
G1 X177.17 Y148.826 E1673.94885
G1 X176.924 Y149.41 E1673.9881
G1 X176.85 Y150.025 E1674.02647
G1 X176.879 Y150.227 E1674.03911
G0 F1215 X176.938 Y150.638
G0 F8250 X177.192 Y149.48
G0 X177.412 Y148.95
G0 X177.722 Y148.547
G0 X178.064 Y148.278
G0 X180.766 Y147.105
G1 F1350 X180.406 Y147.464 E1674.07061
G1 X180.766 Y147.662 E1674.09606
G1 X180.766 Y146.426 E1674.17262
G1 X179.928 Y147.263 E1674.24598
G1 X179.331 Y147.182 E1674.2833
G1 X180.766 Y145.747 E1674.40901
G1 X180.766 Y145.068 E1674.45107
G1 X178.584 Y147.25 E1674.64222
G1 X178.432 Y147.269 E1674.65171
G1 X177.729 Y147.586 E1674.69948
G1 X177.182 Y148.024 E1674.74288
G1 X176.754 Y148.58 E1674.78635
G1 X176.617 Y148.9 E1674.80791
G0 F1215 X176.454 Y149.282
G0 F8250 X176.464 Y150.728
G1 F1350 X176.469 Y150.767 E1674.81034
G1 X175.745 Y150.767 E1674.85519
G1 X176.379 Y150.134 E1674.91069
G1 X176.365 Y150.032 E1674.91706
G1 X176.441 Y149.393 E1674.95693
G1 X175.066 Y150.767 E1675.07733
G1 X174.388 Y150.767 E1675.11933
G1 X180.766 Y144.389 E1675.67805
G1 X180.766 Y143.71 E1675.72011
G1 X173.709 Y150.767 E1676.33832
G1 X173.03 Y150.767 E1676.38038
G1 X180.766 Y143.032 E1677.05802
G1 X180.766 Y142.353 E1677.10008
G1 X172.351 Y150.767 E1677.8372
G1 X171.672 Y150.767 E1677.87926
G1 X180.766 Y141.674 E1678.67587
G1 X180.766 Y140.995 E1678.71793
G1 X170.993 Y150.767 E1679.57401
G1 X170.315 Y150.767 E1679.61601
G1 X180.766 Y140.316 E1680.53154
G1 X180.766 Y139.638 E1680.57353
G1 X169.636 Y150.767 E1681.5485
G1 X168.957 Y150.767 E1681.59056
G1 X180.766 Y138.959 E1682.625
G1 X180.766 Y138.28 E1682.66706
G1 X168.278 Y150.767 E1683.76098
G1 X167.599 Y150.767 E1683.80304
G1 X180.766 Y137.601 E1684.95645
G1 X180.766 Y136.922 E1684.99851
G1 X166.921 Y150.767 E1686.21135
G1 X166.242 Y150.767 E1686.25341
G1 X180.766 Y136.243 E1687.52574
G1 X180.766 Y135.565 E1687.56774
G1 X165.563 Y150.767 E1688.8995
G1 X164.884 Y150.767 E1688.94156
G1 X180.766 Y134.886 E1690.3328
G1 X180.766 Y134.207 E1690.37486
G1 X164.205 Y150.767 E1691.82559
G1 X163.526 Y150.767 E1691.86765
G1 X180.766 Y133.528 E1693.37786
G1 X180.766 Y132.849 E1693.41992
G1 X162.848 Y150.767 E1694.98956
G1 X162.169 Y150.767 E1695.03162
G1 X180.766 Y132.17 E1696.66075
G1 X180.766 Y131.492 E1696.70275
G1 X161.49 Y150.767 E1698.39131
G1 X160.811 Y150.767 E1698.43337
G1 X180.766 Y130.813 E1700.18142
G1 X180.766 Y130.134 E1700.22348
G1 X160.132 Y150.767 E1702.031
G1 X159.453 Y150.767 E1702.07306
G1 X180.766 Y129.455 E1703.94007
G1 X180.766 Y128.776 E1703.98213
G1 X158.775 Y150.767 E1705.90858
G1 X158.096 Y150.767 E1705.95064
G1 X180.766 Y128.098 E1707.93652
G1 X180.766 Y127.419 E1707.97858
G1 X157.417 Y150.767 E1710.02395
G1 X156.738 Y150.767 E1710.06601
G1 X180.766 Y126.74 E1712.17085
G1 X180.766 Y126.061 E1712.21291
G1 X156.059 Y150.767 E1714.37724
G1 X155.381 Y150.767 E1714.41924
G1 X180.766 Y125.382 E1716.64301
G1 X180.766 Y124.703 E1716.68507
G1 X154.702 Y150.767 E1718.96831
G1 X154.023 Y150.767 E1719.01037
G1 X180.766 Y124.025 E1721.35306
G1 X180.766 Y123.346 E1721.39512
G1 X153.344 Y150.767 E1723.79729
G1 X152.665 Y150.767 E1723.83935
G1 X180.766 Y122.667 E1726.30099
G1 X180.766 Y121.988 E1726.34305
G1 X151.986 Y150.767 E1728.86418
G1 X151.308 Y150.767 E1728.90618
G1 X180.766 Y121.309 E1731.48675
G1 X180.766 Y120.631 E1731.52875
G1 X150.629 Y150.767 E1734.16875
G1 X149.95 Y150.767 E1734.21081
G1 X180.766 Y119.952 E1736.9103
G1 X180.766 Y119.273 E1736.95236
G1 X149.271 Y150.767 E1739.71133
G1 X148.592 Y150.767 E1739.75339
G1 X180.766 Y118.594 E1742.57184
G1 X180.766 Y117.915 E1742.6139
G1 X147.914 Y150.767 E1745.49178
G1 X147.235 Y150.767 E1745.53384
G1 X180.766 Y117.236 E1748.47121
G1 X180.766 Y116.558 E1748.51321
G1 X146.556 Y150.767 E1751.51002
G1 X145.877 Y150.767 E1751.55208
G1 X180.766 Y115.879 E1754.60836
G1 X180.766 Y115.2 E1754.65042
G1 X145.198 Y150.767 E1757.76619
G1 X144.519 Y150.767 E1757.80825
G1 X180.766 Y114.521 E1760.9835
G1 X180.766 Y113.842 E1761.02556
G1 X143.841 Y150.767 E1764.26025
G1 X143.162 Y150.767 E1764.30231
G1 X180.766 Y113.163 E1767.59648
G1 X180.766 Y112.485 E1767.63848
G1 X142.483 Y150.767 E1770.99209
G1 X141.804 Y150.767 E1771.03415
G1 X180.766 Y111.806 E1774.44724
G1 X180.766 Y111.127 E1774.4893
G1 X141.125 Y150.767 E1777.96187
G1 X140.446 Y150.767 E1778.00393
G1 X180.766 Y110.448 E1781.53598
G1 X180.766 Y109.769 E1781.57804
G1 X139.768 Y150.767 E1785.16953
G1 X139.089 Y150.767 E1785.21159
G1 X180.766 Y109.091 E1788.86252
G1 X180.766 Y108.412 E1788.90457
G1 X138.41 Y150.767 E1792.61498
G1 X137.731 Y150.767 E1792.65704
G1 X180.766 Y107.733 E1796.42693
G1 X180.766 Y107.054 E1796.46899
G1 X137.052 Y150.767 E1800.29837
G1 X136.374 Y150.767 E1800.34036
G1 X180.766 Y106.375 E1804.22917
G1 X180.766 Y105.696 E1804.27123
G1 X135.695 Y150.767 E1808.21952
G1 X135.016 Y150.767 E1808.26158
G1 X180.766 Y105.018 E1812.26931
G1 X180.766 Y104.339 E1812.31137
G1 X134.337 Y150.767 E1816.37858
G1 X133.658 Y150.767 E1816.42064
G1 X180.766 Y103.66 E1820.54733
G1 X180.766 Y102.981 E1820.58939
G1 X132.979 Y150.767 E1824.77557
G1 X132.301 Y150.767 E1824.81756
G1 X180.766 Y102.302 E1829.06318
G1 X180.766 Y101.623 E1829.10524
G1 X131.622 Y150.767 E1833.41033
G1 X130.944 Y150.767 E1833.45233
G1 X180.766 Y100.945 E1837.81681
G1 X180.766 Y100.266 E1837.85887
G1 X130.265 Y150.767 E1842.28284
G1 X129.586 Y150.767 E1842.3249
G1 X180.766 Y99.587 E1846.80835
G1 X180.766 Y98.908 E1846.85041
G1 X128.907 Y150.767 E1851.39334
G1 X128.228 Y150.767 E1851.4354
G1 X180.766 Y98.229 E1856.03781
G1 X180.766 Y97.551 E1856.07981
G1 X127.55 Y150.767 E1860.74161
G1 X126.871 Y150.767 E1860.78367
G1 X180.766 Y96.872 E1865.50496
G1 X180.766 Y96.193 E1865.54702
G1 X126.192 Y150.767 E1870.32779
G1 X125.513 Y150.767 E1870.36985
G1 X180.766 Y95.514 E1875.2101
G1 X180.766 Y94.835 E1875.25216
G1 X124.834 Y150.767 E1880.15189
G1 X124.155 Y150.767 E1880.19395
G1 X180.766 Y94.156 E1885.15317
G1 X180.766 Y93.478 E1885.19516
G1 X123.477 Y150.767 E1890.21377
G1 X122.798 Y150.767 E1890.25583
G1 X180.766 Y92.799 E1895.33392
G1 X180.766 Y92.12 E1895.37598
G1 X122.119 Y150.767 E1900.51355
G1 X121.44 Y150.767 E1900.55561
G1 X180.766 Y91.441 E1905.75266
G1 X180.766 Y90.762 E1905.79472
G1 X120.761 Y150.767 E1911.05125
G1 X120.082 Y150.767 E1911.09331
G1 X180.766 Y90.083 E1916.40933
G1 X180.766 Y89.405 E1916.45133
G1 X119.404 Y150.767 E1921.82673
G1 X118.725 Y150.767 E1921.86879
G1 X180.766 Y88.726 E1927.30368
G1 X180.766 Y88.047 E1927.34574
G1 X118.046 Y150.767 E1932.84011
G1 X117.367 Y150.767 E1932.88217
G1 X180.766 Y87.368 E1938.43603
G1 X180.766 Y86.689 E1938.47809
G1 X116.688 Y150.767 E1944.09142
G1 X116.01 Y150.767 E1944.13342
G1 X180.766 Y86.011 E1949.80615
G1 X180.766 Y85.332 E1949.84821
G1 X115.331 Y150.767 E1955.58042
G1 X114.652 Y150.767 E1955.62248
G1 X180.766 Y84.653 E1961.41417
G1 X180.766 Y83.974 E1961.45623
G1 X113.973 Y150.767 E1967.3074
G1 X113.294 Y150.767 E1967.34946
G1 X180.766 Y83.295 E1973.26011
G1 X180.766 Y82.616 E1973.30217
G1 X112.615 Y150.767 E1979.27231
G1 X111.937 Y150.767 E1979.31431
G1 X180.766 Y81.938 E1985.34384
G1 X180.766 Y81.259 E1985.3859
G1 X111.258 Y150.767 E1991.47491
G1 X110.579 Y150.767 E1991.51697
G1 X180.766 Y80.58 E1997.66546
G1 X180.766 Y79.901 E1997.70752
G1 X109.9 Y150.767 E2003.91549
G1 X109.221 Y150.767 E2003.95755
G1 X180.766 Y79.222 E2010.22501
G1 X180.766 Y78.544 E2010.26701
G1 X108.543 Y150.767 E2016.59386
G1 X107.864 Y150.767 E2016.63592
G1 X180.766 Y77.865 E2023.02225
G1 X180.766 Y77.186 E2023.06431
G1 X107.185 Y150.767 E2029.51012
G1 X106.506 Y150.767 E2029.55218
G1 X180.766 Y76.507 E2036.05747
G1 X180.766 Y75.828 E2036.09953
G1 X105.827 Y150.767 E2042.66431
G1 X105.148 Y150.767 E2042.70637
G1 X180.766 Y75.149 E2049.33062
G1 X180.766 Y74.471 E2049.37262
G1 X104.47 Y150.767 E2056.05627
G1 X103.791 Y150.767 E2056.09833
G1 X180.766 Y73.792 E2062.84146
G1 X180.766 Y73.113 E2062.88352
G1 X103.112 Y150.767 E2069.68614
G1 X102.433 Y150.767 E2069.7282
G1 X180.184 Y73.016 E2076.53931
G1 X179.581 Y72.94 E2076.57696
G1 X101.754 Y150.767 E2083.39472
G1 X101.075 Y150.767 E2083.43678
G1 X179.1 Y72.742 E2090.2719
G1 X178.887 Y72.654 E2090.28617
G1 X178.675 Y72.488 E2090.30285
G1 X100.397 Y150.767 E2097.16017
G1 X99.718 Y150.767 E2097.20223
G1 X178.294 Y72.19 E2104.08566
G1 X177.997 Y71.808 E2104.11563
G1 X99.039 Y150.767 E2111.03252
G1 X98.36 Y150.767 E2111.07458
G1 X177.749 Y71.378 E2118.02918
G1 X177.543 Y70.905 E2118.06114
G1 X97.681 Y150.767 E2125.05718
G1 X97.003 Y150.767 E2125.09918
G1 X177.456 Y70.313 E2132.14703
G1 X177.547 Y69.543 E2132.19506
G1 X96.324 Y150.767 E2139.31037
G1 X95.645 Y150.767 E2139.35243
G1 X177.179 Y69.232 E2146.49498
G1 X176.5 Y69.232 E2146.53704
G1 X94.966 Y150.767 E2153.67959
G1 X94.287 Y150.767 E2153.72165
G1 X175.822 Y69.232 E2160.86425
G1 X175.143 Y69.232 E2160.9063
G1 X93.608 Y150.767 E2168.0489
G1 X92.93 Y150.767 E2168.0909
G1 X174.464 Y69.232 E2175.23345
G1 X173.785 Y69.232 E2175.27551
G1 X92.251 Y150.767 E2182.41806
G1 X91.572 Y150.767 E2182.46012
G1 X173.106 Y69.232 E2189.60267
G1 X172.427 Y69.232 E2189.64473
G1 X90.893 Y150.767 E2196.78728
G1 X90.214 Y150.767 E2196.82934
G1 X171.749 Y69.232 E2203.97194
G1 X171.07 Y69.232 E2204.014
G1 X89.535 Y150.767 E2211.15659
G1 X88.857 Y150.767 E2211.19859
G1 X170.391 Y69.232 E2218.34114
G1 X169.712 Y69.232 E2218.3832
G1 X88.178 Y150.767 E2225.52575
G1 X87.499 Y150.767 E2225.56781
G1 X169.033 Y69.232 E2232.71037
G1 X168.355 Y69.232 E2232.75236
G1 X86.821 Y150.766 E2239.89487
G1 X86.142 Y150.766 E2239.93693
G1 X167.676 Y69.232 E2247.07944
G1 X166.997 Y69.232 E2247.1215
G1 X85.463 Y150.766 E2254.26401
G1 X84.784 Y150.766 E2254.30607
G1 X166.318 Y69.232 E2261.44857
G1 X165.639 Y69.232 E2261.49063
G1 X84.106 Y150.766 E2268.6331
G1 X83.427 Y150.766 E2268.67516
G1 X164.96 Y69.232 E2275.81762
G1 X164.282 Y69.232 E2275.85962
G1 X82.748 Y150.766 E2283.00213
G1 X82.069 Y150.766 E2283.04419
G1 X163.603 Y69.232 E2290.18669
G1 X162.924 Y69.232 E2290.22875
G1 X81.39 Y150.766 E2297.37126
G1 X80.711 Y150.766 E2297.41332
G1 X162.245 Y69.232 E2304.55583
G1 X161.566 Y69.232 E2304.59789
G1 X80.033 Y150.766 E2311.74035
G1 X79.354 Y150.766 E2311.78241
G1 X160.888 Y69.232 E2318.92492
G1 X160.209 Y69.232 E2318.96698
G1 X78.675 Y150.766 E2326.10949
G1 X77.996 Y150.766 E2326.15155
G1 X159.53 Y69.232 E2333.29405
G1 X158.851 Y69.232 E2333.33611
G1 X77.317 Y150.766 E2340.47862
G1 X76.639 Y150.766 E2340.52062
G1 X158.172 Y69.232 E2347.66308
G1 X157.493 Y69.232 E2347.70514
G1 X75.96 Y150.766 E2354.84761
G1 X75.281 Y150.766 E2354.88967
G1 X156.815 Y69.232 E2362.03217
G1 X156.136 Y69.232 E2362.07423
G1 X74.602 Y150.766 E2369.21674
G1 X73.923 Y150.766 E2369.2588
G1 X155.457 Y69.232 E2376.40131
G1 X154.778 Y69.232 E2376.44337
G1 X73.244 Y150.766 E2383.58588
G1 X72.566 Y150.766 E2383.62788
G1 X154.099 Y69.232 E2390.77034
G1 X153.42 Y69.232 E2390.8124
G1 X71.887 Y150.766 E2397.95486
G1 X71.208 Y150.766 E2397.99692
G1 X152.742 Y69.232 E2405.13943
G1 X152.063 Y69.232 E2405.18149
G1 X70.529 Y150.766 E2412.324
G1 X69.85 Y150.766 E2412.36606
G1 X151.384 Y69.232 E2419.50857
G1 X150.705 Y69.232 E2419.55062
G1 X69.172 Y150.766 E2426.69309
G1 X68.493 Y150.766 E2426.73515
G1 X150.026 Y69.232 E2433.87761
G1 X149.348 Y69.232 E2433.91961
G1 X67.814 Y150.766 E2441.06212
G1 X67.135 Y150.766 E2441.10418
G1 X148.669 Y69.232 E2448.24669
G1 X147.99 Y69.232 E2448.28875
G1 X66.456 Y150.766 E2455.43125
G1 X65.777 Y150.766 E2455.47331
G1 X147.311 Y69.232 E2462.61582
G1 X146.632 Y69.232 E2462.65788
G1 X65.099 Y150.766 E2469.80034
G1 X64.42 Y150.766 E2469.8424
G1 X145.953 Y69.232 E2476.98487
G1 X145.275 Y69.232 E2477.02687
G1 X63.741 Y150.766 E2484.16937
G1 X63.062 Y150.766 E2484.21143
G1 X144.596 Y69.232 E2491.35394
G1 X143.917 Y69.232 E2491.396
G1 X62.383 Y150.766 E2498.53851
G1 X61.704 Y150.766 E2498.58057
G1 X143.238 Y69.232 E2505.72308
G1 X142.559 Y69.232 E2505.76514
G1 X61.026 Y150.766 E2512.9076
G1 X60.347 Y150.766 E2512.94966
G1 X141.88 Y69.232 E2520.09212
G1 X141.202 Y69.232 E2520.13412
G1 X59.668 Y150.766 E2527.27663
G1 X58.989 Y150.766 E2527.31869
G1 X140.523 Y69.232 E2534.4612
G1 X139.844 Y69.232 E2534.50326
G1 X58.31 Y150.766 E2541.64576
G1 X57.632 Y150.766 E2541.68776
G1 X139.165 Y69.232 E2548.83023
G1 X138.486 Y69.232 E2548.87228
G1 X56.953 Y150.766 E2556.01475
G1 X56.274 Y150.766 E2556.05681
G1 X137.808 Y69.232 E2563.19932
G1 X137.129 Y69.232 E2563.24138
G1 X55.595 Y150.766 E2570.38388
G1 X54.916 Y150.766 E2570.42594
G1 X136.45 Y69.232 E2577.56845
G1 X135.771 Y69.232 E2577.61051
G1 X54.237 Y150.766 E2584.75302
G1 X53.559 Y150.766 E2584.79502
G1 X135.092 Y69.232 E2591.93748
G1 X134.413 Y69.232 E2591.97954
G1 X52.88 Y150.766 E2599.122
G1 X52.201 Y150.766 E2599.16406
G1 X133.735 Y69.232 E2606.30657
G1 X133.056 Y69.232 E2606.34863
G1 X51.522 Y150.766 E2613.49114
G1 X50.843 Y150.766 E2613.5332
G1 X132.377 Y69.232 E2620.67571
G1 X131.698 Y69.232 E2620.71777
G1 X50.164 Y150.766 E2627.86027
G1 X49.486 Y150.766 E2627.90227
G1 X131.019 Y69.232 E2635.04474
G1 X130.34 Y69.232 E2635.0868
G1 X48.807 Y150.766 E2642.22926
G1 X48.128 Y150.766 E2642.27132
G1 X129.662 Y69.232 E2649.41383
G1 X128.983 Y69.232 E2649.45589
G1 X47.449 Y150.766 E2656.59839
G1 X46.77 Y150.766 E2656.64045
G1 X128.304 Y69.232 E2663.78296
G1 X127.625 Y69.232 E2663.82502
G1 X46.092 Y150.766 E2670.96749
G1 X45.413 Y150.766 E2671.00955
G1 X126.946 Y69.232 E2678.15201
G1 X126.268 Y69.232 E2678.19401
G1 X44.734 Y150.766 E2685.33651
G1 X44.055 Y150.766 E2685.37857
G1 X125.589 Y69.232 E2692.52108
G1 X124.91 Y69.232 E2692.56314
G1 X43.376 Y150.766 E2699.70565
G1 X42.905 Y150.765 E2699.73483
G1 X42.973 Y150.491 E2699.75231
G1 X124.231 Y69.232 E2706.87069
G1 X123.552 Y69.232 E2706.91275
G1 X43.007 Y149.777 E2713.96862
G1 X42.922 Y149.183 E2714.00578
G1 X122.873 Y69.232 E2721.00962
G1 X122.195 Y69.232 E2721.05162
G1 X42.706 Y148.721 E2728.01498
G1 X42.641 Y148.574 E2728.02494
G1 X42.438 Y148.31 E2728.04556
G1 X121.516 Y69.232 E2734.97292
G1 X120.837 Y69.232 E2735.01498
G1 X42.132 Y147.938 E2741.90971
G1 X41.742 Y147.648 E2741.93981
G1 X120.158 Y69.232 E2748.80918
G1 X119.479 Y69.232 E2748.85124
G1 X41.295 Y147.416 E2755.70028
G1 X40.93 Y147.26 E2755.72487
G1 X40.791 Y147.242 E2755.73355
G1 X118.801 Y69.232 E2762.56735
G1 X118.122 Y69.232 E2762.60941
G1 X40.186 Y147.168 E2769.43673
G1 X39.401 Y147.274 E2769.4858
G1 X117.443 Y69.232 E2776.3224
G1 X116.764 Y69.232 E2776.36446
G1 X39.233 Y146.763 E2783.1563
G1 X39.233 Y146.084 E2783.19836
G1 X116.085 Y69.232 E2789.93071
G1 X115.406 Y69.232 E2789.97277
G1 X39.233 Y145.405 E2796.64565
G1 X39.233 Y144.727 E2796.68765
G1 X114.728 Y69.232 E2803.30113
G1 X114.049 Y69.232 E2803.34319
G1 X39.233 Y144.048 E2809.89719
G1 X39.233 Y143.369 E2809.93925
G1 X113.37 Y69.232 E2816.43377
G1 X112.691 Y69.232 E2816.47583
G1 X39.233 Y142.69 E2822.91086
G1 X39.233 Y142.011 E2822.95292
G1 X112.012 Y69.232 E2829.32848
G1 X111.333 Y69.232 E2829.37054
G1 X39.233 Y141.332 E2835.68661
G1 X39.233 Y140.654 E2835.72861
G1 X110.655 Y69.232 E2841.98529
G1 X109.977 Y69.232 E2842.02729
G1 X39.233 Y139.975 E2848.22453
G1 X39.233 Y139.296 E2848.26659
G1 X109.298 Y69.232 E2854.40435
G1 X108.619 Y69.232 E2854.44641
G1 X39.233 Y138.617 E2860.52469
G1 X39.233 Y137.938 E2860.56675
G1 X107.94 Y69.232 E2866.58555
G1 X107.261 Y69.232 E2866.62761
G1 X39.233 Y137.26 E2872.58697
G1 X39.233 Y136.581 E2872.62903
G1 X106.582 Y69.232 E2878.52891
G1 X105.904 Y69.232 E2878.57091
G1 X39.233 Y135.902 E2884.41135
G1 X39.233 Y135.223 E2884.45341
G1 X105.225 Y69.232 E2890.23437
G1 X104.546 Y69.232 E2890.27643
G1 X39.233 Y134.544 E2895.99791
G1 X39.233 Y133.865 E2896.03997
G1 X103.867 Y69.232 E2901.70197
G1 X103.188 Y69.232 E2901.74403
G1 X39.233 Y133.187 E2907.34658
G1 X39.233 Y132.508 E2907.38864
G1 X102.509 Y69.232 E2912.93172
G1 X101.831 Y69.232 E2912.97372
G1 X39.233 Y131.829 E2918.45736
G1 X39.233 Y131.15 E2918.49942
G1 X101.152 Y69.232 E2923.92358
G1 X100.473 Y69.232 E2923.96564
G1 X39.233 Y130.471 E2929.33032
G1 X39.233 Y129.792 E2929.37238
G1 X99.794 Y69.232 E2934.67757
G1 X99.115 Y69.232 E2934.71963
G1 X39.233 Y129.114 E2939.96539
G1 X39.233 Y128.435 E2940.00745
G1 X98.437 Y69.232 E2945.19377
G1 X97.758 Y69.232 E2945.23583
G1 X39.233 Y127.756 E2950.36267
G1 X39.233 Y127.077 E2950.40473
G1 X97.079 Y69.232 E2955.47209
G1 X96.4 Y69.232 E2955.51415
G1 X39.233 Y126.398 E2960.52202
G1 X39.233 Y125.72 E2960.56402
G1 X95.721 Y69.232 E2965.51246
G1 X95.042 Y69.232 E2965.55452
G1 X39.233 Y125.041 E2970.44347
G1 X39.233 Y124.362 E2970.48553
G1 X94.364 Y69.232 E2975.31505
G1 X93.685 Y69.232 E2975.35711
G1 X39.233 Y123.683 E2980.12715
G1 X39.233 Y123.004 E2980.16921
G1 X93.006 Y69.232 E2984.87977
G1 X92.327 Y69.232 E2984.92183
G1 X39.233 Y122.325 E2989.5729
G1 X39.233 Y121.647 E2989.6149
G1 X91.648 Y69.232 E2994.20654
G1 X90.969 Y69.232 E2994.2486
G1 X39.233 Y120.968 E2998.78075
G1 X39.233 Y120.289 E2998.82281
G1 X90.291 Y69.232 E3003.29553
G1 X89.612 Y69.232 E3003.33759
G1 X39.233 Y119.61 E3007.75083
G1 X39.233 Y118.931 E3007.79289
G1 X88.933 Y69.232 E3012.14664
G1 X88.254 Y69.232 E3012.1887
G1 X39.233 Y118.253 E3016.48302
G1 X39.233 Y117.574 E3016.52508
G1 X87.575 Y69.232 E3020.75991
G1 X86.897 Y69.232 E3020.80191
G1 X39.233 Y116.895 E3024.97731
G1 X39.233 Y116.216 E3025.01937
G1 X86.218 Y69.232 E3029.13529
G1 X85.539 Y69.232 E3029.17735
G1 X39.233 Y115.537 E3033.23378
G1 X39.233 Y114.858 E3033.27584
G1 X84.86 Y69.232 E3037.27279
G1 X84.181 Y69.232 E3037.31485
G1 X39.233 Y114.18 E3041.25237
G1 X39.233 Y113.501 E3041.29443
G1 X83.502 Y69.232 E3045.17247
G1 X82.824 Y69.232 E3045.21446
G1 X39.233 Y112.822 E3049.03306
G1 X39.233 Y112.143 E3049.07512
G1 X82.145 Y69.232 E3052.83424
G1 X81.466 Y69.232 E3052.87629
G1 X39.233 Y111.464 E3056.57593
G1 X39.233 Y110.785 E3056.61799
G1 X80.787 Y69.232 E3060.25814
G1 X80.108 Y69.232 E3060.3002
G1 X39.233 Y110.107 E3063.88092
G1 X39.233 Y109.428 E3063.92298
G1 X79.43 Y69.232 E3067.44425
G1 X78.751 Y69.232 E3067.48631
G1 X39.233 Y108.749 E3070.94811
G1 X39.233 Y108.07 E3070.99017
G1 X78.072 Y69.232 E3074.39248
G1 X77.393 Y69.232 E3074.43454
G1 X39.233 Y107.391 E3077.77737
G1 X39.233 Y106.713 E3077.81937
G1 X76.714 Y69.232 E3081.10277
G1 X76.035 Y69.232 E3081.14483
G1 X39.233 Y106.034 E3084.36874
G1 X39.233 Y105.355 E3084.4108
G1 X75.357 Y69.232 E3087.57528
G1 X74.678 Y69.232 E3087.61734
G1 X39.233 Y104.676 E3090.72233
G1 X39.233 Y103.997 E3090.76439
G1 X73.999 Y69.232 E3093.8099
G1 X73.32 Y69.232 E3093.85196
G1 X39.233 Y103.318 E3096.83799
G1 X39.233 Y102.64 E3096.87999
G1 X72.641 Y69.232 E3099.80659
G1 X71.962 Y69.232 E3099.84865
G1 X39.233 Y101.961 E3102.71576
G1 X39.233 Y101.282 E3102.75782
G1 X71.284 Y69.232 E3105.56549
G1 X70.605 Y69.232 E3105.60755
G1 X39.233 Y100.603 E3108.35575
G1 X39.233 Y99.924 E3108.39781
G1 X69.926 Y69.232 E3111.08652
G1 X69.247 Y69.232 E3111.12858
G1 X39.233 Y99.245 E3113.75781
G1 X39.233 Y98.567 E3113.7998
G1 X68.568 Y69.232 E3116.3696
G1 X67.89 Y69.232 E3116.41159
G1 X39.233 Y97.888 E3118.92195
G1 X39.233 Y97.209 E3118.96401
G1 X67.211 Y69.232 E3121.41488
G1 X66.532 Y69.232 E3121.45694
G1 X39.233 Y96.53 E3123.84833
G1 X39.233 Y95.851 E3123.89039
G1 X65.853 Y69.232 E3126.2223
G1 X65.174 Y69.232 E3126.26436
G1 X39.233 Y95.173 E3128.53684
G1 X39.233 Y94.494 E3128.5789
G1 X64.495 Y69.232 E3130.79189
G1 X63.817 Y69.232 E3130.83389
G1 X39.233 Y93.815 E3132.98744
G1 X39.233 Y93.136 E3133.0295
G1 X63.138 Y69.232 E3135.12357
G1 X62.459 Y69.232 E3135.16563
G1 X39.233 Y92.457 E3137.20022
G1 X39.233 Y91.778 E3137.24228
G1 X61.78 Y69.232 E3139.21739
G1 X61.101 Y69.232 E3139.25945
G1 X39.233 Y91.1 E3141.17512
G1 X39.233 Y90.421 E3141.21718
G1 X60.422 Y69.232 E3143.07337
G1 X59.744 Y69.232 E3143.11537
G1 X39.233 Y89.742 E3144.91212
G1 X39.233 Y89.063 E3144.95418
G1 X59.065 Y69.232 E3146.69145
G1 X58.386 Y69.232 E3146.73351
G1 X39.233 Y88.384 E3148.4113
G1 X39.233 Y87.705 E3148.45336
G1 X57.707 Y69.232 E3150.07167
G1 X57.028 Y69.232 E3150.11373
G1 X39.233 Y87.027 E3151.6726
G1 X39.233 Y86.348 E3151.71466
G1 X56.35 Y69.232 E3153.21409
G1 X55.671 Y69.232 E3153.25615
G1 X39.233 Y85.669 E3154.6961
G1 X39.233 Y84.99 E3154.73816
G1 X54.992 Y69.232 E3156.11863
G1 X54.313 Y69.232 E3156.16069
G1 X39.233 Y84.311 E3157.48168
G1 X39.233 Y83.633 E3157.52368
G1 X53.634 Y69.232 E3158.78523
G1 X52.955 Y69.232 E3158.82729
G1 X39.233 Y82.954 E3160.02936
G1 X39.233 Y82.275 E3160.07142
G1 X52.277 Y69.232 E3161.21405
G1 X51.598 Y69.232 E3161.25611
G1 X39.233 Y81.596 E3162.33926
G1 X39.233 Y80.917 E3162.38132
G1 X50.919 Y69.232 E3163.40499
G1 X50.24 Y69.232 E3163.44705
G1 X39.233 Y80.238 E3164.41123
G1 X39.233 Y79.56 E3164.45323
G1 X49.561 Y69.232 E3165.35798
G1 X48.882 Y69.232 E3165.40004
G1 X39.233 Y78.881 E3166.24531
G1 X39.233 Y78.202 E3166.28737
G1 X48.204 Y69.232 E3167.0732
G1 X47.525 Y69.232 E3167.11526
G1 X39.233 Y77.523 E3167.8416
G1 X39.233 Y76.844 E3167.88366
G1 X46.846 Y69.232 E3168.55053
G1 X46.167 Y69.232 E3168.59259
G1 X39.233 Y76.166 E3169.20002
G1 X39.233 Y75.487 E3169.24208
G1 X45.488 Y69.232 E3169.79003
G1 X44.81 Y69.232 E3169.83203
G1 X42.838 Y71.203 E3170.00473
G1 X42.958 Y70.761 E3170.0331
G1 X43.01 Y70.352 E3170.05864
G1 X44.131 Y69.232 E3170.1568
G1 X43.452 Y69.232 E3170.19886
G1 X42.969 Y69.715 E3170.24117
G1 X42.956 Y69.628 E3170.24662
G0 F1215 X42.929 Y69.431
G0 X42.841 Y69.232
G0 F8250 X42.647 Y71.613
G1 F1350 X42.261 Y72.127 E3170.28644
G1 X41.671 Y72.617 E3170.33394
G1 X41.229 Y72.812 E3170.36387
G1 X39.233 Y74.808 E3170.53872
G1 X39.233 Y74.129 E3170.58078
G1 X40.318 Y73.045 E3170.67579
G1 X39.713 Y72.97 E3170.71355
G1 X39.233 Y73.45 E3170.7556
G1 X39.233 Y72.846 E3170.79301
G1 X39.295 Y72.863 E3170.79699
G0 F1215 X39.698 Y72.969
G1 F2100 E3168.79699
;MESH:NONMESH
G0 F300 X39.698 Y72.969 Z0.96
G0 F8250 X38.583 Y70.62
G0 X38.53 Y70.215
G0 X38.571 Y69.865
G0 X39.086 Y68.452
G0 X39.785 Y68.332
;TIME_ELAPSED:3762.368836
;LAYER:2
;TYPE:WALL-INNER
;MESH:Reloj carcasa piso.stl
G1 F1500 E3170.79699
G1 F1205 X40.215 Y68.306 E3170.82357
G1 F1212.6 X40.589 Y68.328 E3170.84653
G0 F10500 X41.314 Y68.456
G0 X39.782 Y68.582
G0 X38.49 Y69.084
G0 X38.539 Y69.203
G1 F1076.6 X38.824 Y68.83 E3170.87894
G1 F1072.6 X39.201 Y68.539 E3170.91194
G1 F1112 X39.709 Y68.334 E3170.94856
G1 F1082.7 X38.356 Y68.356 E3171.04147
G1 F1088.8 X38.329 Y69.742 E3171.1361
G1 F1125 X38.539 Y69.203 E3171.17432
G0 F10500 X38.328 Y69.82
G1 F1215.2 X38.306 Y70.215 E3171.19852
G1 F1202.5 X38.332 Y70.624 E3171.22386
G1 F2100 E3169.22386
G0 F10500 X38.452 Y71.314
G0 X38.456 Y148.886
G0 X38.328 Y149.62
G1 F1500 E3171.22386
G1 F1215.2 X38.306 Y150.015 E3171.24805
G1 F1202.5 X38.332 Y150.424 E3171.27339
G0 F10500 X38.452 Y151.114
G0 X38.797 Y151.51
G0 X38.9 Y151.46
G1 F1125 X38.773 Y151.267 E3171.28865
G1 F1152 X38.551 Y150.991 E3171.31151
G1 F1149.7 X38.332 Y150.486 E3171.3471
G1 F1152 X38.329 Y151.671 E3171.42356
G1 X38.628 Y151.667 E3171.44285
G1 F1122.8 X38.843 Y151.628 E3171.45732
G1 F1097.1 X39.12 Y151.629 E3171.47609
G1 X38.915 Y151.472 E3171.49358
G0 F1080 X38.9 Y151.46
G1 F2100 E3169.49358
G0 F10500 X38.797 Y151.51
G0 X39.945 Y151.639
G0 X177.797 Y151.51
G0 X177.904 Y151.455
G1 F1500 E3171.49358
G1 F1161.3 X177.807 Y151.303 E3171.50512
G1 F1195 X177.552 Y150.972 E3171.53111
G1 F1200 X177.358 Y150.517 E3171.56175
G1 X177.287 Y150.027 E3171.59242
G1 X177.346 Y149.52 E3171.62404
G1 X177.565 Y149.017 E3171.65802
G1 X177.825 Y148.68 E3171.68439
G1 X178.227 Y148.351 E3171.71656
G1 X178.682 Y148.164 E3171.74704
G1 X179.21 Y148.086 E3171.7801
G1 X179.683 Y148.148 E3171.80965
G1 X180.175 Y148.352 E3171.84264
G1 F1190.1 X180.527 Y148.627 E3171.87054
G1 F1161.3 X180.86 Y149.019 E3171.90346
G1 F1109.8 X181.085 Y149.501 E3171.93909
G1 F1084.7 X181.131 Y149.985 E3171.9724
G1 F1001.7 X181.09 Y150.505 E3172.01111
G1 F872.7 X180.926 Y151.041 E3172.05885
G1 F831.2 X180.537 Y151.55 E3172.11614
G1 X180.821 Y151.57 E3172.1416
G1 F827.6 X181.572 Y151.572 E3172.20906
G1 F826.4 X181.572 Y151.223 E3172.24045
G1 F923.1 X181.644 Y150.471 E3172.30128
G1 F1068.6 X181.657 Y149.985 E3172.3351
G1 F1066.7 X181.643 Y149.533 E3172.36661
G1 F1114.1 X181.68 Y148.317 E3172.44778
G1 F1200 X181.681 Y71.628 E3177.19818
G1 F1202.5 X181.681 Y71.523 E3177.20467
G1 X181.28 Y71.844 E3177.23642
G1 F1200 X180.817 Y72.042 E3177.26761
G1 X180.326 Y72.114 E3177.29835
G1 X179.82 Y72.053 E3177.32992
G1 X179.347 Y71.857 E3177.36164
G1 X178.984 Y71.579 E3177.38996
G1 X178.667 Y71.187 E3177.42119
G1 X178.458 Y70.723 E3177.45271
G1 X178.386 Y70.221 E3177.48413
G1 X178.446 Y69.723 E3177.5152
G1 X178.654 Y69.222 E3177.5488
G1 F1195 X178.93 Y68.869 E3177.57667
G1 F1182.8 X179.312 Y68.555 E3177.60775
G1 F1168.4 X179.817 Y68.331 E3177.6429
G1 F1180.3 X178.582 Y68.32 E3177.72067
G1 F1200 X41.867 Y68.32 E3186.1893
G1 F1187.6 X40.652 Y68.328 E3186.26535
G1 F1182.8 X41.173 Y68.549 E3186.30092
G1 F1192.5 X41.536 Y68.833 E3186.32965
G1 F1197.5 X41.842 Y69.217 E3186.36012
G1 F1200 X42.042 Y69.683 E3186.39154
G1 X42.114 Y70.18 E3186.42264
G1 X42.052 Y70.681 E3186.45391
G1 X41.857 Y71.152 E3186.48549
G1 X41.561 Y71.541 E3186.51577
G1 X41.187 Y71.833 E3186.54516
G1 X40.723 Y72.042 E3186.57669
G1 X40.221 Y72.114 E3186.6081
G1 X39.724 Y72.054 E3186.63911
G1 X39.227 Y71.849 E3186.67241
G1 F1195 X38.869 Y71.571 E3186.7006
G1 F1180.3 X38.556 Y71.188 E3186.73175
G1 F1163.6 X38.331 Y70.686 E3186.7669
G1 F1177.9 X38.321 Y71.671 E3186.82906
G1 F1197.5 X38.322 Y91.141 E3188.03761
G1 F1192.5 X38.324 Y110.611 E3189.25119
G1 F1185.2 X38.325 Y130.081 E3190.47231
G1 F1180.3 X38.327 Y149.551 E3191.69846
G1 X38.553 Y149.022 E3191.73468
G1 F1190.1 X38.833 Y148.664 E3191.76307
G1 F1200 X39.221 Y148.355 E3191.7938
G1 X39.686 Y148.156 E3191.82513
G1 X40.211 Y148.086 E3191.85794
G1 X40.683 Y148.148 E3191.88742
G1 X41.153 Y148.343 E3191.91894
G1 X41.53 Y148.635 E3191.94848
G1 X41.849 Y149.033 E3191.98008
G1 X42.043 Y149.483 E3192.01043
G1 X42.113 Y149.973 E3192.04109
G1 X42.055 Y150.475 E3192.0724
G1 X41.85 Y150.97 E3192.10558
G1 F1197.5 X41.622 Y151.27 E3192.12897
G1 F1161.3 X41.528 Y151.424 E3192.14052
G1 F1129.4 X41.258 Y151.634 E3192.16303
G1 X41.601 Y151.634 E3192.18561
G1 F1161.3 X41.821 Y151.676 E3192.19994
G1 F1195 X177.628 Y151.675 E3200.64738
G1 F1161.3 X177.843 Y151.634 E3200.66139
G1 F1131.6 X178.142 Y151.635 E3200.68103
G1 X177.921 Y151.468 E3200.69923
G0 F1080 X177.904 Y151.455
G1 F2100 E3198.69923
G0 F10500 X177.797 Y151.51
G0 X177.09 Y150.017
G0 X181.918 Y70.618
G0 X181.97 Y70.185
G0 X181.414 Y68.456
G0 X181.237 Y68.56
G1 F1500 E3200.69923
G1 F1321.1 X181.703 Y68.919 E3200.73232
G1 F1288.6 X181.71 Y68.28 E3200.76919
G1 F1246.8 X180.74 Y68.326 E3200.82708
G1 F1277.2 X181.237 Y68.56 E3200.85906
G0 F10500 X180.689 Y68.328
G1 F1212.6 X180.315 Y68.306 E3200.88202
G1 F1205 X179.885 Y68.332 E3200.90859
G1 F2100 E3198.90859
G0 F10500 X179.186 Y68.452
G0 X178.822 Y68.747
G0 X178.512 Y69.15
G0 X178.292 Y69.68
G0 X178.226 Y70.218
G0 X178.294 Y70.725
G0 X178.514 Y71.254
G0 X178.847 Y71.678
G0 X179.074 Y71.853
G0 X179.861 Y72.279
G0 X179.946 Y71.585
;TYPE:WALL-OUTER
G1 F1500 E3200.90859
G1 F1200 X179.569 Y71.426 E3200.93394
G1 X179.31 Y71.227 E3200.95417
G1 X179.075 Y70.934 E3200.97744
G1 X178.924 Y70.585 E3201.00099
G1 X178.87 Y70.217 E3201.02403
G1 X178.915 Y69.845 E3201.04724
G1 X179.073 Y69.465 E3201.07273
G1 X179.3 Y69.186 E3201.09501
G1 F1202.5 X179.567 Y68.974 E3201.11609
G1 X179.921 Y68.821 E3201.13993
G1 X180.315 Y68.773 E3201.16446
G1 F1200 X180.625 Y68.811 E3201.18381
G1 X181.029 Y68.97 E3201.2107
G1 X181.274 Y69.16 E3201.22991
G1 X181.526 Y69.465 E3201.25442
G1 X181.681 Y69.846 E3201.27989
G1 F1230.8 X181.716 Y70.185 E3201.30048
G1 F1233.4 X181.686 Y70.534 E3201.32159
G1 F1205 X181.529 Y70.929 E3201.34781
G1 X181.299 Y71.213 E3201.37035
G1 F1202.5 X181.032 Y71.428 E3201.39154
G1 X180.685 Y71.577 E3201.41488
G1 F1200 X180.317 Y71.63 E3201.43791
G1 X179.972 Y71.588 E3201.45944
G0 F1080 X179.946 Y71.585
G1 F2100 E3199.45944
G0 F10500 X179.861 Y72.279
G0 X177.126 Y150.018
G0 X177.194 Y150.525
G0 X177.372 Y150.953
G0 X177.824 Y151.529
G0 X178.869 Y151.462
G1 F1500 E3201.45944
G1 F986.3 X178.489 Y151.27 E3201.49153
G1 F1097.1 X178.218 Y151.051 E3201.51514
G1 F1149.7 X177.971 Y150.729 E3201.54137
G1 F1175.5 X177.823 Y150.385 E3201.56505
G1 F1187.6 X177.77 Y150.017 E3201.58832
G1 F1195 X177.815 Y149.645 E3201.61163
G1 F1200 X177.976 Y149.265 E3201.6372
G1 X178.188 Y148.996 E3201.65841
G1 X178.457 Y148.781 E3201.67974
G1 X178.814 Y148.626 E3201.70385
G1 X179.214 Y148.571 E3201.72886
G1 X179.556 Y148.616 E3201.75023
G1 X179.933 Y148.772 E3201.7755
G1 X180.214 Y149 E3201.79792
G1 F1202.5 X180.426 Y149.264 E3201.81885
G1 X180.581 Y149.646 E3201.84433
G1 F1200 X180.628 Y149.985 E3201.86553
G1 X180.587 Y150.335 E3201.88736
G1 X180.425 Y150.733 E3201.91398
G1 F1163.6 X180.209 Y151.025 E3201.93718
G1 F1064.7 X179.919 Y151.283 E3201.96428
G1 F958.4 X179.564 Y151.456 E3201.99491
G1 F929 X179.259 Y151.489 E3202.01945
G1 F932 X178.869 Y151.462 E3202.05063
G0 F10500 X177.824 Y151.529
G0 X177.843 Y152.145
G1 F1131.6 X178.12 Y152.146 E3202.06882
G1 F1014.1 X178.832 Y152.087 E3202.12119
G1 F933.5 X179.215 Y152.097 E3202.1517
G1 F930.5 X179.609 Y152.084 E3202.18319
G1 F1036 X180.821 Y152.158 E3202.27031
G1 F1197.5 X182.16 Y152.16 E3202.35343
G1 F1200 X182.16 Y71.938 E3207.32267
G1 F1202.5 X182.161 Y70.575 E3207.40693
G1 F1233.4 X182.172 Y70.185 E3207.43044
G1 F1230.8 X182.16 Y69.812 E3207.45298
G1 F1200 X182.16 Y67.84 E3207.57513
G1 X37.84 Y67.84 E3216.51484
G1 X37.84 Y152.16 E3221.73794
G1 F1197.5 X38.628 Y152.159 E3221.78685
G1 F1037.8 X39.832 Y152.087 E3221.87324
G1 F933.5 X40.215 Y152.097 E3221.90374
G1 F930.5 X40.609 Y152.084 E3221.93523
G1 F1010.5 X41.29 Y152.145 E3221.98553
G1 F1129.4 X41.601 Y152.145 E3222.00599
G1 F1161.3 X41.821 Y152.158 E3222.0201
G1 F1195 X177.628 Y152.159 E3230.46754
G1 F1161.3 X177.843 Y152.145 E3230.48133
G1 F2100 E3228.48133
G0 F10500 X177.792 Y151.525
G0 X41.572 Y151.528
G0 X40.914 Y151.271
G1 F1500 E3230.48133
G1 F979.6 X40.564 Y151.456 E3230.51137
G1 F929 X40.259 Y151.489 E3230.53591
G1 F932 X39.869 Y151.462 E3230.56709
G1 F966.4 X39.485 Y151.281 E3230.59974
G1 F1072.6 X39.218 Y151.051 E3230.62416
G1 F1166 X38.973 Y150.73 E3230.64991
G1 F1202.5 X38.823 Y150.384 E3230.67322
G1 X38.77 Y150.017 E3230.69614
G1 X38.814 Y149.65 E3230.71899
G1 X38.973 Y149.269 E3230.74451
G1 X39.16 Y149.026 E3230.76346
G1 F1200 X39.467 Y148.772 E3230.78814
G1 X39.815 Y148.624 E3230.81157
G1 X40.211 Y148.57 E3230.83633
G1 X40.557 Y148.616 E3230.85795
G1 X40.931 Y148.774 E3230.8831
G1 X41.204 Y148.988 E3230.90458
G1 X41.422 Y149.263 E3230.92632
G1 X41.576 Y149.614 E3230.95006
G1 X41.63 Y149.983 E3230.97316
G1 X41.585 Y150.353 E3230.99625
G1 X41.43 Y150.728 E3231.02139
G1 F1163.6 X41.209 Y151.025 E3231.04504
G1 F1129.4 X40.966 Y151.219 E3231.0655
G1 F1090.9 X40.914 Y151.271 E3231.07051
G1 F2100 E3229.07051
G0 F10500 X41.572 Y151.528
G0 X41.988 Y151.05
G0 X42.208 Y150.52
G0 X42.245 Y150.216
G0 X41.365 Y71.975
G0 X40.934 Y71.425
G1 F1500 E3231.07051
G1 F1200 X40.585 Y71.576 E3231.09407
G1 X40.217 Y71.63 E3231.11711
G1 X39.847 Y71.585 E3231.14019
G1 X39.467 Y71.428 E3231.16566
G1 X39.186 Y71.2 E3231.18808
G1 F1202.5 X38.974 Y70.933 E3231.20915
G1 X38.823 Y70.583 E3231.23271
G1 X38.77 Y70.217 E3231.25558
G1 X38.814 Y69.85 E3231.27842
G1 X38.973 Y69.469 E3231.30394
G1 X39.16 Y69.226 E3231.3229
G1 X39.466 Y68.974 E3231.3474
G1 X39.821 Y68.821 E3231.3713
G1 X40.215 Y68.773 E3231.39583
G1 F1200 X40.525 Y68.811 E3231.41518
G1 F1202.5 X40.927 Y68.97 E3231.4419
G1 X41.174 Y69.16 E3231.46116
G1 F1200 X41.425 Y69.463 E3231.48554
G1 X41.577 Y69.815 E3231.50929
G1 X41.63 Y70.183 E3231.53232
G1 X41.585 Y70.554 E3231.55547
G1 X41.426 Y70.931 E3231.58081
G1 X41.23 Y71.186 E3231.60073
G1 X41.062 Y71.322 E3231.61412
G0 F1080 X40.934 Y71.425
G1 F2100 E3229.61412
G0 F10500 X41.365 Y71.975
G0 X173.407 Y77.506
;TYPE:SKIN
G1 F1500 E3231.61412
G1 F2100 X173.178 Y77.33 E3231.63201
G1 X172.996 Y77.096 E3231.65038
G1 X172.868 Y76.793 E3231.67075
G1 X172.832 Y76.511 E3231.68836
G1 X172.869 Y76.208 E3231.70727
G1 X172.994 Y75.907 E3231.72746
G1 X173.17 Y75.678 E3231.74535
G1 X173.404 Y75.496 E3231.76371
G1 X173.708 Y75.369 E3231.78412
G1 X174.012 Y75.331 E3231.8031
G1 X174.293 Y75.368 E3231.82065
G1 X174.593 Y75.492 E3231.84076
G1 X174.822 Y75.67 E3231.85873
G1 X175.005 Y75.904 E3231.87713
G1 X175.131 Y76.207 E3231.89746
G1 X175.168 Y76.489 E3231.91507
G1 X175.131 Y76.792 E3231.93398
G1 X175.008 Y77.09 E3231.95395
G1 X174.83 Y77.322 E3231.97206
G1 X174.596 Y77.504 E3231.99043
G1 X174.292 Y77.632 E3232.01086
G1 X174.012 Y77.669 E3232.02835
G1 X173.798 Y77.642 E3232.04172
G0 F1890 X173.708 Y77.631
G0 X173.407 Y77.506
G1 F2100 E3230.04172
G0 F10500 X173.178 Y143.83
G1 F1500 E3232.04172
G1 F2100 X172.996 Y143.596 E3232.06008
G1 X172.868 Y143.293 E3232.08045
G1 X172.832 Y143.011 E3232.09806
G1 X172.869 Y142.708 E3232.11697
G1 X172.994 Y142.407 E3232.13716
G1 X173.17 Y142.178 E3232.15505
G1 X173.404 Y141.996 E3232.17341
G1 X173.708 Y141.869 E3232.19382
G1 X174.011 Y141.832 E3232.21273
G1 X174.293 Y141.869 E3232.23035
G1 X174.593 Y141.992 E3232.25043
G1 X174.822 Y142.17 E3232.2684
G1 X175.005 Y142.403 E3232.28675
G1 X175.131 Y142.707 E3232.30714
G1 X175.168 Y142.989 E3232.32475
G1 X175.131 Y143.292 E3232.34366
G1 X175.008 Y143.59 E3232.36363
G1 X174.83 Y143.822 E3232.38175
G1 X174.596 Y144.004 E3232.40011
G1 X174.293 Y144.132 E3232.42048
G1 X174.011 Y144.168 E3232.43809
G1 X173.708 Y144.131 E3232.457
G1 X173.525 Y144.055 E3232.46928
G0 F1890 X173.407 Y144.006
G0 X173.178 Y143.83
G1 F2100 E3230.46928
G0 F10500 X46.33 Y144.322
G1 F1500 E3232.46928
G1 F2100 X46.096 Y144.504 E3232.48764
G1 X45.793 Y144.632 E3232.50801
G1 X45.511 Y144.668 E3232.52562
G1 X45.208 Y144.631 E3232.54453
G1 X44.907 Y144.506 E3232.56472
G1 X44.678 Y144.33 E3232.58261
G1 X44.496 Y144.096 E3232.60097
G1 X44.368 Y143.792 E3232.62141
G1 X44.331 Y143.512 E3232.6389
G1 X44.369 Y143.208 E3232.65788
G1 X44.494 Y142.907 E3232.67807
G1 X44.67 Y142.678 E3232.69596
G1 X44.904 Y142.496 E3232.71432
G1 X45.208 Y142.369 E3232.73473
G1 X45.511 Y142.332 E3232.75364
G1 X45.793 Y142.369 E3232.77126
G1 X46.093 Y142.492 E3232.79134
G1 X46.322 Y142.67 E3232.80931
G1 X46.505 Y142.904 E3232.82771
G1 X46.631 Y143.207 E3232.84803
G1 X46.668 Y143.489 E3232.86565
G1 X46.631 Y143.792 E3232.88456
G1 X46.555 Y143.975 E3232.89683
G0 F1890 X46.506 Y144.093
G0 X46.33 Y144.322
G1 F2100 E3230.89683
G0 F10500 X46.096 Y77.504
G1 F1500 E3232.89683
G1 F2100 X45.792 Y77.632 E3232.91727
G1 X45.512 Y77.669 E3232.93476
G1 X45.208 Y77.631 E3232.95374
G1 X44.907 Y77.506 E3232.97393
G1 X44.678 Y77.33 E3232.99182
G1 X44.496 Y77.096 E3233.01018
G1 X44.368 Y76.792 E3233.03061
G1 X44.331 Y76.511 E3233.04817
G1 X44.369 Y76.208 E3233.06709
G1 X44.494 Y75.907 E3233.08727
G1 X44.67 Y75.678 E3233.10517
G1 X44.904 Y75.496 E3233.12353
G1 X45.208 Y75.369 E3233.14394
G1 X45.512 Y75.331 E3233.16291
G1 X45.793 Y75.368 E3233.18047
G1 X46.093 Y75.492 E3233.20058
G1 X46.322 Y75.67 E3233.21854
G1 X46.505 Y75.904 E3233.23695
G1 X46.631 Y76.207 E3233.25727
G1 X46.668 Y76.489 E3233.27489
G1 X46.631 Y76.792 E3233.2938
G1 X46.508 Y77.09 E3233.31377
G1 X46.403 Y77.227 E3233.32446
G0 F1890 X46.33 Y77.322
G0 X46.096 Y77.504
G1 F2100 E3231.32446
G0 F10500 X174.585 Y76.147
;TYPE:SKIN
G1 F1500 E3233.32446
G1 F2010 X174.335 Y75.905 E3233.34601
G1 X174.591 Y76.162 E3233.36848
G0 F10500 X174.335 Y75.905
G1 F2010 X174.166 Y75.835 E3233.37981
G1 X173.83 Y75.837 E3233.40063
G1 X173.659 Y75.909 E3233.41212
G1 X174.591 Y76.841 E3233.49377
G1 X174.352 Y77.085 E3233.51492
G1 X174.224 Y77.139 E3233.52353
G0 F1809 X174.214 Y77.143
G0 F10500 X173.355 Y76.283
G1 F2010 X174.214 Y77.143 E3233.59882
G1 X174.166 Y77.163 E3233.60204
G1 X173.828 Y77.163 E3233.62298
G1 X173.649 Y77.086 E3233.63505
G1 X173.412 Y76.853 E3233.65564
G1 X173.335 Y76.666 E3233.66816
G1 X173.335 Y76.433 E3233.6826
G0 F1809 X173.335 Y76.33
G1 F2100 E3231.6826
G0 F10500 X174.587 Y142.65
G1 F1500 E3233.6826
G1 F2010 X174.349 Y142.412 E3233.70345
G1 X174.294 Y142.389 E3233.70714
G1 X174.61 Y142.705 E3233.73482
G0 F10500 X174.294 Y142.389
G1 F2010 X174.166 Y142.337 E3233.74338
G1 X173.832 Y142.337 E3233.76407
G1 X173.642 Y142.416 E3233.77681
G1 X174.581 Y143.355 E3233.85907
G1 X174.352 Y143.585 E3233.87918
G1 X174.208 Y143.646 E3233.88886
G0 F1809 X174.197 Y143.65
G0 F10500 X173.347 Y142.8
G1 F2010 X174.197 Y143.65 E3233.96333
G1 X174.166 Y143.664 E3233.96543
G1 X173.83 Y143.663 E3233.98625
G1 X173.648 Y143.586 E3233.99849
G1 X173.413 Y143.353 E3234.01899
G1 X173.335 Y143.167 E3234.03148
G1 X173.335 Y142.934 E3234.04591
G0 F1809 X173.335 Y142.831
G1 F2100 E3232.04591
G0 F10500 X46.162 Y76.668
G1 F1500 E3234.04591
G1 F2010 X46.162 Y76.333 E3234.06666
G1 X46.085 Y76.146 E3234.07919
G1 X45.849 Y75.911 E3234.09982
G1 X45.667 Y75.835 E3234.11204
G1 X45.331 Y75.836 E3234.13285
G1 X45.302 Y75.849 E3234.13482
G1 X46.15 Y76.697 E3234.20911
G0 F10500 X45.302 Y75.849
G1 F2010 X45.147 Y75.913 E3234.21949
G1 X44.917 Y76.143 E3234.23964
G1 X45.856 Y77.082 E3234.3219
G1 X45.667 Y77.163 E3234.33464
G1 X45.329 Y77.162 E3234.35557
G1 X45.235 Y77.121 E3234.36193
G0 F1809 X45.203 Y77.108
G0 F10500 X44.889 Y76.793
G1 F2010 X45.203 Y77.108 E3234.38948
G1 X45.15 Y77.085 E3234.39306
G1 X44.931 Y76.868 E3234.41215
G0 F1809 X44.914 Y76.852
G1 F2100 E3232.41215
G0 F10500 X46.085 Y143.145
G1 F1500 E3234.41215
G1 F2010 X45.849 Y142.911 E3234.43274
G1 X45.833 Y142.904 E3234.43382
G0 F10500 X46.094 Y143.165
G1 F2010 X45.833 Y142.904 E3234.45669
G1 X45.667 Y142.836 E3234.4678
G1 X45.332 Y142.836 E3234.48855
G1 X45.159 Y142.909 E3234.50018
G1 X46.09 Y143.841 E3234.58178
G1 X45.853 Y144.085 E3234.60285
G1 X45.723 Y144.139 E3234.61157
G0 F1809 X45.713 Y144.143
G0 F10500 X44.855 Y143.284
G1 F2010 X45.713 Y144.143 E3234.68678
G1 X45.667 Y144.162 E3234.68986
G1 X45.331 Y144.162 E3234.71067
G1 X45.149 Y144.086 E3234.72289
G1 X44.914 Y143.852 E3234.74343
G1 X44.835 Y143.666 E3234.75595
G1 X44.836 Y143.432 E3234.77045
G0 F1809 X44.836 Y143.329
G1 F2100 E3232.77045
G0 F10500 X176.938 Y150.638
;TYPE:SKIN
G1 F1500 E3234.77045
G1 F2100 X177.115 Y151.054 E3234.79845
G1 X177.229 Y151.248 E3234.81239
G1 X42.202 Y151.246 E3243.17646
G1 X42.415 Y150.736 E3243.21069
G1 X42.496 Y150.424 E3243.23066
G1 X42.55 Y149.976 E3243.25861
G1 X42.463 Y149.366 E3243.29678
G1 X42.231 Y148.823 E3243.33336
G1 X41.82 Y148.303 E3243.37441
G1 X41.342 Y147.954 E3243.41107
G1 X40.798 Y147.729 E3243.44754
G1 X40.213 Y147.649 E3243.48411
G1 X39.563 Y147.738 E3243.52475
G1 X39.114 Y147.932 E3243.55505
G1 X38.754 Y148.148 E3243.58106
G1 X38.754 Y72.059 E3248.29429
G1 X39.132 Y72.276 E3248.32129
G1 X39.486 Y72.423 E3248.34503
G1 X39.773 Y72.495 E3248.36336
G1 X40.224 Y72.551 E3248.39151
G1 X40.826 Y72.462 E3248.42921
G1 X41.416 Y72.21 E3248.46895
G1 X41.904 Y71.805 E3248.50823
G1 X42.236 Y71.364 E3248.54242
G1 X42.423 Y70.916 E3248.57249
G1 X42.496 Y70.624 E3248.59114
G1 X42.55 Y70.176 E3248.61909
G1 X42.463 Y69.565 E3248.65732
G1 X42.283 Y69.141 E3248.68585
G1 X42.052 Y68.754 E3248.71377
G1 X178.472 Y68.752 E3257.16413
G1 X178.282 Y68.995 E3257.18323
G1 X178.024 Y69.608 E3257.22443
G1 X177.95 Y70.227 E3257.26305
G1 X178.045 Y70.85 E3257.30208
G1 X178.275 Y71.384 E3257.3381
G1 X178.66 Y71.875 E3257.37675
G1 X179.145 Y72.242 E3257.41442
G1 X179.713 Y72.476 E3257.45248
G1 X180.321 Y72.55 E3257.49042
G1 X180.93 Y72.464 E3257.52851
G1 X181.247 Y72.329 E3257.54986
G1 X181.247 Y148.302 E3262.2559
G1 X181.219 Y148.756 E3262.28408
G1 X180.806 Y148.296 E3262.32237
G1 X180.518 Y148.071 E3262.34501
G1 X180.244 Y147.915 E3262.36454
G1 X179.798 Y147.728 E3262.3945
G1 X179.215 Y147.651 E3262.43093
G1 X178.565 Y147.736 E3262.47153
G1 X177.973 Y148.003 E3262.51176
G1 X177.53 Y148.359 E3262.54696
G1 X177.157 Y148.849 E3262.58511
G1 X176.924 Y149.411 E3262.6228
G1 X176.85 Y150.025 E3262.6611
G1 X176.879 Y150.227 E3262.67375
G0 F1890 X176.938 Y150.638
G0 F10500 X172.876 Y144.147
G1 F2100 X173.181 Y144.382 E3262.6976
G1 X173.603 Y144.557 E3262.72589
G1 X174.034 Y144.602 E3262.75274
G1 X174.398 Y144.554 E3262.77548
G1 X174.812 Y144.383 E3262.80323
G1 X175.156 Y144.111 E3262.83039
G1 X175.384 Y143.812 E3262.85368
G1 X175.558 Y143.38 E3262.88253
G1 X175.603 Y142.987 E3262.90703
G1 X175.556 Y142.601 E3262.93112
G1 X175.384 Y142.185 E3262.95901
G1 X175.123 Y141.853 E3262.98516
G1 X174.819 Y141.618 E3263.00897
G1 X174.398 Y141.446 E3263.03714
G1 X174.011 Y141.397 E3263.0613
G1 X173.615 Y141.443 E3263.08599
G1 X173.183 Y141.62 E3263.11491
G1 X172.856 Y141.876 E3263.14064
G1 X172.615 Y142.191 E3263.16521
G1 X172.443 Y142.615 E3263.19355
G1 X172.398 Y143.001 E3263.21762
G1 X172.446 Y143.398 E3263.24239
G1 X172.618 Y143.813 E3263.27022
G1 X172.622 Y143.818 E3263.27062
G0 F1890 X172.876 Y144.147
G1 F2100 E3261.27062
G0 F10500 X173.187 Y77.883
G1 F1500 E3263.27062
G1 F2100 X173.614 Y78.057 E3263.29918
G1 X174.011 Y78.104 E3263.32394
G1 X174.399 Y78.054 E3263.34817
G1 X174.813 Y77.882 E3263.37594
G1 X175.147 Y77.624 E3263.40209
G1 X175.383 Y77.318 E3263.42602
G1 X175.558 Y76.88 E3263.45524
G1 X175.603 Y76.487 E3263.47974
G1 X175.547 Y76.079 E3263.50525
G1 X175.376 Y75.676 E3263.53237
G1 X175.108 Y75.342 E3263.5589
G1 X174.808 Y75.114 E3263.58224
G1 X174.407 Y74.948 E3263.60912
G1 X174.015 Y74.894 E3263.63363
G1 X173.62 Y74.942 E3263.65828
G1 X173.187 Y75.115 E3263.68716
G1 X172.852 Y75.377 E3263.71351
G1 X172.618 Y75.685 E3263.73747
G1 X172.446 Y76.103 E3263.76547
G1 X172.395 Y76.514 E3263.79112
G1 X172.447 Y76.903 E3263.81543
G1 X172.62 Y77.317 E3263.84322
G1 X172.863 Y77.624 E3263.86748
G0 F1890 X172.886 Y77.653
G0 X173.187 Y77.883
G1 F2100 E3261.86748
G0 F10500 X46.299 Y77.89
G1 F1500 E3263.86748
G1 F2100 X46.659 Y77.607 E3263.89584
G1 X46.885 Y77.309 E3263.91901
G1 X47.057 Y76.885 E3263.94735
G1 X47.105 Y76.484 E3263.97237
G1 X47.054 Y76.101 E3263.9963
G1 X46.882 Y75.687 E3264.02407
G1 X46.624 Y75.353 E3264.05022
G1 X46.319 Y75.118 E3264.07407
G1 X45.897 Y74.943 E3264.10237
G1 X45.5 Y74.897 E3264.12712
G1 X45.096 Y74.948 E3264.15235
G1 X44.679 Y75.123 E3264.18036
G1 X44.377 Y75.357 E3264.20402
G1 X44.118 Y75.681 E3264.22972
G1 X43.944 Y76.099 E3264.25776
G1 X43.894 Y76.514 E3264.28366
G1 X43.944 Y76.9 E3264.30777
G1 X44.116 Y77.315 E3264.33559
G1 X44.377 Y77.647 E3264.36175
G1 X44.681 Y77.882 E3264.38555
G1 X45.102 Y78.054 E3264.41372
G1 X45.515 Y78.106 E3264.43951
G1 X45.913 Y78.05 E3264.46441
G1 X45.914 Y78.049 E3264.46449
G0 F1890 X46.299 Y77.89
G1 F2100 E3262.46449
G0 F10500 X46.313 Y144.885
G1 F1500 E3264.46449
G1 F2100 X46.648 Y144.623 E3264.49084
G1 X46.882 Y144.315 E3264.5148
G1 X47.054 Y143.897 E3264.5428
G1 X47.105 Y143.485 E3264.56851
G1 X47.057 Y143.113 E3264.59175
G1 X46.88 Y142.683 E3264.62055
G1 X46.632 Y142.365 E3264.64553
G1 X46.313 Y142.117 E3264.67056
G1 X45.913 Y141.95 E3264.69741
G1 X45.515 Y141.895 E3264.7223
G1 X45.103 Y141.946 E3264.74801
G1 X44.686 Y142.116 E3264.77591
G1 X44.353 Y142.377 E3264.80212
G1 X44.118 Y142.681 E3264.82592
G1 X43.944 Y143.102 E3264.85413
G1 X43.894 Y143.514 E3264.87984
G1 X43.944 Y143.9 E3264.90395
G1 X44.109 Y144.296 E3264.93053
G1 X44.377 Y144.647 E3264.95788
G1 X44.696 Y144.887 E3264.98261
G1 X45.101 Y145.054 E3265.00975
G1 X45.493 Y145.102 E3265.03421
G1 X45.88 Y145.058 E3265.05834
G1 X45.927 Y145.039 E3265.06148
G0 F1890 X46.313 Y144.885
G0 F10500 X39.233 Y147.166
G1 F2100 X39.349 Y147.282 E3265.07164
G1 X39.945 Y147.199 E3265.10891
G1 X39.233 Y146.487 E3265.17129
G1 X39.233 Y145.808 E3265.21335
G1 X40.649 Y147.224 E3265.33739
G1 X40.921 Y147.263 E3265.35441
G1 X41.618 Y147.554 E3265.4012
G1 X41.77 Y147.667 E3265.41293
G1 X39.233 Y145.13 E3265.63517
G1 X39.233 Y144.451 E3265.67723
G1 X45.548 Y150.765 E3266.23039
G1 X46.227 Y150.765 E3266.27245
G1 X39.233 Y143.772 E3266.8851
G1 X39.233 Y143.093 E3266.92716
G1 X46.905 Y150.765 E3267.59923
G1 X47.584 Y150.765 E3267.64129
G1 X39.233 Y142.414 E3268.37285
G1 X39.233 Y141.736 E3268.41485
G1 X48.263 Y150.765 E3269.20585
G1 X48.942 Y150.765 E3269.24791
G1 X39.233 Y141.057 E3270.09839
G1 X39.233 Y140.378 E3270.14045
G1 X49.621 Y150.765 E3271.05041
G1 X50.3 Y150.765 E3271.09247
G1 X45.064 Y145.53 E3271.55111
G1 X45.515 Y145.586 E3271.57926
G1 X45.768 Y145.555 E3271.59505
G1 X50.978 Y150.765 E3272.05145
G1 X51.657 Y150.765 E3272.09351
G1 X46.3 Y145.408 E3272.5628
G1 X46.558 Y145.301 E3272.5801
G1 X46.734 Y145.163 E3272.59395
G1 X52.336 Y150.765 E3273.0847
G1 X53.015 Y150.765 E3273.12675
G1 X47.086 Y144.836 E3273.64614
G1 X47.3 Y144.553 E3273.66812
G1 X47.352 Y144.424 E3273.67674
G1 X53.694 Y150.765 E3274.23226
G1 X54.372 Y150.765 E3274.27426
G1 X47.531 Y143.924 E3274.87354
G1 X47.584 Y143.48 E3274.90124
G1 X47.558 Y143.272 E3274.91423
G1 X55.051 Y150.765 E3275.57063
G1 X55.73 Y150.765 E3275.61269
G1 X39.233 Y134.268 E3277.05785
G1 X39.233 Y133.59 E3277.09985
G1 X56.409 Y150.765 E3278.60445
G1 X57.088 Y150.765 E3278.64651
G1 X39.233 Y132.911 E3280.21059
G1 X39.233 Y132.232 E3280.25265
G1 X57.767 Y150.765 E3281.87621
G1 X58.445 Y150.765 E3281.91821
G1 X39.233 Y131.553 E3283.60121
G1 X39.233 Y130.874 E3283.64327
G1 X59.124 Y150.765 E3285.38576
G1 X59.803 Y150.765 E3285.42782
G1 X39.233 Y130.196 E3287.22974
G1 X39.233 Y129.517 E3287.2718
G1 X60.482 Y150.765 E3289.1332
G1 X61.161 Y150.765 E3289.17526
G1 X39.233 Y128.838 E3291.09614
G1 X39.233 Y128.159 E3291.1382
G1 X61.84 Y150.765 E3293.11857
G1 X62.518 Y150.765 E3293.16056
G1 X39.233 Y127.48 E3295.20037
G1 X39.233 Y126.801 E3295.24243
G1 X63.197 Y150.765 E3297.34171
G1 X63.876 Y150.765 E3297.38377
G1 X39.233 Y126.123 E3299.54249
G1 X39.233 Y125.444 E3299.58455
G1 X64.555 Y150.765 E3301.80276
G1 X65.234 Y150.765 E3301.84482
G1 X39.233 Y124.765 E3304.1225
G1 X39.233 Y124.086 E3304.16456
G1 X65.912 Y150.765 E3306.50168
G1 X66.591 Y150.765 E3306.54374
G1 X39.233 Y123.407 E3308.94035
G1 X39.233 Y122.728 E3308.98241
G1 X67.27 Y150.765 E3311.43849
G1 X67.949 Y150.765 E3311.48055
G1 X39.233 Y122.05 E3313.99608
G1 X39.233 Y121.371 E3314.03814
G1 X68.628 Y150.765 E3316.61314
G1 X69.307 Y150.765 E3316.6552
G1 X39.233 Y120.692 E3319.28969
G1 X39.233 Y120.013 E3319.33175
G1 X69.985 Y150.765 E3322.02567
G1 X70.664 Y150.765 E3322.06773
G1 X39.233 Y119.334 E3324.82114
G1 X39.233 Y118.656 E3324.86313
G1 X71.343 Y150.765 E3327.67598
G1 X72.022 Y150.765 E3327.71804
G1 X39.233 Y117.977 E3330.59036
G1 X39.233 Y117.298 E3330.63242
G1 X72.701 Y150.765 E3333.56423
G1 X73.38 Y150.765 E3333.60629
G1 X39.233 Y116.619 E3336.59757
G1 X39.233 Y115.94 E3336.63963
G1 X74.058 Y150.765 E3339.69036
G1 X74.737 Y150.765 E3339.73242
G1 X39.233 Y115.261 E3342.84263
G1 X39.233 Y114.583 E3342.88462
G1 X75.416 Y150.765 E3346.05427
G1 X76.095 Y150.765 E3346.09633
G1 X39.233 Y113.904 E3349.32545
G1 X39.233 Y113.225 E3349.36751
G1 X76.774 Y150.765 E3352.65612
G1 X77.452 Y150.765 E3352.69812
G1 X39.233 Y112.546 E3356.04616
G1 X39.233 Y111.867 E3356.08822
G1 X78.131 Y150.765 E3359.49575
G1 X78.81 Y150.765 E3359.53781
G1 X39.233 Y111.189 E3363.00477
G1 X39.233 Y110.51 E3363.04683
G1 X79.489 Y150.765 E3366.57328
G1 X80.168 Y150.765 E3366.61534
G1 X39.233 Y109.831 E3370.20127
G1 X39.233 Y109.152 E3370.24333
G1 X80.847 Y150.765 E3373.88873
G1 X81.525 Y150.765 E3373.93073
G1 X39.233 Y108.473 E3377.63558
G1 X39.233 Y107.794 E3377.67764
G1 X82.204 Y150.765 E3381.44197
G1 X82.883 Y150.765 E3381.48403
G1 X39.233 Y107.116 E3385.30779
G1 X39.233 Y106.437 E3385.34985
G1 X83.562 Y150.765 E3389.2331
G1 X84.241 Y150.765 E3389.27516
G1 X39.233 Y105.758 E3393.21789
G1 X39.233 Y105.079 E3393.25995
G1 X84.919 Y150.765 E3397.26211
G1 X85.598 Y150.765 E3397.30417
G1 X39.233 Y104.4 E3401.36582
G1 X39.233 Y103.721 E3401.40788
G1 X86.277 Y150.765 E3405.52901
G1 X86.956 Y150.765 E3405.57107
G1 X39.233 Y103.043 E3409.75163
G1 X39.233 Y102.364 E3409.79369
G1 X87.635 Y150.766 E3414.03379
G1 X88.314 Y150.766 E3414.07585
G1 X39.233 Y101.685 E3418.37542
G1 X39.233 Y101.006 E3418.41748
G1 X88.993 Y150.766 E3422.77653
G1 X89.672 Y150.766 E3422.81859
G1 X39.233 Y100.327 E3427.23713
G1 X39.233 Y99.649 E3427.27913
G1 X90.351 Y150.766 E3431.7571
G1 X91.03 Y150.766 E3431.79916
G1 X39.233 Y98.97 E3436.33662
G1 X39.233 Y98.291 E3436.37868
G1 X91.708 Y150.766 E3440.97557
G1 X92.387 Y150.766 E3441.01763
G1 X39.233 Y97.612 E3445.674
G1 X39.233 Y96.933 E3445.71606
G1 X93.066 Y150.766 E3450.43192
G1 X93.745 Y150.766 E3450.47398
G1 X39.233 Y96.254 E3455.24932
G1 X39.233 Y95.576 E3455.29132
G1 X94.424 Y150.766 E3460.12609
G1 X95.103 Y150.766 E3460.16815
G1 X39.233 Y94.897 E3465.06241
G1 X39.233 Y94.218 E3465.10447
G1 X95.781 Y150.766 E3470.05816
G1 X96.46 Y150.766 E3470.10022
G1 X39.233 Y93.539 E3475.1134
G1 X39.233 Y92.86 E3475.15546
G1 X97.139 Y150.766 E3480.22812
G1 X97.818 Y150.766 E3480.27017
G1 X39.233 Y92.181 E3485.40231
G1 X39.233 Y91.503 E3485.44431
G1 X98.497 Y150.766 E3490.63589
G1 X99.175 Y150.766 E3490.67789
G1 X39.233 Y90.824 E3495.9289
G1 X39.233 Y90.145 E3495.97096
G1 X99.854 Y150.766 E3501.28146
G1 X100.533 Y150.766 E3501.32352
G1 X39.233 Y89.466 E3506.69349
G1 X39.233 Y88.787 E3506.73555
G1 X101.212 Y150.766 E3512.16501
G1 X101.891 Y150.766 E3512.20707
G1 X39.233 Y88.109 E3517.69597
G1 X39.233 Y87.43 E3517.73803
G1 X102.57 Y150.766 E3523.2864
G1 X103.248 Y150.766 E3523.3284
G1 X39.233 Y86.751 E3528.93622
G1 X39.233 Y86.072 E3528.97828
G1 X103.927 Y150.766 E3534.64558
G1 X104.606 Y150.766 E3534.68763
G1 X39.233 Y85.393 E3540.41441
G1 X39.233 Y84.714 E3540.45647
G1 X105.285 Y150.766 E3546.24273
G1 X105.964 Y150.766 E3546.28479
G1 X39.233 Y84.036 E3552.13049
G1 X39.233 Y83.357 E3552.17255
G1 X106.643 Y150.766 E3558.07773
G1 X107.321 Y150.766 E3558.11973
G1 X39.233 Y82.678 E3564.08434
G1 X39.233 Y81.999 E3564.1264
G1 X108 Y150.766 E3570.1505
G1 X108.679 Y150.766 E3570.19256
G1 X39.233 Y81.32 E3576.27614
G1 X39.233 Y80.641 E3576.3182
G1 X109.358 Y150.766 E3582.46126
G1 X110.037 Y150.766 E3582.50332
G1 X39.233 Y79.963 E3588.70582
G1 X39.233 Y79.284 E3588.74788
G1 X110.715 Y150.766 E3595.00982
G1 X111.394 Y150.766 E3595.05188
G1 X39.233 Y78.605 E3601.3733
G1 X39.233 Y77.926 E3601.41535
G1 X112.073 Y150.766 E3607.79625
G1 X112.752 Y150.766 E3607.83831
G1 X39.233 Y77.247 E3614.2787
G1 X39.233 Y76.569 E3614.32069
G1 X113.431 Y150.766 E3620.82051
G1 X114.11 Y150.766 E3620.86257
G1 X39.233 Y75.89 E3627.42187
G1 X39.233 Y75.211 E3627.46393
G1 X114.788 Y150.766 E3634.08267
G1 X115.467 Y150.766 E3634.12473
G1 X39.233 Y74.532 E3640.80295
G1 X39.233 Y73.853 E3640.84501
G1 X116.146 Y150.766 E3647.58271
G1 X116.825 Y150.766 E3647.62477
G1 X44.386 Y78.327 E3653.97054
G0 F1890 X44.092 Y78.033
G0 F10500 X46.024 Y74.475
G1 F2100 X46.561 Y74.697 E3654.00653
G1 X46.966 Y75.009 E3654.0382
G1 X47.299 Y75.444 E3654.07214
G1 X47.526 Y75.974 E3654.10785
G1 X47.533 Y76.044 E3654.11221
G1 X122.255 Y150.766 E3660.65797
G1 X121.577 Y150.766 E3660.69997
G1 X47.552 Y76.742 E3667.18464
G1 X47.518 Y77.023 E3667.20217
G1 X47.413 Y77.281 E3667.21942
G1 X120.898 Y150.766 E3673.65683
G1 X120.219 Y150.766 E3673.69889
G1 X47.173 Y77.72 E3680.09783
G1 X46.985 Y77.967 E3680.11706
G1 X46.847 Y78.073 E3680.12784
G1 X119.54 Y150.766 E3686.49586
G1 X118.861 Y150.766 E3686.53792
G1 X46.442 Y78.346 E3692.88198
G1 X45.964 Y78.548 E3692.91413
G1 X118.182 Y150.766 E3699.24054
G1 X117.504 Y150.766 E3699.28254
G1 X45.295 Y78.558 E3705.60812
G1 X44.983 Y78.521 E3705.62758
G1 X44.441 Y78.302 E3705.66379
G1 X44.037 Y77.991 E3705.69537
G1 X43.991 Y77.932 E3705.7
G1 X39.233 Y73.174 E3706.11681
G1 X39.233 Y72.846 E3706.13713
G1 X39.708 Y72.97 E3706.16754
G1 X43.434 Y76.696 E3706.49394
G1 X43.41 Y76.516 E3706.50519
G1 X43.467 Y76.05 E3706.53427
G1 X40.422 Y73.005 E3706.80102
G1 X41.013 Y72.918 E3706.83802
G1 X43.651 Y75.555 E3707.06907
G1 X43.698 Y75.439 E3707.07682
G1 X43.924 Y75.15 E3707.09955
G1 X41.48 Y72.706 E3707.31365
G1 X41.65 Y72.635 E3707.32506
G1 X41.89 Y72.437 E3707.34433
G1 X44.279 Y74.826 E3707.55361
G1 X44.426 Y74.711 E3707.56517
G1 X44.716 Y74.584 E3707.58478
G1 X42.259 Y72.127 E3707.80002
G1 X42.55 Y71.74 E3707.83001
G1 X45.252 Y74.441 E3708.06667
G1 X45.522 Y74.41 E3708.0835
G1 X45.955 Y74.466 E3708.11055
G1 X42.782 Y71.293 E3708.38851
G1 X42.879 Y71.062 E3708.40403
G1 X42.951 Y70.782 E3708.42194
G1 X122.934 Y150.766 E3715.42862
G1 X123.613 Y150.766 E3715.47068
G1 X43.031 Y70.184 E3722.52979
G1 X42.925 Y69.399 E3722.57886
G1 X124.292 Y150.766 E3729.70674
G1 X124.971 Y150.766 E3729.74879
G1 X43.437 Y69.232 E3736.8913
G1 X44.116 Y69.232 E3736.93336
G1 X125.65 Y150.766 E3744.07587
G1 X126.328 Y150.766 E3744.11787
G1 X44.795 Y69.232 E3751.26033
G1 X45.474 Y69.232 E3751.30239
G1 X127.007 Y150.766 E3758.44486
G1 X127.686 Y150.766 E3758.48692
G1 X46.152 Y69.232 E3765.62942
G1 X46.831 Y69.232 E3765.67148
G1 X128.365 Y150.766 E3772.81399
G1 X129.044 Y150.766 E3772.85605
G1 X47.51 Y69.232 E3779.99856
G1 X48.189 Y69.232 E3780.04062
G1 X129.722 Y150.766 E3787.18308
G1 X130.401 Y150.766 E3787.22514
G1 X48.868 Y69.232 E3794.36761
G1 X49.546 Y69.232 E3794.4096
G1 X131.08 Y150.766 E3801.55211
G1 X131.759 Y150.766 E3801.59417
G1 X50.225 Y69.232 E3808.73668
G1 X50.904 Y69.232 E3808.77874
G1 X132.438 Y150.767 E3815.92129
G1 X133.117 Y150.767 E3815.96335
G1 X51.583 Y69.232 E3823.1059
G1 X52.262 Y69.232 E3823.14796
G1 X133.796 Y150.767 E3830.29051
G1 X134.475 Y150.767 E3830.33257
G1 X52.941 Y69.232 E3837.47512
G1 X53.619 Y69.232 E3837.51712
G1 X135.154 Y150.767 E3844.65972
G1 X135.833 Y150.767 E3844.70178
G1 X54.298 Y69.232 E3851.84437
G1 X54.977 Y69.232 E3851.88643
G1 X136.511 Y150.767 E3859.02898
G1 X137.19 Y150.767 E3859.07104
G1 X55.656 Y69.232 E3866.21359
G1 X56.335 Y69.232 E3866.25565
G1 X137.869 Y150.767 E3873.39821
G1 X138.548 Y150.767 E3873.44027
G1 X57.014 Y69.232 E3880.58282
G1 X57.692 Y69.232 E3880.62481
G1 X139.227 Y150.767 E3887.76741
G1 X139.906 Y150.767 E3887.80947
G1 X58.371 Y69.232 E3894.95206
G1 X59.05 Y69.232 E3894.99412
G1 X140.584 Y150.767 E3902.13668
G1 X141.263 Y150.767 E3902.17874
G1 X59.729 Y69.232 E3909.32129
G1 X60.408 Y69.232 E3909.36335
G1 X141.942 Y150.767 E3916.5059
G1 X142.621 Y150.767 E3916.54796
G1 X61.086 Y69.232 E3923.69055
G1 X61.765 Y69.232 E3923.73261
G1 X143.3 Y150.767 E3930.87521
G1 X143.978 Y150.767 E3930.91721
G1 X62.444 Y69.232 E3938.05976
G1 X63.123 Y69.232 E3938.10182
G1 X144.657 Y150.767 E3945.24437
G1 X145.336 Y150.767 E3945.28643
G1 X63.802 Y69.232 E3952.42898
G1 X64.481 Y69.232 E3952.47104
G1 X146.015 Y150.767 E3959.61359
G1 X146.694 Y150.767 E3959.65565
G1 X65.159 Y69.232 E3966.79825
G1 X65.838 Y69.232 E3966.84031
G1 X147.373 Y150.767 E3973.9829
G1 X148.051 Y150.767 E3974.0249
G1 X66.517 Y69.232 E3981.16745
G1 X67.196 Y69.232 E3981.20951
G1 X148.73 Y150.767 E3988.35206
G1 X149.409 Y150.767 E3988.39412
G1 X67.875 Y69.232 E3995.53667
G1 X68.554 Y69.232 E3995.57873
G1 X150.088 Y150.767 E4002.72129
G1 X150.767 Y150.767 E4002.76334
G1 X69.232 Y69.232 E4009.90594
G1 X69.911 Y69.232 E4009.948
G1 X151.446 Y150.767 E4017.0906
G1 X152.124 Y150.767 E4017.13259
G1 X70.59 Y69.232 E4024.27514
G1 X71.269 Y69.232 E4024.3172
G1 X152.803 Y150.767 E4031.45976
G1 X153.482 Y150.767 E4031.50182
G1 X71.948 Y69.232 E4038.64437
G1 X72.626 Y69.232 E4038.68636
G1 X154.161 Y150.767 E4045.82896
G1 X154.84 Y150.767 E4045.87102
G1 X73.305 Y69.232 E4053.01362
G1 X73.984 Y69.232 E4053.05568
G1 X155.518 Y150.767 E4060.19823
G1 X156.197 Y150.767 E4060.24029
G1 X74.663 Y69.232 E4067.38284
G1 X75.342 Y69.232 E4067.4249
G1 X156.876 Y150.767 E4074.56745
G1 X157.555 Y150.767 E4074.60951
G1 X76.021 Y69.232 E4081.75206
G1 X76.699 Y69.232 E4081.79406
G1 X158.234 Y150.767 E4088.93665
G1 X158.913 Y150.767 E4088.97871
G1 X77.378 Y69.232 E4096.12131
G1 X78.057 Y69.232 E4096.16337
G1 X159.591 Y150.767 E4103.30592
G1 X160.27 Y150.767 E4103.34798
G1 X78.736 Y69.232 E4110.49053
G1 X79.415 Y69.232 E4110.53259
G1 X160.949 Y150.767 E4117.67514
G1 X161.628 Y150.767 E4117.7172
G1 X80.093 Y69.232 E4124.8598
G1 X80.772 Y69.232 E4124.90186
G1 X162.307 Y150.767 E4132.04445
G1 X162.985 Y150.767 E4132.08645
G1 X81.451 Y69.232 E4139.229
G1 X82.13 Y69.232 E4139.27106
G1 X163.664 Y150.767 E4146.41361
G1 X164.343 Y150.767 E4146.45567
G1 X82.809 Y69.232 E4153.59822
G1 X83.488 Y69.232 E4153.64028
G1 X165.022 Y150.767 E4160.78284
G92 E0
G1 X165.701 Y150.767 E0.04206
G1 X84.166 Y69.232 E7.18466
G1 X84.845 Y69.232 E7.22671
G1 X166.38 Y150.767 E14.36931
G1 X167.058 Y150.767 E14.41131
G1 X85.524 Y69.232 E21.55386
G1 X86.203 Y69.232 E21.59592
G1 X167.737 Y150.767 E28.73847
G1 X168.416 Y150.767 E28.78053
G1 X86.882 Y69.232 E35.92308
G1 X87.561 Y69.232 E35.96514
G1 X169.095 Y150.767 E43.10769
G1 X169.774 Y150.767 E43.14975
G1 X88.239 Y69.232 E50.29235
G1 X88.918 Y69.232 E50.33441
G1 X170.453 Y150.767 E57.477
G1 X171.131 Y150.767 E57.519
G1 X89.597 Y69.232 E64.66155
G1 X90.276 Y69.232 E64.70361
G1 X171.81 Y150.767 E71.84616
G1 X172.489 Y150.767 E71.88822
G1 X90.955 Y69.232 E79.03078
G1 X91.633 Y69.232 E79.07277
G1 X173.168 Y150.767 E86.21537
G1 X173.847 Y150.767 E86.25743
G1 X92.312 Y69.232 E93.40002
G1 X92.991 Y69.232 E93.44208
G1 X174.525 Y150.767 E100.58463
G1 X175.204 Y150.767 E100.62669
G1 X93.67 Y69.232 E107.76925
G1 X94.349 Y69.232 E107.81131
G1 X175.883 Y150.767 E114.95386
G1 X176.469 Y150.767 E114.99016
G1 X176.454 Y150.659 E114.99691
G1 X95.028 Y69.232 E122.13
G1 X95.706 Y69.232 E122.172
G1 X176.38 Y149.906 E129.23917
G1 X176.453 Y149.3 E129.27698
G1 X96.385 Y69.232 E136.29106
G1 X97.064 Y69.232 E136.33312
G1 X176.652 Y148.82 E143.30516
G1 X176.752 Y148.582 E143.32115
G1 X176.901 Y148.39 E143.3362
G1 X173.837 Y145.326 E143.60461
G0 F1890 X173.543 Y145.032
G0 F10500 X175.462 Y141.508
G1 F2100 X175.507 Y141.566 E143.60916
G1 X180.766 Y146.825 E144.06986
G1 X180.766 Y147.504 E144.11192
G1 X176.062 Y142.8 E144.524
G1 X176.084 Y142.986 E144.5356
G1 X176.032 Y143.449 E144.56446
G1 X179.83 Y147.247 E144.89717
G1 X179.211 Y147.165 E144.93585
G1 X179.087 Y147.182 E144.9436
G1 X175.847 Y143.942 E145.22743
G1 X175.802 Y144.05 E145.23468
G1 X175.572 Y144.346 E145.2579
G1 X178.478 Y147.253 E145.51251
G1 X178.006 Y147.459 E145.54441
G1 X175.218 Y144.671 E145.78864
G1 X175.051 Y144.801 E145.80175
G1 X174.781 Y144.913 E145.81986
G1 X177.575 Y147.706 E146.06457
G1 X177.199 Y148.01 E146.09453
G1 X174.247 Y145.058 E146.35313
G1 X174.018 Y145.087 E146.36742
G1 X173.477 Y145.024 E146.40116
G1 X172.937 Y144.802 E146.43733
G1 X172.533 Y144.489 E146.46898
G1 X172.2 Y144.054 E146.50292
G1 X171.973 Y143.523 E146.53869
G1 X171.966 Y143.455 E146.54293
G1 X97.743 Y69.232 E153.04498
G1 X98.422 Y69.232 E153.08704
G1 X171.943 Y142.754 E159.52764
G1 X171.976 Y142.472 E159.54522
G1 X172.083 Y142.215 E159.56247
G1 X99.101 Y69.232 E165.95585
G1 X99.779 Y69.232 E165.99785
G1 X172.325 Y141.778 E172.35299
G1 X172.525 Y141.526 E172.37292
G1 X172.652 Y141.426 E172.38294
G1 X100.458 Y69.232 E178.70724
G1 X101.137 Y69.232 E178.7493
G1 X173.055 Y141.15 E185.04944
G1 X173.535 Y140.952 E185.0816
G1 X101.816 Y69.232 E191.36434
G1 X102.495 Y69.232 E191.4064
G1 X174.198 Y140.936 E197.68774
G1 X174.52 Y140.973 E197.70782
G1 X175.059 Y141.197 E197.74397
G1 X175.406 Y141.465 E197.77113
G1 X103.173 Y69.232 E204.09886
G1 X103.852 Y69.232 E204.14092
G1 X180.766 Y146.146 E210.87871
G1 X180.766 Y145.468 E210.9207
G1 X104.531 Y69.232 E217.59905
G1 X105.21 Y69.232 E217.64111
G1 X180.766 Y144.789 E224.25998
G1 X180.766 Y144.11 E224.30204
G1 X105.889 Y69.232 E230.86143
G1 X106.568 Y69.232 E230.90349
G1 X180.766 Y143.431 E237.4034
G1 X180.766 Y142.752 E237.44546
G1 X107.246 Y69.232 E243.88593
G1 X107.925 Y69.232 E243.92799
G1 X180.766 Y142.074 E250.30902
G1 X180.766 Y141.395 E250.35108
G1 X108.604 Y69.232 E256.67263
G1 X109.283 Y69.232 E256.71469
G1 X180.766 Y140.716 E262.97675
G1 X180.766 Y140.037 E263.01881
G1 X109.962 Y69.232 E269.2214
G1 X110.641 Y69.233 E269.26346
G1 X180.766 Y139.358 E275.40652
G1 X180.766 Y138.679 E275.44858
G1 X111.32 Y69.233 E281.53216
G1 X111.999 Y69.233 E281.57422
G1 X180.766 Y138.001 E287.59836
G1 X180.766 Y137.322 E287.64042
G1 X112.678 Y69.233 E293.60508
G1 X113.356 Y69.233 E293.64708
G1 X180.766 Y136.643 E299.5523
G1 X180.766 Y135.964 E299.59436
G1 X114.035 Y69.233 E305.4401
G1 X114.714 Y69.233 E305.48216
G1 X180.766 Y135.285 E311.26842
G1 X180.766 Y134.606 E311.31048
G1 X115.393 Y69.233 E317.03726
G1 X116.072 Y69.233 E317.07932
G1 X180.766 Y133.928 E322.74666
G1 X180.766 Y133.249 E322.78872
G1 X116.751 Y69.233 E328.39658
G1 X117.429 Y69.233 E328.43858
G1 X180.766 Y132.57 E333.987
G1 X180.766 Y131.891 E334.02906
G1 X118.108 Y69.233 E339.518
G1 X118.787 Y69.233 E339.56006
G1 X180.766 Y131.212 E344.98952
G1 X180.766 Y130.534 E345.03152
G1 X119.466 Y69.233 E350.40154
G1 X120.145 Y69.233 E350.4436
G1 X180.766 Y129.855 E355.75414
G1 X180.766 Y129.176 E355.7962
G1 X120.824 Y69.233 E361.04726
G1 X121.502 Y69.233 E361.08925
G1 X180.766 Y128.497 E366.28087
G1 X180.766 Y127.818 E366.32293
G1 X122.181 Y69.233 E371.45507
G1 X122.86 Y69.233 E371.49713
G1 X180.766 Y127.139 E376.56979
G1 X180.766 Y126.461 E376.61179
G1 X123.539 Y69.233 E381.62501
G1 X124.218 Y69.233 E381.66707
G1 X180.766 Y125.782 E386.62081
G1 X180.766 Y125.103 E386.66286
G1 X124.896 Y69.233 E391.55717
G1 X125.575 Y69.233 E391.59923
G1 X180.766 Y124.424 E396.43404
G1 X180.766 Y123.745 E396.4761
G1 X126.254 Y69.233 E401.25144
G1 X126.933 Y69.233 E401.2935
G1 X180.766 Y123.066 E406.00936
G1 X180.766 Y122.388 E406.05136
G1 X127.612 Y69.233 E410.70777
G1 X128.291 Y69.233 E410.74983
G1 X180.766 Y121.709 E415.34677
G1 X180.766 Y121.03 E415.38883
G1 X128.969 Y69.233 E419.92633
G1 X129.648 Y69.233 E419.96839
G1 X180.766 Y120.351 E424.44641
G1 X180.766 Y119.672 E424.48847
G1 X130.327 Y69.233 E428.907
G1 X131.006 Y69.233 E428.94906
G1 X180.766 Y118.994 E433.30816
G1 X180.766 Y118.315 E433.35022
G1 X131.685 Y69.233 E437.64984
G1 X132.364 Y69.233 E437.6919
G1 X180.766 Y117.636 E441.93203
G1 X180.766 Y116.957 E441.97409
G1 X133.042 Y69.233 E446.15479
G1 X133.721 Y69.233 E446.19685
G1 X180.766 Y116.278 E450.31807
G1 X180.766 Y115.599 E450.36013
G1 X134.4 Y69.233 E454.42186
G1 X135.079 Y69.233 E454.46392
G1 X180.766 Y114.921 E458.46622
G1 X180.766 Y114.242 E458.50828
G1 X135.758 Y69.233 E462.4511
G1 X136.436 Y69.233 E462.49309
G1 X180.766 Y113.563 E466.37647
G1 X180.766 Y112.884 E466.41853
G1 X137.115 Y69.233 E470.24243
G1 X137.794 Y69.233 E470.28449
G1 X180.766 Y112.205 E474.0489
G1 X180.766 Y111.527 E474.0909
G1 X138.473 Y69.233 E477.79588
G1 X139.152 Y69.233 E477.83794
G1 X180.766 Y110.848 E481.48344
G1 X180.766 Y110.169 E481.5255
G1 X139.831 Y69.233 E485.11151
G1 X140.509 Y69.233 E485.15351
G1 X180.766 Y109.49 E488.68009
G1 X180.766 Y108.811 E488.72215
G1 X141.188 Y69.233 E492.18924
G1 X141.867 Y69.233 E492.2313
G1 X180.766 Y108.132 E495.63891
G1 X180.766 Y107.454 E495.68091
G1 X142.546 Y69.233 E499.02909
G1 X143.225 Y69.233 E499.07115
G1 X180.766 Y106.775 E502.35984
G1 X180.766 Y106.096 E502.4019
G1 X143.904 Y69.233 E505.63112
G1 X144.582 Y69.233 E505.67311
G1 X180.766 Y105.417 E508.84289
G1 X180.766 Y104.738 E508.88495
G1 X145.261 Y69.233 E511.99524
G1 X145.94 Y69.233 E512.0373
G1 X180.766 Y104.059 E515.08812
G1 X180.766 Y103.381 E515.13011
G1 X146.619 Y69.233 E518.12149
G1 X147.298 Y69.233 E518.16355
G1 X180.766 Y102.702 E521.09544
G1 X180.766 Y102.023 E521.1375
G1 X147.976 Y69.233 E524.00996
G1 X148.655 Y69.233 E524.05202
G1 X180.766 Y101.344 E526.86499
G1 X180.766 Y100.665 E526.90705
G1 X149.334 Y69.233 E529.66055
G1 X150.013 Y69.233 E529.70261
G1 X180.766 Y99.987 E532.39666
G1 X180.766 Y99.308 E532.43872
G1 X150.692 Y69.233 E535.07329
G1 X151.371 Y69.233 E535.11535
G1 X180.766 Y98.629 E537.69045
G1 X180.766 Y97.95 E537.73251
G1 X152.049 Y69.233 E540.24816
G1 X152.728 Y69.233 E540.29022
G1 X180.766 Y97.271 E542.74639
G1 X180.766 Y96.592 E542.78845
G1 X153.407 Y69.233 E545.18515
G1 X154.086 Y69.233 E545.22721
G1 X180.766 Y95.914 E547.56446
G1 X180.766 Y95.235 E547.60652
G1 X154.765 Y69.233 E549.88429
G1 X155.443 Y69.233 E549.92629
G1 X180.766 Y94.556 E552.14463
G1 X180.766 Y93.877 E552.18668
G1 X156.122 Y69.233 E554.34554
G1 X156.801 Y69.233 E554.3876
G1 X180.766 Y93.198 E556.48697
G1 X180.766 Y92.519 E556.52903
G1 X157.48 Y69.233 E558.56892
G1 X158.159 Y69.233 E558.61098
G1 X180.766 Y91.841 E560.59143
G1 X180.766 Y91.162 E560.63349
G1 X158.838 Y69.233 E562.55446
G1 X159.516 Y69.233 E562.59646
G1 X180.766 Y90.483 E564.458
G1 X180.766 Y89.804 E564.50006
G1 X160.195 Y69.233 E566.30211
G1 X160.874 Y69.233 E566.34417
G1 X180.766 Y89.125 E568.08674
G1 X180.766 Y88.447 E568.12874
G1 X161.553 Y69.233 E569.81187
G1 X162.232 Y69.233 E569.85393
G1 X180.766 Y87.768 E571.47758
G1 X180.766 Y87.089 E571.51964
G1 X162.911 Y69.233 E573.08381
G1 X163.589 Y69.233 E573.12581
G1 X180.766 Y86.41 E574.63054
G1 X180.766 Y85.731 E574.6726
G1 X173.569 Y78.534 E575.30307
G1 X174.009 Y78.586 E575.33051
G1 X174.27 Y78.556 E575.34679
G1 X180.766 Y85.052 E575.91585
G1 X180.766 Y84.374 E575.95785
G1 X174.8 Y78.407 E576.48052
G1 X175.054 Y78.299 E576.49762
G1 X175.233 Y78.162 E576.51158
G1 X180.766 Y83.695 E576.99628
G1 X180.766 Y83.016 E577.03834
G1 X175.587 Y77.836 E577.49207
G1 X175.8 Y77.56 E577.51367
G1 X175.855 Y77.426 E577.52264
G1 X180.766 Y82.337 E577.95285
G1 X180.766 Y81.658 E577.99491
G1 X176.034 Y76.926 E578.40944
G1 X176.084 Y76.485 E578.43693
G1 X176.058 Y76.272 E578.45023
G1 X180.766 Y80.979 E578.86261
G1 X180.766 Y80.301 E578.90461
G1 X169.699 Y69.233 E579.87414
G1 X170.378 Y69.233 E579.9162
G1 X180.766 Y79.622 E580.82625
G1 X180.766 Y78.943 E580.86831
G1 X171.056 Y69.233 E581.71892
G1 X171.735 Y69.233 E581.76098
G1 X180.766 Y78.264 E582.55211
G1 X180.766 Y77.585 E582.59417
G1 X172.414 Y69.233 E583.32582
G1 X173.093 Y69.233 E583.36788
G1 X180.766 Y76.907 E584.04009
G1 X180.766 Y76.228 E584.08215
G1 X173.772 Y69.233 E584.69488
G1 X174.451 Y69.233 E584.73694
G1 X180.766 Y75.549 E585.29018
G1 X180.766 Y74.87 E585.33224
G1 X175.129 Y69.233 E585.82605
G1 X175.808 Y69.233 E585.86811
G1 X177.302 Y70.727 E585.99899
G0 F1890 X177.596 Y71.021
G0 F10500 X177.166 Y69.233
G1 F2100 X177.541 Y69.608 E586.03184
G1 X177.555 Y69.483 E586.03963
G1 X177.661 Y69.233 E586.05645
G1 X176.487 Y69.233 E586.12917
G1 X177.468 Y70.214 E586.21511
G1 X177.57 Y70.959 E586.26169
G1 X177.856 Y71.63 E586.30687
G1 X178.302 Y72.199 E586.35166
G1 X178.557 Y72.397 E586.37165
G0 F1890 X178.885 Y72.652
G0 F10500 X179.47 Y72.894
G1 F2100 X180.766 Y74.191 E586.48523
G1 X180.766 Y73.512 E586.52729
G1 X180.292 Y73.038 E586.56881
G1 X180.633 Y72.99 E586.59014
G0 F1890 X180.766 Y72.972
G0 F10500 X176.058 Y76.272
G1 F2100 X176.025 Y75.979 E586.60841
G1 X175.803 Y75.444 E586.64429
G1 X175.463 Y75.014 E586.67824
G1 X175.068 Y74.703 E586.70938
G1 X174.504 Y74.476 E586.74704
G1 X174.228 Y74.441 E586.76428
G1 X169.02 Y69.233 E587.22051
G1 X168.341 Y69.233 E587.26257
G1 X173.552 Y74.444 E587.71906
G1 X173.072 Y74.642 E587.75122
G1 X167.662 Y69.233 E588.2251
G1 X166.983 Y69.233 E588.26716
G1 X172.664 Y74.913 E588.76478
G1 X172.504 Y75.039 E588.7774
G1 X172.336 Y75.264 E588.79479
G1 X166.305 Y69.233 E589.32312
G1 X165.626 Y69.233 E589.36518
G1 X172.094 Y75.701 E589.93178
G1 X171.976 Y75.982 E589.95066
G1 X171.948 Y76.234 E589.96637
G1 X164.947 Y69.233 E590.57967
G1 X164.268 Y69.233 E590.62173
G1 X171.965 Y76.93 E591.296
G1 X171.976 Y77.027 E591.30204
G1 X172.199 Y77.563 E591.338
G1 X172.556 Y78.005 E591.3732
G1 X172.947 Y78.302 E591.40361
G1 X173.09 Y78.362 E591.41322
G0 F1890 X173.473 Y78.522
G1 F2100 E589.41322
G0 F10500 X47.558 Y143.272
G1 F1500 E591.41322
G1 F2100 X47.523 Y142.974 E591.43181
G1 X47.299 Y142.439 E591.46773
G1 X46.939 Y141.991 E591.50333
G1 X46.551 Y141.697 E591.53349
G1 X46.019 Y141.474 E591.56922
G1 X45.722 Y141.436 E591.58777
G1 X39.233 Y134.947 E592.15621
G1 X39.233 Y135.626 E592.19827
G1 X45.056 Y141.448 E592.70833
G1 X44.571 Y141.642 E592.74069
G1 X39.233 Y136.305 E593.20826
G1 X39.233 Y136.984 E593.25032
G1 X44.163 Y141.913 E593.68216
G1 X44.008 Y142.035 E593.69437
G1 X43.833 Y142.262 E593.71213
G1 X39.233 Y137.663 E594.11505
G1 X39.233 Y138.341 E594.15705
G1 X43.591 Y142.699 E594.53882
G1 X43.475 Y142.976 E594.55742
G1 X43.445 Y143.232 E594.57339
G1 X39.233 Y139.02 E594.94236
G1 X39.233 Y139.699 E594.98442
G1 X43.463 Y143.929 E595.35498
G1 X43.475 Y144.024 E595.36091
G1 X43.7 Y144.562 E595.39703
G1 X44.037 Y144.991 E595.43083
G1 X44.438 Y145.298 E595.46211
G1 X44.593 Y145.362 E595.4725
G0 F1890 X44.978 Y145.519
G0 F10500 X42.17 Y147.963
G1 F2100 X42.514 Y148.411 E595.50748
G1 X44.869 Y150.765 E595.71374
G1 X44.19 Y150.765 E595.7558
G1 X42.973 Y149.548 E595.86241
G1 X43.033 Y149.965 E595.88851
G1 X42.999 Y150.253 E595.90647
G1 X43.511 Y150.765 E595.95133
G1 X43.042 Y150.765 E595.98038
G0 F1890 X42.905 Y150.765
G0 X42.972 Y150.494
G1 F2100 E593.98038
;MESH:NONMESH
G0 F300 X42.972 Y150.494 Z1.28
G0 F10500 X38.53 Y70.215
G0 X38.571 Y69.865
G0 X39.086 Y68.452
G0 X39.785 Y68.332
;TIME_ELAPSED:4650.372979
;LAYER:3
;TYPE:WALL-INNER
;MESH:Reloj carcasa piso.stl
G1 F1500 E595.98038
G1 F1205 X40.215 Y68.306 E596.00695
G1 F1212.6 X40.589 Y68.328 E596.02992
G0 F10500 X41.314 Y68.456
G0 X39.782 Y68.582
G0 X38.49 Y69.084
G0 X38.539 Y69.203
G1 F1076.6 X38.824 Y68.83 E596.06232
G1 F1072.6 X39.201 Y68.539 E596.09533
G1 F1112 X39.709 Y68.334 E596.13195
G1 F1082.7 X38.356 Y68.356 E596.22485
G1 F1088.8 X38.329 Y69.742 E596.31948
G1 F1125 X38.539 Y69.203 E596.35771
G0 F10500 X38.328 Y69.82
G1 F1215.2 X38.306 Y70.215 E596.38191
G1 F1202.5 X38.332 Y70.624 E596.40724
G0 F10500 X38.452 Y71.314
G0 X43.921 Y78.103
G0 X44.365 Y78.442
G0 X44.934 Y78.678
G0 X45.517 Y78.751
G0 X46.628 Y78.511
G0 X46.545 Y78.309
G1 F1200 X46.035 Y78.514 E596.44129
G1 X45.504 Y78.59 E596.47451
G1 X44.954 Y78.515 E596.5089
G1 X44.478 Y78.316 E596.54086
G1 X44.043 Y77.997 E596.57427
G1 X43.701 Y77.565 E596.6084
G1 X43.478 Y77.027 E596.64448
G1 X43.416 Y76.513 E596.67655
G1 X43.475 Y75.979 E596.70982
G1 X43.684 Y75.47 E596.74391
G1 X44.01 Y75.04 E596.77733
G1 X44.433 Y74.701 E596.81091
G1 X44.987 Y74.477 E596.84793
G1 X45.513 Y74.416 E596.88073
G1 X46.021 Y74.476 E596.91242
G1 X46.525 Y74.679 E596.94607
G1 X46.962 Y75.008 E596.97996
G1 X47.292 Y75.437 E597.01348
G1 X47.504 Y75.917 E597.04599
G1 X47.587 Y76.48 E597.08124
G1 X47.522 Y77.021 E597.11499
G1 X47.318 Y77.531 E597.14901
G1 X46.996 Y77.95 E597.18175
G1 X46.87 Y78.05 E597.19171
G0 F1080 X46.545 Y78.309
G1 F2100 E595.19171
G0 F10500 X46.628 Y78.511
G0 X47.75 Y143.483
G0 X47.678 Y144.065
G0 X47.17 Y145.09
G0 X46.997 Y144.957
G1 F1500 E597.19171
G1 F1200 X46.569 Y145.296 E597.22553
G1 X46.059 Y145.513 E597.25986
G1 X45.546 Y145.586 E597.29196
G1 X44.983 Y145.525 E597.32704
G1 X44.472 Y145.32 E597.36115
G1 X44.034 Y144.986 E597.39526
G1 X43.703 Y144.564 E597.42849
G1 X43.478 Y144.029 E597.46444
G1 X43.416 Y143.513 E597.49663
G1 X43.475 Y142.982 E597.52973
G1 X43.679 Y142.475 E597.56358
G1 X44.01 Y142.035 E597.59768
G1 X44.439 Y141.706 E597.63117
G1 X44.919 Y141.495 E597.66365
G1 X45.521 Y141.413 E597.70129
G1 X46.028 Y141.482 E597.73298
G1 X46.529 Y141.681 E597.76637
G1 X46.95 Y141.999 E597.79906
G1 X47.296 Y142.432 E597.83339
G1 X47.511 Y142.939 E597.8675
G1 X47.589 Y143.49 E597.90197
G1 X47.515 Y144.044 E597.93659
G1 X47.316 Y144.521 E597.96861
G1 X47.242 Y144.622 E597.97636
G0 F1080 X46.997 Y144.957
G0 F10500 X47.17 Y145.09
G0 X46.64 Y145.44
G0 X39.146 Y148.214
G0 X38.907 Y148.402
G0 X38.456 Y148.886
G0 X38.328 Y149.62
G1 F1215.2 X38.306 Y150.015 E598.00056
G1 F1202.5 X38.332 Y150.424 E598.0259
G0 F10500 X38.452 Y151.114
G0 X38.797 Y151.51
G0 X38.9 Y151.46
G1 F1125 X38.773 Y151.267 E598.04116
G1 F1152 X38.551 Y150.991 E598.06402
G1 F1149.7 X38.332 Y150.486 E598.09961
G1 F1152 X38.329 Y151.671 E598.17607
G1 X38.628 Y151.667 E598.19536
G1 F1122.8 X38.843 Y151.628 E598.20983
G1 F1097.1 X39.12 Y151.629 E598.22859
G1 X38.915 Y151.472 E598.24609
G0 F1080 X38.9 Y151.46
G1 F2100 E596.24609
G0 F10500 X38.797 Y151.51
G0 X40.073 Y151.654
G0 X172.887 Y145.017
G0 X172.969 Y144.819
G1 F1500 E598.24609
G1 F1200 X172.544 Y144.489 E598.27942
G1 X172.218 Y144.089 E598.31138
G1 X171.996 Y143.583 E598.34561
G1 X171.913 Y143.021 E598.3808
G1 X171.974 Y142.497 E598.41348
G1 X172.201 Y141.942 E598.45062
G1 X172.5 Y141.549 E598.48121
G1 X172.928 Y141.206 E598.51519
G1 X173.441 Y140.988 E598.54971
G1 X174.026 Y140.911 E598.58626
G1 X174.517 Y140.982 E598.61699
G1 X174.998 Y141.167 E598.64892
G1 X175.454 Y141.501 E598.68393
G1 X175.796 Y141.93 E598.71791
G1 X176.015 Y142.445 E598.75258
G1 X176.084 Y142.985 E598.7863
G1 X176.024 Y143.519 E598.81959
G1 X175.825 Y144.016 E598.85275
G1 X175.485 Y144.466 E598.88769
G1 X175.077 Y144.79 E598.91996
G1 X174.577 Y145.005 E598.95367
G1 X174.028 Y145.09 E598.98808
G1 X173.481 Y145.024 E599.02221
G1 X173.355 Y144.973 E599.03063
G0 F1080 X172.969 Y144.819
G0 F10500 X172.887 Y145.017
G0 X177.797 Y151.51
G0 X177.904 Y151.455
G1 F1161.3 X177.807 Y151.303 E599.04217
G1 F1195 X177.552 Y150.972 E599.06816
G1 F1200 X177.358 Y150.517 E599.0988
G1 X177.287 Y150.026 E599.12953
G1 X177.345 Y149.531 E599.16041
G1 X177.557 Y149.016 E599.1949
G1 X177.849 Y148.655 E599.22367
G1 X178.232 Y148.35 E599.25399
G1 X178.703 Y148.153 E599.28562
G1 X179.217 Y148.087 E599.31772
G1 X179.683 Y148.148 E599.34683
G1 X180.175 Y148.352 E599.37982
G1 F1190.1 X180.527 Y148.627 E599.40772
G1 F1161.3 X180.86 Y149.019 E599.44065
G1 F1109.8 X181.085 Y149.501 E599.47627
G1 F1084.7 X181.131 Y149.985 E599.50959
G1 F1001.7 X181.09 Y150.505 E599.54829
G1 F872.7 X180.926 Y151.041 E599.59604
G1 F831.2 X180.537 Y151.55 E599.65333
G1 X180.821 Y151.57 E599.67879
G1 F827.6 X181.572 Y151.572 E599.74624
G1 F826.4 X181.572 Y151.223 E599.77763
G1 F923.1 X181.644 Y150.471 E599.83847
G1 F1068.6 X181.657 Y149.985 E599.87228
G1 F1066.7 X181.643 Y149.533 E599.9038
G1 F1114.1 X181.68 Y148.317 E599.98496
G1 F1200 X181.681 Y71.628 E604.73536
G1 F1202.5 X181.681 Y71.523 E604.74185
G1 X181.28 Y71.844 E604.77361
G1 F1200 X180.817 Y72.042 E604.8048
G1 X180.326 Y72.114 E604.83554
G1 X179.822 Y72.053 E604.86698
G1 X179.334 Y71.845 E604.89984
G1 X178.962 Y71.565 E604.92869
G1 X178.664 Y71.189 E604.9584
G1 X178.464 Y70.733 E604.98925
G1 X178.385 Y70.225 E605.02109
G1 X178.446 Y69.723 E605.05242
G1 X178.654 Y69.222 E605.08602
G1 F1195 X178.93 Y68.869 E605.11389
G1 F1182.8 X179.312 Y68.555 E605.14497
G1 F1168.4 X179.817 Y68.331 E605.18012
G1 F1180.3 X178.582 Y68.32 E605.2579
G1 F1200 X41.867 Y68.32 E613.72653
G1 F1187.6 X40.652 Y68.328 E613.80257
G1 F1182.8 X41.173 Y68.549 E613.83814
G1 F1192.5 X41.536 Y68.833 E613.86687
G1 F1197.5 X41.842 Y69.217 E613.89735
G1 F1200 X42.042 Y69.683 E613.92876
G1 X42.115 Y70.183 E613.96006
G1 X42.046 Y70.694 E613.992
G1 X41.839 Y71.185 E614.02501
G1 X41.557 Y71.545 E614.05333
G1 X41.187 Y71.837 E614.08253
G1 X40.727 Y72.039 E614.11365
G1 X40.223 Y72.114 E614.14521
G1 X39.724 Y72.054 E614.17635
G1 X39.227 Y71.849 E614.20965
G1 F1195 X38.869 Y71.571 E614.23784
G1 F1180.3 X38.556 Y71.188 E614.26899
G1 F1163.6 X38.331 Y70.686 E614.30413
G1 F1177.9 X38.321 Y71.671 E614.36629
G1 F1197.5 X38.322 Y91.141 E615.57485
G1 F1192.5 X38.324 Y110.611 E616.78843
G1 F1185.2 X38.325 Y130.081 E618.00955
G1 F1180.3 X38.327 Y149.551 E619.23569
G1 X38.553 Y149.022 E619.27192
G1 F1190.1 X38.833 Y148.664 E619.30031
G1 F1200 X39.221 Y148.355 E619.33103
G1 X39.686 Y148.156 E619.36236
G1 X40.212 Y148.086 E619.39523
G1 X40.69 Y148.151 E619.42512
G1 X41.162 Y148.347 E619.45677
G1 X41.525 Y148.63 E619.48528
G1 X41.829 Y148.999 E619.5149
G1 X42.035 Y149.477 E619.54714
G1 X42.114 Y149.968 E619.57795
G1 X42.055 Y150.475 E619.60956
G1 X41.85 Y150.97 E619.64275
G1 F1197.5 X41.622 Y151.27 E619.66614
G1 F1161.3 X41.528 Y151.424 E619.67769
G1 F1129.4 X41.258 Y151.634 E619.7002
G1 X41.601 Y151.634 E619.72278
G1 F1161.3 X41.821 Y151.676 E619.73711
G1 F1195 X177.628 Y151.675 E628.18455
G1 F1161.3 X177.843 Y151.634 E628.19856
G1 F1131.6 X178.142 Y151.635 E628.2182
G1 X177.921 Y151.468 E628.23639
G0 F1080 X177.904 Y151.455
G1 F2100 E626.23639
G0 F10500 X177.797 Y151.51
G0 X177.414 Y151.054
G0 X177.194 Y150.525
G0 X172.877 Y78.513
G0 X172.961 Y78.311
G1 F1500 E628.23639
G1 F1200 X172.54 Y77.993 E628.26908
G1 X172.205 Y77.571 E628.30245
G1 X171.989 Y77.061 E628.33676
G1 X171.911 Y76.509 E628.37129
G1 X171.987 Y75.95 E628.40624
G1 X172.204 Y75.443 E628.4404
G1 X172.505 Y75.041 E628.47151
G1 X172.935 Y74.701 E628.50546
G1 X173.474 Y74.477 E628.54162
G1 X174.013 Y74.416 E628.57522
G1 X174.517 Y74.476 E628.60666
G1 X175.03 Y74.682 E628.6409
G1 X175.464 Y75.01 E628.6746
G1 X175.791 Y75.435 E628.70782
G1 X176.015 Y75.944 E628.74226
G1 X176.084 Y76.485 E628.77605
G1 X176.024 Y77.02 E628.8094
G1 X175.82 Y77.527 E628.84325
G1 X175.495 Y77.958 E628.87668
G1 X175.086 Y78.283 E628.90904
G1 X174.553 Y78.513 E628.945
G1 X174.013 Y78.588 E628.97877
G1 X173.475 Y78.521 E629.01236
G1 X173.346 Y78.468 E629.021
G0 F1080 X172.961 Y78.311
G0 F10500 X172.877 Y78.513
G0 X173.434 Y78.678
G0 X174.017 Y78.751
G0 X174.57 Y78.676
G0 X175.14 Y78.44
G0 X175.603 Y78.079
G0 X175.942 Y77.635
G0 X176.178 Y77.065
G0 X178.292 Y69.68
G0 X178.512 Y69.15
G0 X178.687 Y68.923
G0 X179.186 Y68.452
G0 X179.885 Y68.332
G1 F1205 X180.315 Y68.306 E629.04757
G1 F1212.6 X180.689 Y68.328 E629.07053
G0 F10500 X181.237 Y68.56
G1 F1321.1 X181.703 Y68.919 E629.10363
G1 F1288.6 X181.71 Y68.28 E629.1405
G1 F1246.8 X180.74 Y68.326 E629.19839
G1 F1277.2 X181.237 Y68.56 E629.23036
G1 F2100 E627.23036
G0 F10500 X181.414 Y68.456
G0 X181.917 Y69.78
G0 X181.97 Y70.185
G0 X181.918 Y70.618
G0 X181.739 Y71.047
G0 X181.491 Y71.37
G0 X179.862 Y72.279
G0 X179.947 Y71.585
;TYPE:WALL-OUTER
G1 F1500 E629.23036
G1 F1200 X179.573 Y71.429 E629.25547
G1 X179.303 Y71.22 E629.27662
G1 X179.085 Y70.948 E629.29821
G1 X178.927 Y70.59 E629.32245
G1 X178.87 Y70.218 E629.34576
G1 X178.915 Y69.845 E629.36903
G1 X179.073 Y69.465 E629.39452
G1 X179.3 Y69.186 E629.4168
G1 F1202.5 X179.567 Y68.974 E629.43788
G1 X179.921 Y68.821 E629.46172
G1 X180.315 Y68.773 E629.48625
G1 F1200 X180.625 Y68.811 E629.5056
G1 X181.029 Y68.97 E629.53249
G1 X181.274 Y69.16 E629.5517
G1 X181.526 Y69.465 E629.5762
G1 X181.681 Y69.846 E629.60168
G1 F1230.8 X181.716 Y70.185 E629.62227
G1 F1233.4 X181.686 Y70.534 E629.64338
G1 F1205 X181.529 Y70.929 E629.6696
G1 X181.299 Y71.213 E629.69214
G1 F1202.5 X181.032 Y71.428 E629.71333
G1 X180.685 Y71.577 E629.73667
G1 F1200 X180.317 Y71.63 E629.7597
G1 X179.973 Y71.588 E629.78117
G0 F1080 X179.947 Y71.585
G1 F2100 E627.78117
G0 F10500 X179.862 Y72.279
G0 X175.603 Y78.079
G0 X175.14 Y78.44
G0 X174.57 Y78.676
G0 X174.017 Y78.751
G0 X172.941 Y78.539
G0 X173.208 Y77.895
G1 F1500 E629.78117
G1 F1200 X172.881 Y77.648 E629.80656
G1 X172.625 Y77.326 E629.83204
G1 X172.456 Y76.932 E629.85859
G1 X172.397 Y76.53 E629.88376
G1 X172.447 Y76.102 E629.91045
G1 X172.62 Y75.682 E629.93859
G1 X172.875 Y75.36 E629.96403
G1 X173.179 Y75.119 E629.98806
G1 X173.619 Y74.943 E630.01742
G1 X174.013 Y74.893 E630.04202
G1 X174.417 Y74.952 E630.06731
G1 X174.77 Y75.094 E630.09088
G1 X175.107 Y75.341 E630.11676
G1 X175.378 Y75.679 E630.1436
G1 X175.537 Y76.048 E630.16849
G1 X175.604 Y76.485 E630.19587
G1 X175.557 Y76.88 E630.22051
G1 X175.399 Y77.289 E630.24767
G1 X175.148 Y77.621 E630.27345
G1 X174.817 Y77.88 E630.29949
G1 X174.401 Y78.053 E630.3274
G1 X174.011 Y78.107 E630.35178
G1 X173.594 Y78.049 E630.37786
G0 F1080 X173.584 Y78.048
G0 X173.208 Y77.895
G1 F2100 E628.37786
G0 F10500 X172.941 Y78.539
G0 X171.75 Y143.017
G0 X171.824 Y143.569
G0 X172.06 Y144.14
G0 X172.351 Y144.514
G0 X172.944 Y145.04
G0 X173.21 Y144.398
G1 F1500 E630.37786
G1 F1200 X172.88 Y144.147 E630.40355
G1 X172.62 Y143.818 E630.42952
G1 X172.455 Y143.428 E630.45575
G1 X172.394 Y143.017 E630.48149
G1 X172.444 Y142.614 E630.50664
G1 X172.62 Y142.182 E630.53554
G1 X172.855 Y141.878 E630.55934
G1 X173.198 Y141.612 E630.58623
G1 X173.555 Y141.46 E630.61026
G1 X174.002 Y141.397 E630.63822
G1 X174.398 Y141.447 E630.66295
G1 X174.789 Y141.602 E630.689
G1 X175.12 Y141.851 E630.71466
G1 X175.379 Y142.177 E630.74045
G1 X175.547 Y142.573 E630.7671
G1 X175.604 Y142.985 E630.79286
G1 X175.557 Y143.38 E630.8175
G1 X175.392 Y143.796 E630.84522
G1 X175.155 Y144.111 E630.86964
G1 X174.821 Y144.378 E630.89613
G1 X174.425 Y144.546 E630.92277
G1 X174.03 Y144.603 E630.9475
G1 X173.604 Y144.556 E630.97404
G1 X173.596 Y144.553 E630.97457
G0 F1080 X173.21 Y144.398
G1 F2100 E628.97457
G0 F10500 X172.944 Y145.04
G0 X177.792 Y151.525
G0 X177.843 Y152.145
G1 F1500 E630.97457
G1 F1131.6 X178.12 Y152.146 E630.99277
G1 F1014.1 X178.832 Y152.087 E631.04514
G1 F933.5 X179.215 Y152.097 E631.07564
G1 F930.5 X179.609 Y152.084 E631.10713
G1 F1036 X180.821 Y152.158 E631.19426
G1 F1197.5 X182.16 Y152.16 E631.27737
G1 F1200 X182.16 Y71.938 E636.24662
G1 F1202.5 X182.161 Y70.575 E636.33087
G1 F1233.4 X182.172 Y70.185 E636.35438
G1 F1230.8 X182.16 Y69.812 E636.37692
G1 F1200 X182.16 Y67.84 E636.49908
G1 X37.84 Y67.84 E645.43879
G1 X37.84 Y152.16 E650.66188
G1 F1197.5 X38.628 Y152.159 E650.71079
G1 F1037.8 X39.832 Y152.087 E650.79718
G1 F933.5 X40.215 Y152.097 E650.82769
G1 F930.5 X40.609 Y152.084 E650.85918
G1 F1010.5 X41.29 Y152.145 E650.90947
G1 F1129.4 X41.601 Y152.145 E650.92994
G1 F1161.3 X41.821 Y152.158 E650.94404
G1 F1195 X177.628 Y152.159 E659.39148
G1 F1161.3 X177.843 Y152.145 E659.40527
G0 F10500 X177.792 Y151.525
G0 X178.869 Y151.462
G1 F986.3 X178.489 Y151.27 E659.43736
G1 F1097.1 X178.218 Y151.051 E659.46097
G1 F1149.7 X177.971 Y150.729 E659.4872
G1 F1175.5 X177.823 Y150.385 E659.51088
G1 F1187.6 X177.77 Y150.015 E659.53428
G1 F1197.5 X177.823 Y149.627 E659.55859
G1 F1200 X177.975 Y149.267 E659.58279
G1 X178.168 Y149.017 E659.60236
G1 X178.461 Y148.778 E659.62578
G1 X178.807 Y148.628 E659.64914
G1 X179.214 Y148.571 E659.67459
G1 X179.556 Y148.616 E659.69596
G1 X179.933 Y148.772 E659.72123
G1 X180.214 Y149 E659.74365
G1 F1202.5 X180.426 Y149.264 E659.76458
G1 X180.581 Y149.646 E659.79006
G1 F1200 X180.628 Y149.985 E659.81126
G1 X180.587 Y150.335 E659.83309
G1 X180.425 Y150.733 E659.85971
G1 F1163.6 X180.209 Y151.025 E659.88291
G1 F1064.7 X179.919 Y151.283 E659.91001
G1 F958.4 X179.564 Y151.456 E659.94064
G1 F929 X179.259 Y151.489 E659.96518
G1 F932 X178.869 Y151.462 E659.99636
G1 F2100 E657.99636
G0 F10500 X177.824 Y151.529
G0 X46.752 Y145.429
G0 X46.324 Y144.879
G1 F1500 E659.99636
G1 F1200 X45.927 Y145.047 E660.02306
G1 X45.515 Y145.106 E660.04885
G1 X45.1 Y145.052 E660.07477
G1 X44.733 Y144.907 E660.09921
G1 X44.389 Y144.655 E660.12563
G1 X44.127 Y144.329 E660.15153
G1 X43.943 Y143.881 E660.18153
G1 X43.893 Y143.512 E660.2046
G1 X43.945 Y143.102 E660.2302
G1 X44.102 Y142.71 E660.25636
G1 X44.354 Y142.377 E660.28222
G1 X44.682 Y142.12 E660.30804
G1 X45.074 Y141.955 E660.33438
G1 X45.528 Y141.897 E660.36273
G1 X45.911 Y141.951 E660.38669
G1 X46.292 Y142.105 E660.41215
G1 X46.603 Y142.338 E660.43622
G1 X46.869 Y142.665 E660.46233
G1 X47.044 Y143.068 E660.48954
G1 X47.103 Y143.47 E660.51471
G1 X47.056 Y143.896 E660.54126
G1 X46.897 Y144.287 E660.56741
G1 X46.649 Y144.62 E660.59313
G0 F1080 X46.648 Y144.622
G0 X46.324 Y144.879
G1 F2100 E658.59313
G0 F10500 X46.752 Y145.429
G0 X41.572 Y151.528
G0 X40.914 Y151.271
G1 F1500 E660.59313
G1 F979.6 X40.564 Y151.456 E660.62317
G1 F929 X40.259 Y151.489 E660.64771
G1 F932 X39.869 Y151.462 E660.67889
G1 F966.4 X39.485 Y151.281 E660.71154
G1 F1072.6 X39.218 Y151.051 E660.73596
G1 F1166 X38.973 Y150.73 E660.76171
G1 F1202.5 X38.823 Y150.384 E660.78502
G1 X38.77 Y150.017 E660.80794
G1 X38.814 Y149.65 E660.83079
G1 X38.973 Y149.269 E660.85631
G1 X39.16 Y149.026 E660.87526
G1 F1200 X39.467 Y148.772 E660.89994
G1 X39.815 Y148.624 E660.92337
G1 X40.211 Y148.57 E660.94812
G1 X40.541 Y148.614 E660.96875
G1 X40.919 Y148.767 E660.99401
G1 X41.193 Y148.976 E661.01535
G1 X41.433 Y149.282 E661.03944
G1 X41.574 Y149.613 E661.06173
G1 X41.63 Y149.982 E661.08485
G1 X41.585 Y150.353 E661.108
G1 X41.43 Y150.728 E661.13313
G1 F1163.6 X41.209 Y151.025 E661.15678
G1 F1129.4 X40.966 Y151.219 E661.17724
G1 F1090.9 X40.914 Y151.271 E661.18226
G1 F2100 E659.18226
G0 F10500 X41.572 Y151.528
G0 X41.988 Y151.05
G0 X42.208 Y150.52
G0 X46.568 Y78.536
G0 X46.301 Y77.889
G1 F1500 E661.18226
G1 F1200 X45.905 Y78.052 E661.20878
G1 X45.527 Y78.104 E661.23242
G1 X45.102 Y78.056 E661.25891
G1 X44.712 Y77.897 E661.285
G1 X44.378 Y77.647 E661.31084
G1 X44.119 Y77.321 E661.33663
G1 X43.943 Y76.881 E661.36599
G1 X43.893 Y76.512 E661.38905
G1 X43.945 Y76.1 E661.41478
G1 X44.11 Y75.7 E661.44158
G1 X44.346 Y75.388 E661.46581
G1 X44.679 Y75.119 E661.49233
G1 X45.092 Y74.949 E661.51999
G1 X45.511 Y74.893 E661.54618
G1 X45.902 Y74.946 E661.57062
G1 X46.29 Y75.102 E661.59653
G1 X46.621 Y75.352 E661.62222
G1 X46.878 Y75.68 E661.64803
G1 X47.045 Y76.072 E661.67442
G1 X47.106 Y76.485 E661.70028
G1 X47.048 Y76.915 E661.72716
G1 X46.895 Y77.292 E661.75236
G1 X46.645 Y77.622 E661.77801
G1 X46.629 Y77.634 E661.77925
G0 F1080 X46.301 Y77.889
G1 F2100 E659.77925
G0 F10500 X46.568 Y78.536
G0 X45.517 Y78.751
G0 X44.934 Y78.678
G0 X44.365 Y78.442
G0 X43.921 Y78.103
G0 X43.597 Y77.687
G0 X41.371 Y71.971
G0 X40.94 Y71.421
G1 F1500 E661.77925
G1 F1200 X40.571 Y71.578 E661.80409
G1 X40.217 Y71.63 E661.82625
G1 X39.847 Y71.585 E661.84934
G1 X39.467 Y71.428 E661.87481
G1 X39.186 Y71.2 E661.89722
G1 F1202.5 X38.974 Y70.933 E661.9183
G1 X38.823 Y70.583 E661.94186
G1 X38.77 Y70.217 E661.96472
G1 X38.814 Y69.85 E661.98757
G1 X38.973 Y69.469 E662.01309
G1 X39.16 Y69.226 E662.03204
G1 X39.466 Y68.974 E662.05655
G1 X39.821 Y68.821 E662.08044
G1 X40.215 Y68.773 E662.10498
G1 F1200 X40.525 Y68.811 E662.12432
G1 F1202.5 X40.927 Y68.97 E662.15105
G1 X41.174 Y69.16 E662.17031
G1 F1200 X41.425 Y69.463 E662.19468
G1 X41.577 Y69.815 E662.21843
G1 X41.63 Y70.184 E662.24152
G1 X41.584 Y70.55 E662.26437
G1 X41.431 Y70.922 E662.28929
G1 X41.217 Y71.2 E662.31102
G1 X41.068 Y71.319 E662.32283
G0 F1080 X40.94 Y71.421
G1 F2100 E660.32283
G0 F10500 X41.371 Y71.971
G0 X173.382 Y78.945
;TYPE:SKIN
G1 F1500 E662.32283
G1 F2100 X174.008 Y79.02 E662.36189
G1 X174.636 Y78.943 E662.40108
G1 X175.293 Y78.673 E662.44508
G1 X175.811 Y78.262 E662.48604
G1 X176.2 Y77.741 E662.52631
G1 X176.45 Y77.101 E662.56888
G1 X176.519 Y76.448 E662.60955
G1 X176.432 Y75.821 E662.64876
G1 X176.172 Y75.21 E662.68989
G1 X175.766 Y74.699 E662.73032
G1 X175.25 Y74.307 E662.77046
G1 X174.636 Y74.058 E662.8115
G1 X174.014 Y73.974 E662.85038
G1 X173.377 Y74.055 E662.89016
G1 X172.863 Y74.263 E662.9245
G1 X172.611 Y74.41 E662.94258
G1 X172.199 Y74.732 E662.97497
G1 X171.821 Y75.224 E663.0134
G1 X171.568 Y75.835 E663.05436
G1 X171.477 Y76.523 E663.09735
G1 X171.57 Y77.171 E663.1379
G1 X171.825 Y77.777 E663.17863
G1 X172.252 Y78.32 E663.22142
G1 X172.739 Y78.684 E663.25908
G1 X172.997 Y78.789 E663.27633
G0 F1890 X173.382 Y78.945
G1 F2100 E661.27633
G0 F10500 X176.938 Y150.638
G1 F1500 E663.27633
G1 F2100 X177.115 Y151.054 E663.30434
G1 X177.229 Y151.248 E663.31828
G1 X42.202 Y151.246 E671.68234
G1 X42.415 Y150.736 E671.71658
G1 X42.496 Y150.424 E671.73655
G1 X42.55 Y149.973 E671.76468
G1 X42.462 Y149.384 E671.80157
G1 X42.204 Y148.785 E671.84197
G1 X41.847 Y148.339 E671.87736
G1 X41.372 Y147.966 E671.91477
G1 X40.784 Y147.729 E671.95404
G1 X40.212 Y147.649 E671.98982
G1 X39.566 Y147.736 E672.03019
G1 X39.114 Y147.932 E672.06071
G1 X38.754 Y148.148 E672.08672
G1 X38.754 Y72.059 E676.79995
G1 X39.132 Y72.276 E676.82695
G1 X39.486 Y72.423 E676.85069
G1 X39.773 Y72.495 E676.86902
G1 X40.231 Y72.551 E676.8976
G1 X40.842 Y72.459 E676.93588
G1 X41.393 Y72.224 E676.97298
G1 X41.871 Y71.843 E677.01085
G1 X42.215 Y71.405 E677.04534
G1 X42.464 Y70.813 E677.08513
G1 X42.551 Y70.18 E677.12471
G1 X42.463 Y69.565 E677.16319
G1 X42.283 Y69.141 E677.19172
G1 X42.052 Y68.754 E677.21964
G1 X178.472 Y68.752 E685.67
G1 X178.282 Y68.995 E685.6891
G1 X178.024 Y69.608 E685.7303
G1 X177.95 Y70.226 E685.76886
G1 X178.037 Y70.822 E685.80617
G1 X178.288 Y71.413 E685.84594
G1 X178.655 Y71.862 E685.88186
G1 X179.107 Y72.225 E685.91777
G1 X179.715 Y72.477 E685.95854
G1 X180.321 Y72.55 E685.99635
G1 X180.93 Y72.464 E686.03445
G1 X181.247 Y72.329 E686.05579
G1 X181.247 Y148.302 E690.76184
G1 X181.219 Y148.756 E690.79001
G1 X180.806 Y148.296 E690.82831
G1 X180.518 Y148.071 E690.85094
G1 X180.244 Y147.915 E690.87047
G1 X179.799 Y147.729 E690.90035
G1 X179.219 Y147.65 E690.93661
G1 X178.605 Y147.728 E690.97495
G1 X177.999 Y147.985 E691.01572
G1 X177.539 Y148.345 E691.05191
G1 X177.157 Y148.85 E691.09113
G1 X176.923 Y149.417 E691.12912
G1 X176.85 Y150.026 E691.16712
G1 X176.879 Y150.227 E691.1797
G0 F1890 X176.938 Y150.638
G0 F10500 X172.264 Y144.828
G1 F2100 X172.655 Y145.12 E691.20993
G1 X172.873 Y145.245 E691.22549
G1 X173.376 Y145.449 E691.25911
G1 X174.027 Y145.521 E691.29969
G1 X174.667 Y145.434 E691.33969
G1 X175.288 Y145.168 E691.38154
G1 X175.798 Y144.77 E691.42161
G1 X176.198 Y144.235 E691.46299
G1 X176.45 Y143.6 E691.50531
G1 X176.519 Y142.949 E691.54586
G1 X176.432 Y142.321 E691.58513
G1 X176.22 Y141.828 E691.61838
G1 X176.089 Y141.61 E691.63413
G1 X175.761 Y141.189 E691.66719
G1 X175.236 Y140.796 E691.70781
G1 X174.624 Y140.561 E691.74842
G1 X174.01 Y140.481 E691.78678
G1 X173.338 Y140.565 E691.82873
G1 X172.724 Y140.821 E691.86993
G1 X172.192 Y141.244 E691.91203
G1 X171.82 Y141.728 E691.94985
G1 X171.556 Y142.376 E691.99319
G1 X171.482 Y143.028 E692.03384
G1 X171.568 Y143.675 E692.07427
G1 X171.854 Y144.323 E692.11814
G1 X172.002 Y144.505 E692.13267
G0 F1890 X172.264 Y144.828
G1 F2100 E690.13267
G0 F10500 X47.309 Y145.263
G1 F1500 E692.13267
G1 F2100 X47.699 Y144.743 E692.17294
G1 X47.934 Y144.157 E692.21204
G1 X48.023 Y143.475 E692.25465
G1 X47.925 Y142.812 E692.29616
G1 X47.67 Y142.212 E692.33655
G1 X47.242 Y141.676 E692.37904
G1 X46.74 Y141.304 E692.41774
G1 X46.118 Y141.054 E692.45926
G1 X45.519 Y140.979 E692.49666
G1 X44.819 Y141.064 E692.54034
G1 X44.211 Y141.336 E692.58159
G1 X43.692 Y141.736 E692.62218
G1 X43.297 Y142.263 E692.66298
G1 X43.049 Y142.882 E692.70429
G1 X42.983 Y143.526 E692.74439
G1 X43.056 Y144.134 E692.78232
G1 X43.331 Y144.786 E692.82615
G1 X43.729 Y145.294 E692.86613
G1 X44.245 Y145.69 E692.90642
G1 X44.848 Y145.938 E692.9468
G1 X45.522 Y146.026 E692.98891
G1 X46.183 Y145.931 E693.03027
G1 X46.787 Y145.674 E693.07093
G1 X46.982 Y145.52 E693.08633
G0 F1890 X47.309 Y145.263
G1 F2100 E691.08633
G0 F10500 X47.678 Y144.065
G0 X47.717 Y143.736
G0 X46.802 Y78.663
G1 F1500 E693.08633
G1 F2100 X47.307 Y78.261 E693.12631
G1 X47.689 Y77.753 E693.16568
G1 X47.942 Y77.133 E693.20716
G1 X48.023 Y76.443 E693.25019
G1 X47.919 Y75.794 E693.29091
G1 X47.672 Y75.21 E693.33019
G1 X47.264 Y74.691 E693.37108
G1 X46.739 Y74.299 E693.41167
G1 X46.132 Y74.054 E693.45221
G1 X45.513 Y73.975 E693.49087
G1 X44.879 Y74.054 E693.53044
G1 X44.216 Y74.327 E693.57486
G1 X43.688 Y74.743 E693.61649
G1 X43.31 Y75.254 E693.65587
G1 X43.052 Y75.872 E693.69735
G1 X42.98 Y76.552 E693.73971
G1 X43.057 Y77.13 E693.77583
G1 X43.261 Y77.634 E693.80951
G1 X43.41 Y77.89 E693.82785
G1 X43.736 Y78.308 E693.86069
G1 X44.232 Y78.681 E693.89913
G1 X44.83 Y78.929 E693.93923
G1 X45.502 Y79.024 E693.98127
G1 X46.158 Y78.934 E694.02229
G1 X46.419 Y78.824 E694.03983
G0 F1890 X46.802 Y78.663
G1 F2100 E692.03983
G0 F10500 X177.547 Y69.543
G1 F1500 E694.03983
G1 F2100 X177.465 Y70.235 E694.083
G1 X177.473 Y70.296 E694.08681
G1 X174.248 Y73.522 E694.36937
G1 X174.765 Y73.594 E694.4017
G1 X174.829 Y73.619 E694.40596
G1 X177.559 Y70.889 E694.64511
G1 X177.569 Y70.953 E694.64912
G1 X177.748 Y71.379 E694.67775
G1 X175.313 Y73.814 E694.89106
G1 X175.486 Y73.882 E694.90257
G1 X175.735 Y74.071 E694.92194
G1 X177.997 Y71.808 E695.12013
G1 X178.3 Y72.184 E695.15005
G1 X176.117 Y74.367 E695.34128
G1 X176.418 Y74.746 E695.37126
G1 X178.671 Y72.492 E695.56867
G1 X178.853 Y72.641 E695.58324
G1 X179.1 Y72.742 E695.59977
G1 X176.676 Y75.166 E695.81212
G1 X176.878 Y75.643 E695.8442
G1 X179.581 Y72.94 E696.08099
G1 X179.59 Y72.945 E696.08163
G1 X180.183 Y73.017 E696.11863
G1 X176.971 Y76.228 E696.39996
G1 X177 Y76.443 E696.4134
G1 X176.949 Y76.929 E696.44367
G1 X180.766 Y73.113 E696.778
G1 X180.766 Y73.792 E696.82006
G1 X176.648 Y77.909 E697.18076
G1 X176.621 Y77.978 E697.18535
G1 X176.158 Y78.599 E697.23333
G1 X175.535 Y79.092 E697.28255
G1 X175.419 Y79.139 E697.2903
G1 X174.755 Y79.41 E697.33472
G1 X174.429 Y79.449 E697.35506
G1 X103.112 Y150.767 E703.60259
G1 X102.433 Y150.767 E703.64465
G1 X173.731 Y79.468 E709.89051
G1 X173.243 Y79.411 E709.92094
G1 X173.149 Y79.372 E709.92725
G1 X101.754 Y150.767 E716.18156
G1 X101.075 Y150.767 E716.22362
G1 X172.665 Y79.177 E722.49502
G1 X172.516 Y79.117 E722.50497
G1 X172.248 Y78.915 E722.52576
G1 X100.397 Y150.767 E728.82006
G1 X99.718 Y150.767 E728.86212
G1 X171.872 Y78.612 E735.18297
G1 X171.572 Y78.234 E735.21286
G1 X99.039 Y150.767 E741.56687
G1 X98.36 Y150.767 E741.60893
G1 X171.315 Y77.812 E747.9999
G1 X171.115 Y77.333 E748.03206
G1 X97.681 Y150.767 E754.46499
G1 X97.003 Y150.767 E754.50699
G1 X171.024 Y76.745 E760.99139
G1 X170.988 Y76.504 E761.00648
G1 X171.055 Y76.035 E761.03583
G1 X96.324 Y150.767 E767.58243
G1 X95.645 Y150.767 E767.62449
G1 X171.382 Y75.029 E774.25921
G1 X171.401 Y74.983 E774.2623
G1 X171.855 Y74.39 E774.30856
G1 X172.353 Y74.004 E774.34759
G1 X172.483 Y73.929 E774.35688
G1 X172.663 Y73.825 E774.36976
G1 X173.224 Y73.59 E774.40744
G1 X173.54 Y73.55 E774.42717
G1 X177.253 Y69.837 E774.75243
G0 F1890 X177.547 Y69.543
G1 F2100 E772.75243
G0 F10500 X180.766 Y147.105
G1 F1500 E774.75243
G1 F2100 X180.406 Y147.464 E774.78393
G1 X180.766 Y147.662 E774.80938
G1 X180.766 Y146.426 E774.88594
G1 X179.928 Y147.263 E774.9593
G1 X179.331 Y147.182 E774.99662
G1 X180.766 Y145.747 E775.12233
G1 X180.766 Y145.068 E775.16439
G1 X178.582 Y147.252 E775.35571
G1 X178.455 Y147.269 E775.36365
G1 X177.747 Y147.573 E775.41138
G1 X177.168 Y148.034 E775.45722
G1 X176.744 Y148.59 E775.50054
G1 X176.613 Y148.907 E775.52178
G0 F1890 X176.454 Y149.291
G0 F10500 X176.464 Y150.728
G1 F2100 X176.469 Y150.767 E775.52422
G1 X175.745 Y150.767 E775.56907
G1 X176.379 Y150.134 E775.62456
G1 X176.365 Y150.035 E775.63075
G1 X176.441 Y149.393 E775.6708
G1 X175.066 Y150.767 E775.79121
G1 X174.388 Y150.767 E775.83321
G1 X180.766 Y144.389 E776.39193
G1 X180.766 Y143.71 E776.43399
G1 X173.709 Y150.767 E777.05219
G1 X173.03 Y150.767 E777.09425
G1 X180.766 Y143.032 E777.7719
G1 X180.766 Y142.353 E777.81395
G1 X172.351 Y150.767 E778.55108
G1 X171.672 Y150.767 E778.59314
G1 X180.766 Y141.674 E779.38974
G1 X180.766 Y140.995 E779.4318
G1 X170.993 Y150.767 E780.28789
G1 X170.315 Y150.767 E780.32989
G1 X175.18 Y145.902 E780.75607
G0 F1890 X175.474 Y145.608
G0 F10500 X176.178 Y143.565
G0 X176.25 Y142.983
G0 X176.176 Y142.431
G0 X175.94 Y141.86
G0 X175.579 Y141.397
G0 X175.135 Y141.058
G0 X174.677 Y140.869
G0 X172.564 Y140.372
G1 F2100 X172.449 Y140.422 E780.76384
G1 X171.835 Y140.919 E780.81277
G1 X171.401 Y141.48 E780.8567
G1 X171.363 Y141.574 E780.86298
G1 X162.169 Y150.767 E781.66835
G1 X162.848 Y150.767 E781.71041
G1 X171.054 Y142.561 E782.42927
G1 X170.998 Y143.039 E782.45908
G1 X171.029 Y143.265 E782.47321
G1 X163.526 Y150.767 E783.13044
G1 X164.205 Y150.767 E783.1725
G1 X171.122 Y143.85 E783.77844
G1 X171.329 Y144.322 E783.81037
G1 X164.884 Y150.767 E784.37496
G1 X165.563 Y150.767 E784.41702
G1 X171.582 Y144.749 E784.94425
G1 X171.884 Y145.125 E784.97412
G1 X166.242 Y150.767 E785.46837
G1 X166.921 Y150.767 E785.51043
G1 X172.251 Y145.437 E785.97735
G1 X172.683 Y145.683 E786.00814
G1 X167.599 Y150.767 E786.45351
G1 X168.278 Y150.767 E786.49557
G1 X173.165 Y145.881 E786.92363
G1 X173.253 Y145.917 E786.92952
G1 X173.749 Y145.975 E786.96045
G1 X168.957 Y150.767 E787.38024
G1 X169.636 Y150.767 E787.4223
G1 X174.458 Y145.946 E787.84467
G1 X174.803 Y145.9 E787.86623
G1 X175.532 Y145.583 E787.91547
G1 X176.145 Y145.103 E787.9637
G1 X176.63 Y144.452 E788.01399
G1 X180.766 Y140.316 E788.37631
G1 X180.766 Y139.638 E788.4183
G1 X176.947 Y143.456 E788.75281
G1 X177 Y142.944 E788.7847
G1 X176.974 Y142.75 E788.79682
G1 X180.766 Y138.959 E789.12896
G1 X180.766 Y138.28 E789.17102
G1 X176.885 Y142.16 E789.51096
G1 X176.68 Y141.687 E789.54289
G1 X180.766 Y137.601 E789.90083
G1 X180.766 Y136.922 E789.94289
G1 X176.425 Y141.263 E790.32317
G1 X176.129 Y140.88 E790.35315
G1 X180.766 Y136.243 E790.75936
G1 X180.766 Y135.565 E790.80136
G1 X175.748 Y140.582 E791.2409
G1 X175.467 Y140.373 E791.26259
G1 X175.33 Y140.321 E791.27167
G1 X180.766 Y134.886 E791.74783
G1 X180.766 Y134.207 E791.78989
G1 X174.84 Y140.133 E792.30902
G1 X174.74 Y140.093 E792.31569
G1 X174.262 Y140.031 E792.34555
G1 X180.766 Y133.528 E792.91526
G1 X180.766 Y132.849 E792.95732
G1 X173.56 Y140.055 E793.58858
G1 X173.194 Y140.1 E793.61142
G1 X172.564 Y140.372 E793.65393
G1 X180.766 Y132.17 E794.37244
G1 X180.766 Y131.492 E794.41443
G1 X161.49 Y150.767 E796.103
G1 X160.811 Y150.767 E796.14506
G1 X180.766 Y130.813 E797.8931
G1 X180.766 Y130.134 E797.93516
G1 X160.132 Y150.767 E799.74269
G1 X159.453 Y150.767 E799.78475
G1 X180.766 Y129.455 E801.65176
G1 X180.766 Y128.776 E801.69382
G1 X158.775 Y150.767 E803.62027
G1 X158.096 Y150.767 E803.66233
G1 X180.766 Y128.098 E805.64821
G1 X180.766 Y127.419 E805.69027
G1 X157.417 Y150.767 E807.73564
G1 X156.738 Y150.767 E807.77769
G1 X180.766 Y126.74 E809.88254
G1 X180.766 Y126.061 E809.9246
G1 X156.059 Y150.767 E812.08893
G1 X155.381 Y150.767 E812.13093
G1 X180.766 Y125.382 E814.35469
G1 X180.766 Y124.703 E814.39675
G1 X154.702 Y150.767 E816.68
G1 X154.023 Y150.767 E816.72206
G1 X180.766 Y124.025 E819.06475
G1 X180.766 Y123.346 E819.10681
G1 X153.344 Y150.767 E821.50897
G1 X152.665 Y150.767 E821.55103
G1 X180.766 Y122.667 E824.01268
G1 X180.766 Y121.988 E824.05474
G1 X151.986 Y150.767 E826.57587
G1 X151.308 Y150.767 E826.61787
G1 X180.766 Y121.309 E829.19844
G1 X180.766 Y120.631 E829.24043
G1 X150.629 Y150.767 E831.88044
G1 X149.95 Y150.767 E831.9225
G1 X180.766 Y119.952 E834.62199
G1 X180.766 Y119.273 E834.66405
G1 X149.271 Y150.767 E837.42301
G1 X148.592 Y150.767 E837.46507
G1 X180.766 Y118.594 E840.28352
G1 X180.766 Y117.915 E840.32558
G1 X147.914 Y150.767 E843.20347
G1 X147.235 Y150.767 E843.24553
G1 X180.766 Y117.236 E846.1829
G1 X180.766 Y116.558 E846.2249
G1 X146.556 Y150.767 E849.2217
G1 X145.877 Y150.767 E849.26376
G1 X180.766 Y115.879 E852.32005
G1 X180.766 Y115.2 E852.36211
G1 X145.198 Y150.767 E855.47788
G1 X144.519 Y150.767 E855.51994
G1 X180.766 Y114.521 E858.69519
G1 X180.766 Y113.842 E858.73725
G1 X143.841 Y150.767 E861.97194
G1 X143.162 Y150.767 E862.014
G1 X180.766 Y113.163 E865.30817
G1 X180.766 Y112.485 E865.35017
G1 X142.483 Y150.767 E868.70377
G1 X141.804 Y150.767 E868.74583
G1 X180.766 Y111.806 E872.15892
G1 X180.766 Y111.127 E872.20098
G1 X141.125 Y150.767 E875.67355
G1 X140.446 Y150.767 E875.71561
G1 X180.766 Y110.448 E879.24767
G1 X180.766 Y109.769 E879.28973
G1 X139.768 Y150.767 E882.88122
G1 X139.089 Y150.767 E882.92328
G1 X180.766 Y109.091 E886.5742
G1 X180.766 Y108.412 E886.61626
G1 X138.41 Y150.767 E890.32667
G1 X137.731 Y150.767 E890.36873
G1 X180.766 Y107.733 E894.13862
G1 X180.766 Y107.054 E894.18068
G1 X137.052 Y150.767 E898.01005
G1 X136.374 Y150.767 E898.05205
G1 X180.766 Y106.375 E901.94086
G1 X180.766 Y105.696 E901.98292
G1 X135.695 Y150.767 E905.93121
G1 X135.016 Y150.767 E905.97327
G1 X180.766 Y105.018 E909.981
G1 X180.766 Y104.339 E910.02306
G1 X134.337 Y150.767 E914.09027
G1 X133.658 Y150.767 E914.13233
G1 X180.766 Y103.66 E918.25902
G1 X180.766 Y102.981 E918.30108
G1 X132.979 Y150.767 E922.48725
G1 X132.301 Y150.767 E922.52925
G1 X180.766 Y102.302 E926.77486
G1 X180.766 Y101.623 E926.81692
G1 X131.622 Y150.767 E931.12202
G1 X130.944 Y150.767 E931.16401
G1 X180.766 Y100.945 E935.5285
G1 X180.766 Y100.266 E935.57056
G1 X130.265 Y150.767 E939.99453
G1 X129.586 Y150.767 E940.03659
G1 X180.766 Y99.587 E944.52004
G1 X180.766 Y98.908 E944.5621
G1 X128.907 Y150.767 E949.10503
G1 X128.228 Y150.767 E949.14709
G1 X180.766 Y98.229 E953.7495
G1 X180.766 Y97.551 E953.7915
G1 X127.55 Y150.767 E958.4533
G1 X126.871 Y150.767 E958.49536
G1 X180.766 Y96.872 E963.21665
G1 X180.766 Y96.193 E963.25871
G1 X126.192 Y150.767 E968.03948
G1 X125.513 Y150.767 E968.08154
G1 X180.766 Y95.514 E972.92179
G1 X180.766 Y94.835 E972.96385
G1 X124.834 Y150.767 E977.86358
G1 X124.155 Y150.767 E977.90564
G1 X180.766 Y94.156 E982.86485
G1 X180.766 Y93.478 E982.90685
G1 X123.477 Y150.767 E987.92546
G1 X122.798 Y150.767 E987.96752
G1 X180.766 Y92.799 E993.04561
G1 X180.766 Y92.12 E993.08767
G1 X122.119 Y150.767 E998.22524
G1 X121.44 Y150.767 E998.2673
G1 X180.766 Y91.441 E1003.46435
G1 X180.766 Y90.762 E1003.50641
G1 X120.761 Y150.767 E1008.76294
G1 X120.082 Y150.767 E1008.805
G1 X180.766 Y90.083 E1014.12101
G1 X180.766 Y89.405 E1014.16301
G1 X119.404 Y150.767 E1019.53842
G1 X118.725 Y150.767 E1019.58048
G1 X180.766 Y88.726 E1025.01537
G1 X180.766 Y88.047 E1025.05743
G1 X118.046 Y150.767 E1030.5518
G1 X117.367 Y150.767 E1030.59386
G1 X180.766 Y87.368 E1036.14771
G1 X180.766 Y86.689 E1036.18977
G1 X116.688 Y150.767 E1041.80311
G1 X116.01 Y150.767 E1041.84511
G1 X180.766 Y86.011 E1047.51784
G1 X180.766 Y85.332 E1047.5599
G1 X115.331 Y150.767 E1053.2921
G1 X114.652 Y150.767 E1053.33416
G1 X180.766 Y84.653 E1059.12586
G1 X180.766 Y83.974 E1059.16792
G1 X113.973 Y150.767 E1065.01909
G1 X113.294 Y150.767 E1065.06115
G1 X180.766 Y83.295 E1070.9718
G1 X180.766 Y82.616 E1071.01386
G1 X112.615 Y150.767 E1076.984
G1 X111.937 Y150.767 E1077.026
G1 X180.766 Y81.938 E1083.05553
G1 X180.766 Y81.259 E1083.09758
G1 X111.258 Y150.767 E1089.1866
G1 X110.579 Y150.767 E1089.22866
G1 X180.766 Y80.58 E1095.37715
G1 X180.766 Y79.901 E1095.41921
G1 X109.9 Y150.767 E1101.62718
G1 X109.221 Y150.767 E1101.66924
G1 X180.766 Y79.222 E1107.9367
G1 X180.766 Y78.544 E1107.97869
G1 X108.543 Y150.767 E1114.30554
G1 X107.864 Y150.767 E1114.3476
G1 X180.766 Y77.865 E1120.73393
G1 X180.766 Y77.186 E1120.77599
G1 X107.185 Y150.767 E1127.22181
G1 X106.506 Y150.767 E1127.26387
G1 X180.766 Y76.507 E1133.76916
G1 X180.766 Y75.828 E1133.81122
G1 X105.827 Y150.767 E1140.376
G1 X105.148 Y150.767 E1140.41806
G1 X180.766 Y75.149 E1147.04231
G1 X180.766 Y74.471 E1147.08431
G1 X104.47 Y150.767 E1153.76796
G1 X103.791 Y150.767 E1153.81002
G1 X175.125 Y79.433 E1160.05899
G0 F1890 X175.419 Y79.139
G0 F10500 X173.434 Y78.678
G0 X172.865 Y78.442
G0 X172.421 Y78.103
G0 X172.06 Y77.64
G0 X171.824 Y77.069
G0 X171.75 Y76.517
G0 X171.807 Y76.047
G0 X172.483 Y73.929
G1 F2100 X177.179 Y69.232 E1160.47041
G1 X176.5 Y69.232 E1160.51247
G1 X94.966 Y150.767 E1167.65502
G1 X94.287 Y150.767 E1167.69708
G1 X175.822 Y69.232 E1174.83968
G1 X175.143 Y69.232 E1174.88174
G1 X93.608 Y150.767 E1182.02433
G1 X92.93 Y150.767 E1182.06633
G1 X174.464 Y69.232 E1189.20888
G1 X173.785 Y69.232 E1189.25094
G1 X92.251 Y150.767 E1196.39349
G1 X91.572 Y150.767 E1196.43555
G1 X173.106 Y69.232 E1203.57811
G1 X172.427 Y69.232 E1203.62017
G1 X90.893 Y150.767 E1210.76272
G1 X90.214 Y150.767 E1210.80478
G1 X171.749 Y69.232 E1217.94737
G1 X171.07 Y69.232 E1217.98943
G1 X89.535 Y150.767 E1225.13203
G1 X88.857 Y150.767 E1225.17403
G1 X170.391 Y69.232 E1232.31658
G1 X169.712 Y69.232 E1232.35864
G1 X88.178 Y150.767 E1239.50119
G1 X87.499 Y150.767 E1239.54325
G1 X169.033 Y69.232 E1246.6858
G1 X168.355 Y69.232 E1246.7278
G1 X86.821 Y150.766 E1253.8703
G1 X86.142 Y150.766 E1253.91236
G1 X167.676 Y69.232 E1261.05487
G1 X166.997 Y69.232 E1261.09693
G1 X85.463 Y150.766 E1268.23944
G1 X84.784 Y150.766 E1268.2815
G1 X166.318 Y69.232 E1275.42401
G1 X165.639 Y69.232 E1275.46607
G1 X84.106 Y150.766 E1282.60853
G1 X83.427 Y150.766 E1282.65059
G1 X164.96 Y69.232 E1289.79305
G1 X164.282 Y69.232 E1289.83505
G1 X82.748 Y150.766 E1296.97756
G1 X82.069 Y150.766 E1297.01962
G1 X163.603 Y69.232 E1304.16213
G1 X162.924 Y69.232 E1304.20419
G1 X81.39 Y150.766 E1311.34669
G1 X80.711 Y150.766 E1311.38875
G1 X162.245 Y69.232 E1318.53126
G1 X161.566 Y69.232 E1318.57332
G1 X80.033 Y150.766 E1325.71579
G1 X79.354 Y150.766 E1325.75785
G1 X160.888 Y69.232 E1332.90035
G1 X160.209 Y69.232 E1332.94241
G1 X78.675 Y150.766 E1340.08492
G1 X77.996 Y150.766 E1340.12698
G1 X159.53 Y69.232 E1347.26949
G1 X158.851 Y69.232 E1347.31155
G1 X77.317 Y150.766 E1354.45406
G1 X76.639 Y150.766 E1354.49605
G1 X158.172 Y69.232 E1361.63852
G1 X157.493 Y69.232 E1361.68058
G1 X75.96 Y150.766 E1368.82304
G1 X75.281 Y150.766 E1368.8651
G1 X156.815 Y69.232 E1376.00761
G1 X156.136 Y69.232 E1376.04967
G1 X74.602 Y150.766 E1383.19218
G1 X73.923 Y150.766 E1383.23424
G1 X155.457 Y69.232 E1390.37674
G1 X154.778 Y69.232 E1390.4188
G1 X73.244 Y150.766 E1397.56131
G1 X72.566 Y150.766 E1397.60331
G1 X154.099 Y69.232 E1404.74577
G1 X153.42 Y69.232 E1404.78783
G1 X71.887 Y150.766 E1411.9303
G1 X71.208 Y150.766 E1411.97236
G1 X152.742 Y69.232 E1419.11486
G1 X152.063 Y69.232 E1419.15692
G1 X70.529 Y150.766 E1426.29943
G1 X69.85 Y150.766 E1426.34149
G1 X151.384 Y69.232 E1433.484
G1 X150.705 Y69.232 E1433.52606
G1 X69.172 Y150.766 E1440.66852
G1 X68.493 Y150.766 E1440.71058
G1 X150.026 Y69.232 E1447.85305
G1 X149.348 Y69.232 E1447.89504
G1 X67.814 Y150.766 E1455.03755
G1 X67.135 Y150.766 E1455.07961
G1 X148.669 Y69.232 E1462.22212
G1 X147.99 Y69.232 E1462.26418
G1 X66.456 Y150.766 E1469.40669
G1 X65.777 Y150.766 E1469.44875
G1 X147.311 Y69.232 E1476.59125
G1 X146.632 Y69.232 E1476.63331
G1 X65.099 Y150.766 E1483.77578
G1 X64.42 Y150.766 E1483.81784
G1 X145.953 Y69.232 E1490.9603
G1 X145.275 Y69.232 E1491.0023
G1 X63.741 Y150.766 E1498.14481
G1 X63.062 Y150.766 E1498.18687
G1 X144.596 Y69.232 E1505.32937
G1 X143.917 Y69.232 E1505.37143
G1 X62.383 Y150.766 E1512.51394
G1 X61.704 Y150.766 E1512.556
G1 X143.238 Y69.232 E1519.69851
G1 X142.559 Y69.232 E1519.74057
G1 X61.026 Y150.766 E1526.88303
G1 X60.347 Y150.766 E1526.92509
G1 X141.88 Y69.232 E1534.06756
G1 X141.202 Y69.232 E1534.10955
G1 X59.668 Y150.766 E1541.25206
G1 X58.989 Y150.766 E1541.29412
G1 X140.523 Y69.232 E1548.43663
G1 X139.844 Y69.232 E1548.47869
G1 X58.31 Y150.766 E1555.6212
G1 X57.632 Y150.766 E1555.6632
G1 X139.165 Y69.232 E1562.80566
G1 X138.486 Y69.232 E1562.84772
G1 X56.953 Y150.766 E1569.99018
G1 X56.274 Y150.766 E1570.03224
G1 X137.808 Y69.232 E1577.17475
G1 X137.129 Y69.232 E1577.21681
G1 X55.595 Y150.766 E1584.35932
G1 X54.916 Y150.766 E1584.40138
G1 X136.45 Y69.232 E1591.54389
G1 X135.771 Y69.232 E1591.58594
G1 X54.237 Y150.766 E1598.72845
G1 X53.559 Y150.766 E1598.77045
G1 X135.092 Y69.232 E1605.91291
G1 X134.413 Y69.232 E1605.95497
G1 X52.88 Y150.766 E1613.09744
G1 X52.201 Y150.766 E1613.1395
G1 X133.735 Y69.232 E1620.28201
G1 X133.056 Y69.232 E1620.32407
G1 X51.522 Y150.766 E1627.46657
G1 X50.843 Y150.766 E1627.50863
G1 X132.377 Y69.232 E1634.65114
G1 X131.698 Y69.232 E1634.6932
G1 X50.164 Y150.766 E1641.83571
G1 X49.486 Y150.766 E1641.87771
G1 X131.019 Y69.232 E1649.02017
G1 X130.34 Y69.232 E1649.06223
G1 X48.807 Y150.766 E1656.20469
G1 X48.128 Y150.766 E1656.24675
G1 X129.662 Y69.232 E1663.38926
G1 X128.983 Y69.232 E1663.43132
G1 X47.449 Y150.766 E1670.57383
G1 X46.77 Y150.766 E1670.61589
G1 X128.304 Y69.232 E1677.7584
G1 X127.625 Y69.232 E1677.80046
G1 X46.092 Y150.766 E1684.94292
G1 X45.413 Y150.766 E1684.98498
G1 X126.946 Y69.232 E1692.12744
G1 X126.268 Y69.232 E1692.16944
G1 X44.734 Y150.766 E1699.31195
G1 X44.055 Y150.766 E1699.35401
G1 X125.589 Y69.232 E1706.49652
G1 X124.91 Y69.232 E1706.53858
G1 X43.376 Y150.766 E1713.68108
G1 X42.905 Y150.765 E1713.71026
G1 X42.973 Y150.491 E1713.72775
G1 X124.231 Y69.232 E1720.84612
G1 X123.552 Y69.232 E1720.88818
G1 X48.329 Y144.456 E1727.47788
G1 X48.4 Y144.278 E1727.48975
G1 X48.492 Y143.614 E1727.53127
G1 X122.873 Y69.232 E1734.04721
G1 X122.195 Y69.232 E1734.08921
G1 X48.437 Y142.99 E1740.55052
G1 X48.392 Y142.677 E1740.57011
G1 X48.296 Y142.453 E1740.58521
G1 X121.516 Y69.232 E1746.99944
G1 X120.837 Y69.232 E1747.0415
G1 X48.097 Y141.972 E1753.41364
G1 X47.798 Y141.593 E1753.44354
G1 X120.158 Y69.232 E1759.78244
G1 X119.479 Y69.232 E1759.8245
G1 X47.467 Y141.245 E1766.13291
G1 X47.079 Y140.954 E1766.16295
G1 X118.801 Y69.232 E1772.44591
G1 X118.122 Y69.232 E1772.48797
G1 X46.613 Y140.741 E1778.75227
G1 X46.23 Y140.585 E1778.77789
G1 X46.106 Y140.569 E1778.78563
G1 X117.443 Y69.232 E1785.03487
G1 X116.764 Y69.232 E1785.07693
G1 X45.499 Y140.497 E1791.31985
G1 X44.696 Y140.598 E1791.36999
G1 X43.938 Y140.929 E1791.42122
G1 X43.345 Y141.397 E1791.46802
G1 X43.123 Y141.693 E1791.49093
G0 F1890 X42.874 Y142.026
G0 F10500 X42.596 Y142.721
G1 F2100 X39.233 Y146.084 E1791.78554
G1 X39.233 Y146.763 E1791.8276
G1 X42.488 Y143.509 E1792.1127
G1 X42.569 Y144.106 E1792.15002
G1 X39.402 Y147.273 E1792.42745
G1 X40.187 Y147.167 E1792.47652
G1 X42.736 Y144.618 E1792.69981
G1 X42.943 Y145.089 E1792.73168
G1 X40.81 Y147.223 E1792.91858
G1 X41.293 Y147.419 E1792.95087
G1 X43.252 Y145.46 E1793.12248
G1 X43.392 Y145.638 E1793.13651
G1 X43.596 Y145.794 E1793.15242
G1 X41.743 Y147.648 E1793.31479
G1 X42.128 Y147.941 E1793.34476
G1 X43.968 Y146.101 E1793.50594
G1 X44.454 Y146.294 E1793.53833
G1 X42.441 Y148.307 E1793.71468
G1 X42.61 Y148.513 E1793.73118
G1 X42.701 Y148.726 E1793.74553
G1 X44.986 Y146.441 E1793.9457
G1 X45.59 Y146.516 E1793.9834
G1 X42.915 Y149.191 E1794.21773
G1 X43.006 Y149.779 E1794.25459
G1 X46.447 Y146.338 E1794.55603
G1 X47.033 Y146.09 E1794.59544
G1 X47.655 Y145.601 E1794.64445
G1 X47.871 Y145.312 E1794.6668
G0 F1890 X48.12 Y144.979
G0 F10500 X47.676 Y142.931
G0 X47.44 Y142.36
G0 X47.079 Y141.897
G0 X46.72 Y141.623
G0 X44.722 Y140.596
G1 F2100 X116.085 Y69.232 E1800.91836
G1 X115.406 Y69.232 E1800.96042
G1 X39.233 Y145.405 E1807.63329
G1 X39.233 Y144.727 E1807.67529
G1 X114.728 Y69.232 E1814.28877
G1 X114.049 Y69.232 E1814.33083
G1 X39.233 Y144.048 E1820.88483
G1 X39.233 Y143.369 E1820.92689
G1 X113.37 Y69.232 E1827.42141
G1 X112.691 Y69.232 E1827.46347
G1 X39.233 Y142.69 E1833.89851
G1 X39.233 Y142.011 E1833.94057
G1 X112.012 Y69.232 E1840.31612
G1 X111.333 Y69.232 E1840.35818
G1 X39.233 Y141.332 E1846.67426
G1 X39.233 Y140.654 E1846.71626
G1 X110.655 Y69.232 E1852.97294
G1 X109.977 Y69.232 E1853.01493
G1 X39.233 Y139.975 E1859.21218
G1 X39.233 Y139.296 E1859.25424
G1 X109.298 Y69.232 E1865.392
G1 X108.619 Y69.232 E1865.43406
G1 X39.233 Y138.617 E1871.51234
G1 X39.233 Y137.938 E1871.5544
G1 X107.94 Y69.232 E1877.5732
G1 X107.261 Y69.232 E1877.61526
G1 X39.233 Y137.26 E1883.57462
G1 X39.233 Y136.581 E1883.61668
G1 X106.582 Y69.232 E1889.51656
G1 X105.904 Y69.232 E1889.55855
G1 X39.233 Y135.902 E1895.399
G1 X39.233 Y135.223 E1895.44106
G1 X105.225 Y69.232 E1901.22202
G1 X104.546 Y69.232 E1901.26407
G1 X39.233 Y134.544 E1906.98555
G1 X39.233 Y133.865 E1907.02761
G1 X103.867 Y69.232 E1912.68961
G1 X103.188 Y69.232 E1912.73167
G1 X39.233 Y133.187 E1918.33423
G1 X39.233 Y132.508 E1918.37629
G1 X102.509 Y69.232 E1923.91937
G1 X101.831 Y69.232 E1923.96137
G1 X39.233 Y131.829 E1929.44501
G1 X39.233 Y131.15 E1929.48707
G1 X101.152 Y69.232 E1934.91122
G1 X100.473 Y69.232 E1934.95328
G1 X39.233 Y130.471 E1940.31796
G1 X39.233 Y129.792 E1940.36002
G1 X99.794 Y69.232 E1945.66522
G1 X99.115 Y69.232 E1945.70728
G1 X39.233 Y129.114 E1950.95303
G1 X39.233 Y128.435 E1950.99509
G1 X98.437 Y69.232 E1956.18141
G1 X97.758 Y69.232 E1956.22347
G1 X39.233 Y127.756 E1961.35031
G1 X39.233 Y127.077 E1961.39237
G1 X97.079 Y69.232 E1966.45973
G1 X96.4 Y69.232 E1966.50179
G1 X39.233 Y126.398 E1971.50967
G1 X39.233 Y125.72 E1971.55166
G1 X95.721 Y69.232 E1976.5001
G1 X95.042 Y69.232 E1976.54216
G1 X39.233 Y125.041 E1981.43112
G1 X39.233 Y124.362 E1981.47318
G1 X94.364 Y69.232 E1986.3027
G1 X93.685 Y69.232 E1986.34476
G1 X39.233 Y123.683 E1991.1148
G1 X39.233 Y123.004 E1991.15686
G1 X93.006 Y69.232 E1995.86741
G1 X92.327 Y69.232 E1995.90947
G1 X39.233 Y122.325 E2000.56055
G1 X39.233 Y121.647 E2000.60254
G1 X91.648 Y69.232 E2005.19418
G1 X90.969 Y69.232 E2005.23624
G1 X39.233 Y120.968 E2009.7684
G1 X39.233 Y120.289 E2009.81046
G1 X90.291 Y69.232 E2014.28317
G1 X89.612 Y69.232 E2014.32523
G1 X39.233 Y119.61 E2018.73847
G1 X39.233 Y118.931 E2018.78053
G1 X88.933 Y69.232 E2023.13429
G1 X88.254 Y69.232 E2023.17635
G1 X39.233 Y118.253 E2027.47066
G1 X39.233 Y117.574 E2027.51272
G1 X87.575 Y69.232 E2031.74756
G1 X86.897 Y69.232 E2031.78956
G1 X39.233 Y116.895 E2035.96495
G1 X39.233 Y116.216 E2036.00701
G1 X86.218 Y69.232 E2040.12293
G1 X85.539 Y69.232 E2040.16499
G1 X39.233 Y115.537 E2044.22143
G1 X39.233 Y114.858 E2044.26349
G1 X84.86 Y69.232 E2048.26044
G1 X84.181 Y69.232 E2048.3025
G1 X39.233 Y114.18 E2052.24002
G1 X39.233 Y113.501 E2052.28208
G1 X83.502 Y69.232 E2056.16011
G1 X82.824 Y69.232 E2056.20211
G1 X39.233 Y112.822 E2060.0207
G1 X39.233 Y112.143 E2060.06276
G1 X82.145 Y69.232 E2063.82188
G1 X81.466 Y69.232 E2063.86394
G1 X39.233 Y111.464 E2067.56357
G1 X39.233 Y110.785 E2067.60563
G1 X80.787 Y69.232 E2071.24579
G1 X80.108 Y69.232 E2071.28785
G1 X39.233 Y110.107 E2074.86856
G1 X39.233 Y109.428 E2074.91062
G1 X79.43 Y69.232 E2078.4319
G1 X78.751 Y69.232 E2078.47396
G1 X39.233 Y108.749 E2081.93575
G1 X39.233 Y108.07 E2081.97781
G1 X78.072 Y69.232 E2085.38013
G1 X77.393 Y69.232 E2085.42219
G1 X39.233 Y107.391 E2088.76502
G1 X39.233 Y106.713 E2088.80702
G1 X76.714 Y69.232 E2092.09041
G1 X76.035 Y69.232 E2092.13247
G1 X39.233 Y106.034 E2095.35639
G1 X39.233 Y105.355 E2095.39844
G1 X75.357 Y69.232 E2098.56292
G1 X74.678 Y69.232 E2098.60498
G1 X39.233 Y104.676 E2101.70998
G1 X39.233 Y103.997 E2101.75203
G1 X73.999 Y69.232 E2104.79755
G1 X73.32 Y69.232 E2104.83961
G1 X39.233 Y103.318 E2107.82564
G1 X39.233 Y102.64 E2107.86764
G1 X72.641 Y69.232 E2110.79423
G1 X71.962 Y69.232 E2110.83629
G1 X39.233 Y101.961 E2113.7034
G1 X39.233 Y101.282 E2113.74546
G1 X71.284 Y69.232 E2116.55314
G1 X70.605 Y69.232 E2116.5952
G1 X39.233 Y100.603 E2119.34339
G1 X39.233 Y99.924 E2119.38545
G1 X69.926 Y69.232 E2122.07416
G1 X69.247 Y69.232 E2122.11622
G1 X39.233 Y99.245 E2124.74545
G1 X39.233 Y98.567 E2124.78745
G1 X68.568 Y69.232 E2127.35724
G1 X67.89 Y69.232 E2127.39924
G1 X39.233 Y97.888 E2129.90959
G1 X39.233 Y97.209 E2129.95165
G1 X67.211 Y69.232 E2132.40253
G1 X66.532 Y69.232 E2132.44459
G1 X39.233 Y96.53 E2134.83598
G1 X39.233 Y95.851 E2134.87804
G1 X65.853 Y69.232 E2137.20995
G1 X65.174 Y69.232 E2137.25201
G1 X39.233 Y95.173 E2139.52448
G1 X39.233 Y94.494 E2139.56654
G1 X64.495 Y69.232 E2141.77953
G1 X63.817 Y69.232 E2141.82153
G1 X39.233 Y93.815 E2143.97508
G1 X39.233 Y93.136 E2144.01714
G1 X63.138 Y69.232 E2146.11122
G1 X62.459 Y69.232 E2146.15328
G1 X39.233 Y92.457 E2148.18787
G1 X39.233 Y91.778 E2148.22993
G1 X61.78 Y69.232 E2150.20504
G1 X61.101 Y69.232 E2150.2471
G1 X39.233 Y91.1 E2152.16277
G1 X39.233 Y90.421 E2152.20483
G1 X60.422 Y69.232 E2154.06102
G1 X59.744 Y69.232 E2154.10301
G1 X39.233 Y89.742 E2155.89977
G1 X39.233 Y89.063 E2155.94183
G1 X59.065 Y69.232 E2157.6791
G1 X58.386 Y69.232 E2157.72116
G1 X39.233 Y88.384 E2159.39895
G1 X39.233 Y87.705 E2159.44101
G1 X57.707 Y69.232 E2161.05931
G1 X57.028 Y69.232 E2161.10137
G1 X39.233 Y87.027 E2162.66024
G1 X39.233 Y86.348 E2162.7023
G1 X46.164 Y79.417 E2163.30947
G1 X45.476 Y79.508 E2163.35246
G1 X45.406 Y79.497 E2163.35685
G1 X39.233 Y85.669 E2163.89757
G1 X39.233 Y84.99 E2163.93963
G1 X44.815 Y79.409 E2164.42858
G1 X44.702 Y79.393 E2164.43565
G1 X44.313 Y79.232 E2164.46172
G1 X39.233 Y84.311 E2164.9067
G1 X39.233 Y83.633 E2164.94869
G1 X43.863 Y79.002 E2165.35433
G1 X43.476 Y78.711 E2165.38433
G1 X39.233 Y82.954 E2165.75602
G1 X39.233 Y82.275 E2165.79808
G1 X43.158 Y78.35 E2166.14192
G1 X43.04 Y78.199 E2166.15379
G1 X42.888 Y77.942 E2166.17228
G1 X39.233 Y81.596 E2166.49242
G1 X39.233 Y80.917 E2166.53448
G1 X42.674 Y77.476 E2166.83592
G1 X42.593 Y77.281 E2166.849
G1 X42.545 Y76.927 E2166.87113
G1 X39.233 Y80.238 E2167.16122
G1 X39.233 Y79.56 E2167.20322
G1 X42.525 Y76.268 E2167.4916
G1 X42.58 Y75.749 E2167.52393
G1 X42.737 Y75.377 E2167.54894
G1 X39.233 Y78.881 E2167.8559
G1 X39.233 Y78.202 E2167.89796
G1 X48.204 Y69.232 E2168.68379
G1 X47.525 Y69.232 E2168.72585
G1 X39.233 Y77.523 E2169.4522
G1 X39.233 Y76.844 E2169.49426
G1 X46.846 Y69.232 E2170.16112
G1 X46.167 Y69.232 E2170.20318
G1 X39.233 Y76.166 E2170.81061
G1 X39.233 Y75.487 E2170.85267
G1 X45.488 Y69.232 E2171.40062
G1 X44.81 Y69.232 E2171.44262
G1 X42.81 Y71.231 E2171.61778
G1 X42.926 Y70.96 E2171.63604
G1 X43.011 Y70.352 E2171.67407
G1 X44.131 Y69.232 E2171.77218
G1 X43.452 Y69.232 E2171.81424
G1 X42.969 Y69.715 E2171.85655
G1 X42.956 Y69.628 E2171.862
G0 F1890 X42.928 Y69.432
G0 X42.841 Y69.232
G0 F10500 X42.63 Y71.653
G1 F2100 X42.203 Y72.196 E2171.90479
G1 X41.637 Y72.639 E2171.94931
G1 X41.232 Y72.809 E2171.97652
G1 X39.233 Y74.808 E2172.15163
G1 X39.233 Y74.129 E2172.19369
G1 X40.318 Y73.045 E2172.2887
G1 X39.717 Y72.967 E2172.32624
G1 X39.233 Y73.45 E2172.36859
G1 X39.233 Y72.846 E2172.40601
G1 X39.234 Y72.847 E2172.4061
G0 F1890 X39.635 Y72.957
G0 F10500 X42.893 Y75.009
G1 F2100 X43.338 Y74.41 E2172.45232
G1 X43.991 Y73.893 E2172.50391
G1 X44.377 Y73.737 E2172.5297
G1 X48.882 Y69.232 E2172.92434
G1 X49.561 Y69.232 E2172.9664
G1 X45.27 Y73.523 E2173.3423
G1 X45.514 Y73.494 E2173.35752
G1 X45.927 Y73.545 E2173.3833
G1 X50.24 Y69.232 E2173.76113
G1 X50.919 Y69.232 E2173.80319
G1 X46.476 Y73.674 E2174.19236
G1 X46.961 Y73.869 E2174.22474
G1 X51.598 Y69.232 E2174.63094
G1 X52.277 Y69.232 E2174.673
G1 X47.351 Y74.157 E2175.10449
G1 X47.601 Y74.344 E2175.12382
G1 X47.708 Y74.479 E2175.1345
G1 X52.955 Y69.232 E2175.59414
G1 X53.634 Y69.232 E2175.6362
G1 X48.006 Y74.859 E2176.12918
G1 X48.088 Y74.965 E2176.13748
G1 X48.234 Y75.311 E2176.16074
G1 X54.313 Y69.232 E2176.69327
G1 X54.992 Y69.232 E2176.73533
G1 X48.407 Y75.816 E2177.31214
G1 X48.501 Y76.402 E2177.34891
G1 X55.671 Y69.232 E2177.97701
G1 X56.35 Y69.232 E2178.01907
G1 X48.421 Y77.16 E2178.71362
G1 X48.407 Y77.275 E2178.7208
G1 X48.107 Y77.999 E2178.76934
G1 X47.656 Y78.596 E2178.81569
G1 X47.033 Y79.09 E2178.86494
G1 X46.556 Y79.284 E2178.89684
G0 F1890 X46.254 Y79.406
G0 X46.164 Y79.417
G1 F2100 E2176.89684
;MESH:NONMESH
G0 F300 X46.164 Y79.417 Z1.6
G0 F10500 X43.896 Y78.129
G0 X43.528 Y77.658
G0 X42.02 Y71.267
G0 X42.244 Y70.729
G0 X42.31 Y70.183
G0 X42.242 Y69.666
G0 X42.017 Y69.127
G0 X41.679 Y68.696
G0 X41.047 Y68.761
G0 X40.702 Y68.617
G0 X39.086 Y68.452
G0 X39.785 Y68.332
;TIME_ELAPSED:5450.341764
;LAYER:4
;TYPE:WALL-INNER
;MESH:Reloj carcasa piso.stl
G1 F1500 E2178.89684
G1 F1205 X40.215 Y68.306 E2178.92341
G1 F1212.6 X40.589 Y68.328 E2178.94637
G0 F10500 X41.314 Y68.456
G0 X39.782 Y68.582
G0 X38.49 Y69.084
G0 X38.539 Y69.203
G1 F1076.6 X38.824 Y68.83 E2178.97878
G1 F1072.6 X39.201 Y68.539 E2179.01179
G1 F1112 X39.709 Y68.334 E2179.04841
G1 F1082.7 X38.356 Y68.356 E2179.14131
G1 F1088.8 X38.329 Y69.742 E2179.23594
G1 F1125 X38.539 Y69.203 E2179.27416
G0 F10500 X38.328 Y69.82
G1 F1215.2 X38.306 Y70.215 E2179.29836
G1 F1202.5 X38.332 Y70.624 E2179.3237
G0 F10500 X38.452 Y71.314
G0 X43.921 Y78.103
G0 X44.365 Y78.442
G0 X44.934 Y78.678
G0 X45.517 Y78.751
G0 X46.628 Y78.511
G0 X46.545 Y78.309
G1 F1200 X46.035 Y78.514 E2179.35775
G1 X45.504 Y78.59 E2179.39097
G1 X44.954 Y78.515 E2179.42536
G1 X44.478 Y78.316 E2179.45732
G1 X44.043 Y77.997 E2179.49073
G1 X43.701 Y77.565 E2179.52486
G1 X43.478 Y77.027 E2179.56093
G1 X43.416 Y76.513 E2179.593
G1 X43.475 Y75.979 E2179.62628
G1 X43.684 Y75.47 E2179.66037
G1 X44.01 Y75.04 E2179.69379
G1 X44.433 Y74.701 E2179.72737
G1 X44.987 Y74.477 E2179.76439
G1 X45.513 Y74.416 E2179.79719
G1 X46.021 Y74.476 E2179.82887
G1 X46.525 Y74.679 E2179.86253
G1 X46.962 Y75.008 E2179.89641
G1 X47.292 Y75.437 E2179.92994
G1 X47.504 Y75.917 E2179.96244
G1 X47.587 Y76.48 E2179.9977
G1 X47.522 Y77.021 E2180.03145
G1 X47.318 Y77.531 E2180.06547
G1 X46.996 Y77.95 E2180.09821
G1 X46.87 Y78.05 E2180.10817
G0 F1080 X46.545 Y78.309
G1 F2100 E2178.10817
G0 F10500 X46.628 Y78.511
G0 X47.75 Y143.483
G0 X47.678 Y144.065
G0 X47.17 Y145.09
G0 X46.997 Y144.957
G1 F1500 E2180.10817
G1 F1200 X46.569 Y145.296 E2180.14199
G1 X46.059 Y145.513 E2180.17632
G1 X45.546 Y145.586 E2180.20842
G1 X44.99 Y145.525 E2180.24307
G1 X44.473 Y145.321 E2180.2775
G1 X44.034 Y144.986 E2180.3117
G1 X43.703 Y144.564 E2180.34492
G1 X43.478 Y144.029 E2180.38088
G1 X43.416 Y143.513 E2180.41307
G1 X43.475 Y142.982 E2180.44616
G1 X43.679 Y142.475 E2180.48002
G1 X44.01 Y142.035 E2180.51412
G1 X44.439 Y141.706 E2180.54761
G1 X44.919 Y141.495 E2180.58009
G1 X45.521 Y141.413 E2180.61772
G1 X46.029 Y141.482 E2180.64948
G1 X46.539 Y141.689 E2180.68357
G1 X46.949 Y141.999 E2180.71541
G1 X47.296 Y142.432 E2180.74978
G1 X47.511 Y142.939 E2180.7839
G1 X47.589 Y143.49 E2180.81837
G1 X47.515 Y144.044 E2180.85299
G1 X47.316 Y144.521 E2180.88501
G1 X47.242 Y144.622 E2180.89276
G0 F1080 X46.997 Y144.957
G0 F10500 X47.17 Y145.09
G0 X46.64 Y145.44
G0 X39.146 Y148.214
G0 X38.907 Y148.402
G0 X38.456 Y148.886
G0 X38.328 Y149.62
G1 F1215.2 X38.306 Y150.015 E2180.91696
G1 F1202.5 X38.332 Y150.424 E2180.94229
G0 F10500 X38.452 Y151.114
G0 X38.797 Y151.51
G0 X38.9 Y151.46
G1 F1125 X38.773 Y151.267 E2180.95756
G1 F1152 X38.551 Y150.991 E2180.98041
G1 F1149.7 X38.332 Y150.486 E2181.016
G1 F1152 X38.329 Y151.671 E2181.09246
G1 X38.628 Y151.667 E2181.11176
G1 F1122.8 X38.843 Y151.628 E2181.12622
G1 F1097.1 X39.12 Y151.629 E2181.14499
G1 X38.915 Y151.472 E2181.16249
G0 F1080 X38.9 Y151.46
G1 F2100 E2179.16249
G0 F10500 X38.797 Y151.51
G0 X40.073 Y151.654
G0 X172.887 Y145.017
G0 X172.969 Y144.819
G1 F1500 E2181.16249
G1 F1200 X172.544 Y144.489 E2181.19582
G1 X172.218 Y144.089 E2181.22778
G1 X171.996 Y143.583 E2181.26201
G1 X171.913 Y143.021 E2181.2972
G1 X171.974 Y142.497 E2181.32988
G1 X172.201 Y141.942 E2181.36702
G1 X172.5 Y141.549 E2181.39761
G1 X172.928 Y141.206 E2181.43158
G1 X173.441 Y140.988 E2181.46611
G1 X174.026 Y140.911 E2181.50266
G1 X174.517 Y140.982 E2181.53339
G1 X174.998 Y141.167 E2181.56531
G1 X175.454 Y141.501 E2181.60033
G1 X175.796 Y141.93 E2181.63431
G1 X176.015 Y142.445 E2181.66898
G1 X176.084 Y142.985 E2181.7027
G1 X176.024 Y143.519 E2181.73598
G1 X175.825 Y144.016 E2181.76915
G1 X175.485 Y144.466 E2181.80408
G1 X175.077 Y144.79 E2181.83635
G1 X174.577 Y145.005 E2181.87007
G1 X174.028 Y145.09 E2181.90448
G1 X173.481 Y145.024 E2181.93861
G1 X173.355 Y144.973 E2181.94703
G0 F1080 X172.969 Y144.819
G0 F10500 X172.887 Y145.017
G0 X177.797 Y151.51
G0 X177.904 Y151.455
G1 F1161.3 X177.807 Y151.303 E2181.95857
G1 F1195 X177.552 Y150.972 E2181.98456
G1 F1200 X177.358 Y150.517 E2182.0152
G1 X177.287 Y150.026 E2182.04593
G1 X177.345 Y149.531 E2182.0768
G1 X177.557 Y149.016 E2182.1113
G1 X177.849 Y148.655 E2182.14006
G1 X178.232 Y148.35 E2182.17039
G1 X178.703 Y148.153 E2182.20202
G1 X179.217 Y148.087 E2182.23412
G1 X179.683 Y148.148 E2182.26323
G1 X180.175 Y148.352 E2182.29622
G1 F1190.1 X180.527 Y148.627 E2182.32412
G1 F1161.3 X180.86 Y149.019 E2182.35704
G1 F1109.8 X181.085 Y149.501 E2182.39267
G1 F1084.7 X181.131 Y149.985 E2182.42598
G1 F1001.7 X181.09 Y150.505 E2182.46469
G1 F872.7 X180.926 Y151.041 E2182.51243
G1 F831.2 X180.537 Y151.55 E2182.56972
G1 X180.821 Y151.57 E2182.59519
G1 F827.6 X181.572 Y151.572 E2182.66264
G1 F826.4 X181.572 Y151.223 E2182.69403
G1 F923.1 X181.644 Y150.471 E2182.75486
G1 F1068.6 X181.657 Y149.985 E2182.78868
G1 F1066.7 X181.643 Y149.533 E2182.82019
G1 F1114.1 X181.68 Y148.317 E2182.90136
G1 F1200 X181.681 Y71.628 E2187.65176
G1 F1202.5 X181.681 Y71.523 E2187.65825
G1 X181.28 Y71.844 E2187.69
G1 F1200 X180.817 Y72.042 E2187.72119
G1 X180.326 Y72.114 E2187.75193
G1 X179.822 Y72.053 E2187.78338
G1 X179.334 Y71.845 E2187.81624
G1 X178.962 Y71.565 E2187.84508
G1 X178.664 Y71.189 E2187.8748
G1 X178.464 Y70.733 E2187.90564
G1 X178.385 Y70.225 E2187.93749
G1 X178.446 Y69.723 E2187.96881
G1 X178.654 Y69.222 E2188.00242
G1 F1195 X178.93 Y68.869 E2188.03029
G1 F1182.8 X179.312 Y68.555 E2188.06137
G1 F1168.4 X179.817 Y68.331 E2188.09651
G1 F1180.3 X178.582 Y68.32 E2188.17429
G1 F1200 X41.867 Y68.32 E2196.64292
G1 F1187.6 X40.652 Y68.328 E2196.71897
G1 F1182.8 X41.173 Y68.549 E2196.75454
G1 F1192.5 X41.536 Y68.833 E2196.78326
G1 F1197.5 X41.842 Y69.217 E2196.81374
G1 F1200 X42.042 Y69.683 E2196.84515
G1 X42.115 Y70.183 E2196.87645
G1 X42.046 Y70.694 E2196.9084
G1 X41.839 Y71.185 E2196.9414
G1 X41.557 Y71.545 E2196.96973
G1 X41.187 Y71.837 E2196.99893
G1 X40.727 Y72.039 E2197.03005
G1 X40.223 Y72.114 E2197.06161
G1 X39.724 Y72.054 E2197.09274
G1 X39.227 Y71.849 E2197.12604
G1 F1195 X38.869 Y71.571 E2197.15424
G1 F1180.3 X38.556 Y71.188 E2197.18539
G1 F1163.6 X38.331 Y70.686 E2197.22053
G1 F1177.9 X38.321 Y71.671 E2197.28269
G1 F1197.5 X38.322 Y91.141 E2198.49125
G1 F1192.5 X38.324 Y110.611 E2199.70483
G1 F1185.2 X38.325 Y130.081 E2200.92595
G1 F1180.3 X38.327 Y149.551 E2202.15209
G1 X38.553 Y149.022 E2202.18832
G1 F1190.1 X38.833 Y148.664 E2202.21671
G1 F1200 X39.221 Y148.355 E2202.24743
G1 X39.686 Y148.156 E2202.27876
G1 X40.212 Y148.086 E2202.31163
G1 X40.69 Y148.151 E2202.34151
G1 X41.162 Y148.347 E2202.37317
G1 X41.525 Y148.63 E2202.40168
G1 X41.829 Y148.999 E2202.4313
G1 X42.035 Y149.477 E2202.46354
G1 X42.114 Y149.968 E2202.49434
G1 X42.055 Y150.475 E2202.52596
G1 X41.85 Y150.97 E2202.55915
G1 F1197.5 X41.622 Y151.27 E2202.58254
G1 F1161.3 X41.528 Y151.424 E2202.59409
G1 F1129.4 X41.258 Y151.634 E2202.6166
G1 X41.601 Y151.634 E2202.63917
G1 F1161.3 X41.821 Y151.676 E2202.65351
G1 F1195 X177.628 Y151.675 E2211.10095
G1 F1161.3 X177.843 Y151.634 E2211.11496
G1 F1131.6 X178.142 Y151.635 E2211.1346
G1 X177.921 Y151.468 E2211.15279
G0 F1080 X177.904 Y151.455
G1 F2100 E2209.15279
G0 F10500 X177.797 Y151.51
G0 X177.414 Y151.054
G0 X177.194 Y150.525
G0 X173.385 Y78.723
G0 X173.469 Y78.521
G1 F1500 E2211.15279
G1 F1200 X172.96 Y78.311 E2211.1869
G1 X172.539 Y77.993 E2211.21958
G1 X172.205 Y77.57 E2211.25297
G1 X171.989 Y77.061 E2211.28722
G1 X171.911 Y76.509 E2211.32175
G1 X171.987 Y75.95 E2211.35669
G1 X172.204 Y75.443 E2211.39086
G1 X172.505 Y75.041 E2211.42196
G1 X172.935 Y74.701 E2211.45592
G1 X173.474 Y74.477 E2211.49208
G1 X174.013 Y74.416 E2211.52568
G1 X174.517 Y74.476 E2211.55712
G1 X175.03 Y74.682 E2211.59136
G1 X175.464 Y75.01 E2211.62506
G1 X175.791 Y75.435 E2211.65827
G1 X176.015 Y75.944 E2211.69272
G1 X176.084 Y76.485 E2211.7265
G1 X176.024 Y77.02 E2211.75985
G1 X175.82 Y77.527 E2211.7937
G1 X175.495 Y77.958 E2211.82714
G1 X175.086 Y78.283 E2211.8595
G1 X174.553 Y78.513 E2211.89546
G1 X174.013 Y78.588 E2211.92923
G1 X173.881 Y78.571 E2211.93748
G0 F1080 X173.469 Y78.521
G0 F10500 X173.385 Y78.723
G0 X174.017 Y78.751
G0 X174.57 Y78.676
G0 X175.14 Y78.44
G0 X175.603 Y78.079
G0 X175.942 Y77.635
G0 X176.178 Y77.065
G0 X178.292 Y69.68
G0 X178.512 Y69.15
G0 X178.687 Y68.923
G0 X179.186 Y68.452
G0 X179.885 Y68.332
G1 F1205 X180.315 Y68.306 E2211.96405
G1 F1212.6 X180.689 Y68.328 E2211.98701
G0 F10500 X181.237 Y68.56
G1 F1321.1 X181.703 Y68.919 E2212.02011
G1 F1288.6 X181.71 Y68.28 E2212.05697
G1 F1246.8 X180.74 Y68.326 E2212.11487
G1 F1277.2 X181.237 Y68.56 E2212.14684
G1 F2100 E2210.14684
G0 F10500 X181.414 Y68.456
G0 X181.917 Y69.78
G0 X181.97 Y70.185
G0 X181.918 Y70.618
G0 X181.739 Y71.047
G0 X181.491 Y71.37
G0 X179.862 Y72.279
G0 X179.947 Y71.585
;TYPE:WALL-OUTER
G1 F1500 E2212.14684
G1 F1200 X179.573 Y71.429 E2212.17195
G1 X179.303 Y71.22 E2212.1931
G1 X179.085 Y70.948 E2212.21469
G1 X178.927 Y70.59 E2212.23893
G1 X178.87 Y70.218 E2212.26224
G1 X178.915 Y69.845 E2212.28551
G1 X179.073 Y69.465 E2212.311
G1 X179.3 Y69.186 E2212.33328
G1 F1202.5 X179.567 Y68.974 E2212.35436
G1 X179.921 Y68.821 E2212.3782
G1 X180.315 Y68.773 E2212.40273
G1 F1200 X180.625 Y68.811 E2212.42208
G1 X181.029 Y68.97 E2212.44897
G1 X181.274 Y69.16 E2212.46818
G1 X181.526 Y69.465 E2212.49268
G1 X181.681 Y69.846 E2212.51816
G1 F1230.8 X181.716 Y70.185 E2212.53875
G1 F1233.4 X181.686 Y70.534 E2212.55986
G1 F1205 X181.529 Y70.929 E2212.58608
G1 X181.299 Y71.213 E2212.60862
G1 F1202.5 X181.032 Y71.428 E2212.62981
G1 X180.685 Y71.577 E2212.65315
G1 F1200 X180.317 Y71.63 E2212.67618
G1 X179.973 Y71.588 E2212.69765
G0 F1080 X179.947 Y71.585
G1 F2100 E2210.69765
G0 F10500 X179.862 Y72.279
G0 X175.603 Y78.079
G0 X175.14 Y78.44
G0 X174.57 Y78.676
G0 X174.017 Y78.751
G0 X172.941 Y78.539
G0 X173.208 Y77.895
G1 F1500 E2212.69765
G1 F1200 X172.881 Y77.648 E2212.72304
G1 X172.625 Y77.326 E2212.74852
G1 X172.456 Y76.932 E2212.77507
G1 X172.397 Y76.53 E2212.80024
G1 X172.447 Y76.102 E2212.82693
G1 X172.62 Y75.682 E2212.85507
G1 X172.875 Y75.36 E2212.88051
G1 X173.179 Y75.119 E2212.90454
G1 X173.619 Y74.943 E2212.9339
G1 X174.013 Y74.893 E2212.9585
G1 X174.417 Y74.952 E2212.98379
G1 X174.77 Y75.094 E2213.00736
G1 X175.107 Y75.341 E2213.03324
G1 X175.378 Y75.679 E2213.06008
G1 X175.537 Y76.048 E2213.08497
G1 X175.604 Y76.485 E2213.11235
G1 X175.557 Y76.88 E2213.13699
G1 X175.399 Y77.289 E2213.16415
G1 X175.148 Y77.621 E2213.18993
G1 X174.817 Y77.88 E2213.21597
G1 X174.401 Y78.053 E2213.24387
G1 X174.012 Y78.107 E2213.2682
G1 X173.614 Y78.056 E2213.29306
G1 X173.595 Y78.048 E2213.29433
G0 F1080 X173.208 Y77.895
G1 F2100 E2211.29433
G0 F10500 X172.941 Y78.539
G0 X171.75 Y143.017
G0 X171.824 Y143.569
G0 X172.06 Y144.14
G0 X172.351 Y144.514
G0 X172.944 Y145.04
G0 X173.21 Y144.398
G1 F1500 E2213.29433
G1 F1200 X172.88 Y144.147 E2213.32002
G1 X172.62 Y143.818 E2213.34599
G1 X172.455 Y143.428 E2213.37222
G1 X172.394 Y143.017 E2213.39796
G1 X172.444 Y142.614 E2213.42311
G1 X172.62 Y142.182 E2213.45201
G1 X172.855 Y141.878 E2213.47581
G1 X173.198 Y141.612 E2213.5027
G1 X173.555 Y141.46 E2213.52673
G1 X174.002 Y141.397 E2213.5547
G1 X174.398 Y141.447 E2213.57942
G1 X174.789 Y141.602 E2213.60547
G1 X175.12 Y141.851 E2213.63113
G1 X175.379 Y142.177 E2213.65692
G1 X175.547 Y142.573 E2213.68357
G1 X175.604 Y142.985 E2213.70933
G1 X175.557 Y143.38 E2213.73397
G1 X175.392 Y143.796 E2213.76169
G1 X175.155 Y144.111 E2213.78611
G1 X174.821 Y144.378 E2213.8126
G1 X174.425 Y144.546 E2213.83924
G1 X174.03 Y144.603 E2213.86397
G1 X173.604 Y144.556 E2213.89051
G1 X173.596 Y144.553 E2213.89104
G0 F1080 X173.21 Y144.398
G1 F2100 E2211.89104
G0 F10500 X172.944 Y145.04
G0 X177.792 Y151.525
G0 X177.843 Y152.145
G1 F1500 E2213.89104
G1 F1131.6 X178.12 Y152.146 E2213.90924
G1 F1014.1 X178.832 Y152.087 E2213.96161
G1 F933.5 X179.215 Y152.097 E2213.99211
G1 F930.5 X179.609 Y152.084 E2214.0236
G1 F1036 X180.821 Y152.158 E2214.11073
G1 F1197.5 X182.16 Y152.16 E2214.19384
G1 F1200 X182.16 Y71.938 E2219.16309
G1 F1202.5 X182.161 Y70.575 E2219.24734
G1 F1233.4 X182.172 Y70.185 E2219.27086
G1 F1230.8 X182.16 Y69.812 E2219.29339
G1 F1200 X182.16 Y67.84 E2219.41555
G1 X37.84 Y67.84 E2228.35526
G1 X37.84 Y152.16 E2233.57835
G1 F1197.5 X38.628 Y152.159 E2233.62726
G1 F1037.8 X39.832 Y152.087 E2233.71365
G1 F933.5 X40.215 Y152.097 E2233.74416
G1 F930.5 X40.609 Y152.084 E2233.77565
G1 F1010.5 X41.29 Y152.145 E2233.82594
G1 F1129.4 X41.601 Y152.145 E2233.84641
G1 F1161.3 X41.821 Y152.158 E2233.86052
G1 F1195 X177.628 Y152.159 E2242.30795
G1 F1161.3 X177.843 Y152.145 E2242.32174
G0 F10500 X177.792 Y151.525
G0 X178.869 Y151.462
G1 F986.3 X178.489 Y151.27 E2242.35383
G1 F1097.1 X178.218 Y151.051 E2242.37744
G1 F1149.7 X177.971 Y150.729 E2242.40367
G1 F1175.5 X177.823 Y150.385 E2242.42735
G1 F1187.6 X177.77 Y150.015 E2242.45075
G1 F1197.5 X177.823 Y149.627 E2242.47506
G1 F1200 X177.975 Y149.267 E2242.49926
G1 X178.168 Y149.017 E2242.51883
G1 X178.461 Y148.778 E2242.54225
G1 X178.807 Y148.628 E2242.56561
G1 X179.214 Y148.571 E2242.59107
G1 X179.556 Y148.616 E2242.61243
G1 X179.933 Y148.772 E2242.63771
G1 X180.214 Y149 E2242.66012
G1 F1202.5 X180.426 Y149.264 E2242.68105
G1 X180.581 Y149.646 E2242.70653
G1 F1200 X180.628 Y149.985 E2242.72773
G1 X180.587 Y150.335 E2242.74956
G1 X180.425 Y150.733 E2242.77618
G1 F1163.6 X180.209 Y151.025 E2242.79938
G1 F1064.7 X179.919 Y151.283 E2242.82648
G1 F958.4 X179.564 Y151.456 E2242.85711
G1 F929 X179.259 Y151.489 E2242.88165
G1 F932 X178.869 Y151.462 E2242.91283
G1 F2100 E2240.91283
G0 F10500 X177.824 Y151.529
G0 X46.752 Y145.429
G0 X46.324 Y144.879
G1 F1500 E2242.91283
G1 F1200 X45.927 Y145.047 E2242.93953
G1 X45.515 Y145.106 E2242.96532
G1 X45.086 Y145.048 E2242.99213
G1 X44.711 Y144.896 E2243.0172
G1 X44.389 Y144.655 E2243.04211
G1 X44.127 Y144.329 E2243.06802
G1 X43.943 Y143.881 E2243.09802
G1 X43.893 Y143.512 E2243.12108
G1 X43.945 Y143.102 E2243.14668
G1 X44.102 Y142.71 E2243.17284
G1 X44.354 Y142.377 E2243.19871
G1 X44.682 Y142.12 E2243.22452
G1 X45.074 Y141.955 E2243.25087
G1 X45.528 Y141.897 E2243.27922
G1 X45.911 Y141.951 E2243.30318
G1 X46.282 Y142.1 E2243.32794
G1 X46.603 Y142.338 E2243.35269
G1 X46.869 Y142.665 E2243.3788
G1 X47.044 Y143.068 E2243.40602
G1 X47.103 Y143.47 E2243.43119
G1 X47.056 Y143.896 E2243.45774
G1 X46.897 Y144.287 E2243.48388
G1 X46.649 Y144.62 E2243.5096
G0 F1080 X46.648 Y144.622
G0 X46.324 Y144.879
G1 F2100 E2241.5096
G0 F10500 X46.752 Y145.429
G0 X41.572 Y151.528
G0 X40.914 Y151.271
G1 F1500 E2243.5096
G1 F979.6 X40.564 Y151.456 E2243.53964
G1 F929 X40.259 Y151.489 E2243.56419
G1 F932 X39.869 Y151.462 E2243.59537
G1 F966.4 X39.485 Y151.281 E2243.62802
G1 F1072.6 X39.218 Y151.051 E2243.65244
G1 F1166 X38.973 Y150.73 E2243.67818
G1 F1202.5 X38.823 Y150.383 E2243.70155
G1 X38.77 Y150.017 E2243.72441
G1 X38.814 Y149.65 E2243.74726
G1 X38.973 Y149.269 E2243.77278
G1 X39.16 Y149.026 E2243.79173
G1 F1200 X39.467 Y148.772 E2243.81641
G1 X39.815 Y148.624 E2243.83984
G1 X40.211 Y148.57 E2243.86459
G1 X40.541 Y148.614 E2243.88522
G1 X40.919 Y148.767 E2243.91048
G1 X41.193 Y148.976 E2243.93182
G1 X41.433 Y149.282 E2243.95591
G1 X41.574 Y149.613 E2243.9782
G1 X41.63 Y149.982 E2244.00132
G1 X41.585 Y150.353 E2244.02447
G1 X41.43 Y150.728 E2244.0496
G1 F1163.6 X41.209 Y151.025 E2244.07325
G1 F1129.4 X40.966 Y151.219 E2244.09372
G1 F1090.9 X40.914 Y151.271 E2244.09873
G1 F2100 E2242.09873
G0 F10500 X41.572 Y151.528
G0 X41.988 Y151.05
G0 X42.208 Y150.52
G0 X46.568 Y78.536
G0 X46.301 Y77.889
G1 F1500 E2244.09873
G1 F1200 X45.905 Y78.052 E2244.12525
G1 X45.527 Y78.104 E2244.14889
G1 X45.102 Y78.056 E2244.17538
G1 X44.712 Y77.897 E2244.20147
G1 X44.378 Y77.647 E2244.22731
G1 X44.119 Y77.321 E2244.2531
G1 X43.943 Y76.881 E2244.28246
G1 X43.893 Y76.512 E2244.30552
G1 X43.945 Y76.1 E2244.33125
G1 X44.11 Y75.7 E2244.35805
G1 X44.346 Y75.388 E2244.38228
G1 X44.679 Y75.119 E2244.4088
G1 X45.092 Y74.949 E2244.43647
G1 X45.511 Y74.893 E2244.46265
G1 X45.902 Y74.946 E2244.48709
G1 X46.29 Y75.102 E2244.513
G1 X46.621 Y75.352 E2244.53869
G1 X46.878 Y75.68 E2244.5645
G1 X47.045 Y76.072 E2244.5909
G1 X47.106 Y76.485 E2244.61676
G1 X47.048 Y76.915 E2244.64363
G1 X46.895 Y77.292 E2244.66884
G1 X46.645 Y77.622 E2244.69448
G1 X46.629 Y77.634 E2244.69572
G0 F1080 X46.301 Y77.889
G1 F2100 E2242.69572
G0 F10500 X46.568 Y78.536
G0 X45.517 Y78.751
G0 X44.934 Y78.678
G0 X44.365 Y78.442
G0 X43.921 Y78.103
G0 X43.597 Y77.687
G0 X41.371 Y71.971
G0 X40.94 Y71.421
G1 F1500 E2244.69572
G1 F1200 X40.571 Y71.578 E2244.72056
G1 X40.217 Y71.63 E2244.74272
G1 X39.847 Y71.585 E2244.76581
G1 X39.467 Y71.428 E2244.79128
G1 X39.186 Y71.2 E2244.81369
G1 F1202.5 X38.974 Y70.933 E2244.83477
G1 X38.823 Y70.583 E2244.85833
G1 X38.77 Y70.217 E2244.88119
G1 X38.814 Y69.85 E2244.90404
G1 X38.973 Y69.469 E2244.92956
G1 X39.16 Y69.226 E2244.94851
G1 X39.466 Y68.974 E2244.97302
G1 X39.821 Y68.821 E2244.99691
G1 X40.215 Y68.773 E2245.02145
G1 F1200 X40.525 Y68.811 E2245.04079
G1 F1202.5 X40.927 Y68.97 E2245.06752
G1 X41.174 Y69.16 E2245.08678
G1 F1200 X41.425 Y69.463 E2245.11115
G1 X41.577 Y69.815 E2245.1349
G1 X41.63 Y70.184 E2245.15799
G1 X41.584 Y70.55 E2245.18084
G1 X41.431 Y70.922 E2245.20576
G1 X41.217 Y71.2 E2245.22749
G1 X41.068 Y71.319 E2245.2393
G0 F1080 X40.94 Y71.421
G1 F2100 E2243.2393
G0 F10500 X41.371 Y71.971
G0 X173.34 Y78.935
;TYPE:SKIN
G1 F1500 E2245.2393
G1 F2100 X174.008 Y79.02 E2245.28102
G1 X174.636 Y78.943 E2245.32021
G1 X175.293 Y78.673 E2245.36421
G1 X175.811 Y78.262 E2245.40517
G1 X176.2 Y77.741 E2245.44544
G1 X176.45 Y77.101 E2245.488
G1 X176.519 Y76.448 E2245.52868
G1 X176.432 Y75.821 E2245.56789
G1 X176.172 Y75.21 E2245.60902
G1 X175.766 Y74.699 E2245.64945
G1 X175.25 Y74.307 E2245.68959
G1 X174.636 Y74.058 E2245.73063
G1 X174.014 Y73.974 E2245.76951
G1 X173.377 Y74.055 E2245.80929
G1 X172.863 Y74.263 E2245.84363
G1 X172.611 Y74.41 E2245.8617
G1 X172.199 Y74.732 E2245.89409
G1 X171.821 Y75.224 E2245.93253
G1 X171.568 Y75.835 E2245.97349
G1 X171.477 Y76.523 E2246.01648
G1 X171.57 Y77.171 E2246.05703
G1 X171.825 Y77.777 E2246.09776
G1 X172.264 Y78.33 E2246.14149
G1 X172.741 Y78.686 E2246.17836
G1 X172.956 Y78.776 E2246.1928
G0 F1890 X173.34 Y78.935
G1 F2100 E2244.1928
G0 F10500 X176.938 Y150.638
G1 F1500 E2246.1928
G1 F2100 X177.115 Y151.054 E2246.2208
G1 X177.229 Y151.248 E2246.23474
G1 X42.202 Y151.246 E2254.59881
G1 X42.415 Y150.736 E2254.63305
G1 X42.496 Y150.424 E2254.65301
G1 X42.55 Y149.973 E2254.68115
G1 X42.462 Y149.384 E2254.71804
G1 X42.204 Y148.785 E2254.75844
G1 X41.847 Y148.339 E2254.79383
G1 X41.372 Y147.966 E2254.83124
G1 X40.784 Y147.729 E2254.87051
G1 X40.212 Y147.649 E2254.90628
G1 X39.566 Y147.736 E2254.94666
G1 X39.114 Y147.932 E2254.97718
G1 X38.754 Y148.148 E2255.00318
G1 X38.754 Y72.059 E2259.71642
G1 X39.132 Y72.276 E2259.74341
G1 X39.486 Y72.423 E2259.76716
G1 X39.773 Y72.495 E2259.78549
G1 X40.231 Y72.551 E2259.81407
G1 X40.842 Y72.459 E2259.85234
G1 X41.393 Y72.224 E2259.88945
G1 X41.871 Y71.843 E2259.92731
G1 X42.215 Y71.405 E2259.96181
G1 X42.464 Y70.813 E2260.00159
G1 X42.551 Y70.18 E2260.04117
G1 X42.463 Y69.565 E2260.07966
G1 X42.283 Y69.141 E2260.10819
G1 X42.052 Y68.754 E2260.13611
G1 X178.472 Y68.752 E2268.58646
G1 X178.282 Y68.995 E2268.60557
G1 X178.024 Y69.608 E2268.64677
G1 X177.95 Y70.226 E2268.68532
G1 X178.037 Y70.822 E2268.72263
G1 X178.288 Y71.413 E2268.76241
G1 X178.655 Y71.862 E2268.79833
G1 X179.107 Y72.225 E2268.83424
G1 X179.715 Y72.477 E2268.87501
G1 X180.321 Y72.55 E2268.91281
G1 X180.93 Y72.464 E2268.95091
G1 X181.247 Y72.329 E2268.97226
G1 X181.247 Y148.302 E2273.6783
G1 X181.219 Y148.756 E2273.70648
G1 X180.806 Y148.296 E2273.74477
G1 X180.518 Y148.071 E2273.76741
G1 X180.244 Y147.915 E2273.78694
G1 X179.799 Y147.729 E2273.81682
G1 X179.219 Y147.65 E2273.85308
G1 X178.605 Y147.728 E2273.89141
G1 X177.999 Y147.985 E2273.93219
G1 X177.539 Y148.345 E2273.96837
G1 X177.157 Y148.85 E2274.00759
G1 X176.923 Y149.417 E2274.04559
G1 X176.85 Y150.026 E2274.08358
G1 X176.879 Y150.227 E2274.09616
G0 F1890 X176.938 Y150.638
G0 F10500 X172.264 Y144.828
G1 F2100 X172.655 Y145.12 E2274.12639
G1 X172.873 Y145.245 E2274.14196
G1 X173.376 Y145.449 E2274.17558
G1 X174.027 Y145.521 E2274.21615
G1 X174.667 Y145.434 E2274.25616
G1 X175.288 Y145.168 E2274.29801
G1 X175.798 Y144.77 E2274.33808
G1 X176.198 Y144.235 E2274.37946
G1 X176.45 Y143.6 E2274.42178
G1 X176.519 Y142.949 E2274.46233
G1 X176.432 Y142.321 E2274.5016
G1 X176.22 Y141.828 E2274.53484
G1 X176.089 Y141.61 E2274.5506
G1 X175.761 Y141.189 E2274.58366
G1 X175.236 Y140.796 E2274.62428
G1 X174.624 Y140.561 E2274.66489
G1 X174.01 Y140.481 E2274.70324
G1 X173.338 Y140.565 E2274.74519
G1 X172.724 Y140.821 E2274.7864
G1 X172.192 Y141.244 E2274.8285
G1 X171.82 Y141.728 E2274.86631
G1 X171.556 Y142.376 E2274.90966
G1 X171.482 Y143.028 E2274.9503
G1 X171.568 Y143.675 E2274.99073
G1 X171.854 Y144.323 E2275.03461
G1 X172.002 Y144.505 E2275.04914
G0 F1890 X172.264 Y144.828
G1 F2100 E2273.04914
G0 F10500 X47.309 Y145.263
G1 F1500 E2275.04914
G1 F2100 X47.699 Y144.743 E2275.0894
G1 X47.934 Y144.157 E2275.12851
G1 X48.023 Y143.475 E2275.17111
G1 X47.925 Y142.812 E2275.21263
G1 X47.67 Y142.212 E2275.25301
G1 X47.242 Y141.676 E2275.2955
G1 X46.74 Y141.304 E2275.3342
G1 X46.118 Y141.054 E2275.37573
G1 X45.519 Y140.979 E2275.41312
G1 X44.819 Y141.064 E2275.4568
G1 X44.211 Y141.336 E2275.49806
G1 X43.692 Y141.736 E2275.53865
G1 X43.297 Y142.263 E2275.57945
G1 X43.049 Y142.883 E2275.62081
G1 X42.982 Y143.551 E2275.6624
G1 X43.056 Y144.134 E2275.6988
G1 X43.331 Y144.786 E2275.74263
G1 X43.729 Y145.294 E2275.78261
G1 X44.245 Y145.69 E2275.8229
G1 X44.848 Y145.938 E2275.86328
G1 X45.522 Y146.026 E2275.90539
G1 X46.183 Y145.931 E2275.94675
G1 X46.787 Y145.674 E2275.98741
G1 X46.982 Y145.52 E2276.00281
G0 F1890 X47.309 Y145.263
G1 F2100 E2274.00281
G0 F10500 X47.678 Y144.065
G0 X47.717 Y143.736
G0 X46.802 Y78.663
G1 F1500 E2276.00281
G1 F2100 X47.307 Y78.261 E2276.04279
G1 X47.689 Y77.753 E2276.08216
G1 X47.942 Y77.133 E2276.12364
G1 X48.023 Y76.443 E2276.16667
G1 X47.919 Y75.794 E2276.20739
G1 X47.672 Y75.21 E2276.24667
G1 X47.264 Y74.691 E2276.28756
G1 X46.739 Y74.299 E2276.32814
G1 X46.132 Y74.054 E2276.36869
G1 X45.515 Y73.975 E2276.40722
G1 X44.879 Y74.054 E2276.44692
G1 X44.216 Y74.327 E2276.49134
G1 X43.688 Y74.743 E2276.53297
G1 X43.31 Y75.254 E2276.57235
G1 X43.052 Y75.872 E2276.61383
G1 X42.98 Y76.552 E2276.65619
G1 X43.057 Y77.13 E2276.69231
G1 X43.261 Y77.634 E2276.72599
G1 X43.41 Y77.89 E2276.74433
G1 X43.736 Y78.308 E2276.77717
G1 X44.232 Y78.681 E2276.81561
G1 X44.83 Y78.929 E2276.85571
G1 X45.502 Y79.024 E2276.89775
G1 X46.158 Y78.934 E2276.93877
G1 X46.419 Y78.824 E2276.95631
G0 F1890 X46.802 Y78.663
G1 F2100 E2274.95631
G0 F10500 X39.233 Y147.166
G1 F1500 E2276.95631
G1 F2100 X39.366 Y147.298 E2276.96792
G1 X39.437 Y147.268 E2276.9727
G1 X39.945 Y147.199 E2277.00445
G1 X39.233 Y146.487 E2277.06682
G1 X39.233 Y145.808 E2277.10888
G1 X40.65 Y147.225 E2277.23302
G1 X40.905 Y147.261 E2277.24897
G1 X41.611 Y147.547 E2277.29615
G1 X41.775 Y147.672 E2277.30893
G1 X39.233 Y145.13 E2277.53161
G1 X39.233 Y144.451 E2277.57367
G1 X45.548 Y150.765 E2278.12683
G1 X46.227 Y150.765 E2278.16889
G1 X39.233 Y143.772 E2278.78153
G1 X39.233 Y143.093 E2278.82359
G1 X46.905 Y150.765 E2279.49567
G1 X47.584 Y150.765 E2279.53773
G1 X39.233 Y142.414 E2280.26929
G1 X39.233 Y141.736 E2280.31129
G1 X48.263 Y150.765 E2281.10229
G1 X48.942 Y150.765 E2281.14435
G1 X44.484 Y146.307 E2281.53487
G1 X44.747 Y146.412 E2281.55242
G1 X45.341 Y146.486 E2281.58949
G1 X49.621 Y150.765 E2281.96439
G1 X50.3 Y150.765 E2282.00645
G1 X45.978 Y146.444 E2282.38502
G1 X46.311 Y146.395 E2282.40587
G1 X46.521 Y146.308 E2282.41995
G1 X50.978 Y150.765 E2282.81039
G1 X51.657 Y150.765 E2282.85245
G1 X47.004 Y146.112 E2283.26006
G1 X47.385 Y145.814 E2283.29002
G1 X52.336 Y150.765 E2283.72373
G1 X53.015 Y150.765 E2283.76579
G1 X47.738 Y145.489 E2284.22802
G1 X48.028 Y145.1 E2284.25808
G1 X53.694 Y150.765 E2284.75438
G1 X54.372 Y150.765 E2284.79638
G1 X48.252 Y144.645 E2285.3325
G1 X48.4 Y144.278 E2285.35702
G1 X48.419 Y144.133 E2285.36607
G1 X55.051 Y150.765 E2285.94705
G1 X55.73 Y150.765 E2285.98911
G1 X48.518 Y143.553 E2286.62089
G1 X48.403 Y142.759 E2286.67059
G1 X56.409 Y150.765 E2287.37193
G1 X57.088 Y150.765 E2287.41399
G1 X39.233 Y132.911 E2288.97807
G1 X39.233 Y132.232 E2289.02013
G1 X57.767 Y150.765 E2290.64369
G1 X58.445 Y150.765 E2290.68569
G1 X39.233 Y131.553 E2292.36869
G1 X39.233 Y130.874 E2292.41075
G1 X59.124 Y150.765 E2294.15323
G1 X59.803 Y150.765 E2294.19529
G1 X39.233 Y130.196 E2295.99721
G1 X39.233 Y129.517 E2296.03927
G1 X60.482 Y150.765 E2297.90068
G1 X61.161 Y150.765 E2297.94274
G1 X39.233 Y128.838 E2299.86362
G1 X39.233 Y128.159 E2299.90568
G1 X61.84 Y150.765 E2301.88605
G1 X62.518 Y150.765 E2301.92804
G1 X39.233 Y127.48 E2303.96785
G1 X39.233 Y126.801 E2304.00991
G1 X63.197 Y150.765 E2306.10919
G1 X63.876 Y150.765 E2306.15125
G1 X39.233 Y126.123 E2308.30997
G1 X39.233 Y125.444 E2308.35203
G1 X64.555 Y150.765 E2310.57024
G1 X65.234 Y150.765 E2310.6123
G1 X39.233 Y124.765 E2312.88998
G1 X39.233 Y124.086 E2312.93204
G1 X65.912 Y150.765 E2315.26916
G1 X66.591 Y150.765 E2315.31122
G1 X39.233 Y123.407 E2317.70783
G1 X39.233 Y122.728 E2317.74989
G1 X67.27 Y150.765 E2320.20597
G1 X67.949 Y150.765 E2320.24803
G1 X39.233 Y122.05 E2322.76356
G1 X39.233 Y121.371 E2322.80562
G1 X68.628 Y150.765 E2325.38062
G1 X69.307 Y150.765 E2325.42268
G1 X39.233 Y120.692 E2328.05717
G1 X39.233 Y120.013 E2328.09923
G1 X69.985 Y150.765 E2330.79315
G1 X70.664 Y150.765 E2330.83521
G1 X39.233 Y119.334 E2333.58861
G1 X39.233 Y118.656 E2333.63061
G1 X71.343 Y150.765 E2336.44346
G1 X72.022 Y150.765 E2336.48552
G1 X39.233 Y117.977 E2339.35784
G1 X39.233 Y117.298 E2339.3999
G1 X72.701 Y150.765 E2342.33171
G1 X73.38 Y150.765 E2342.37377
G1 X39.233 Y116.619 E2345.36505
G1 X39.233 Y115.94 E2345.40711
G1 X74.058 Y150.765 E2348.45784
G1 X74.737 Y150.765 E2348.4999
G1 X39.233 Y115.261 E2351.6101
G1 X39.233 Y114.583 E2351.6521
G1 X75.416 Y150.765 E2354.82175
G1 X76.095 Y150.765 E2354.86381
G1 X39.233 Y113.904 E2358.09293
G1 X39.233 Y113.225 E2358.13499
G1 X76.774 Y150.765 E2361.4236
G1 X77.452 Y150.765 E2361.4656
G1 X39.233 Y112.546 E2364.81364
G1 X39.233 Y111.867 E2364.8557
G1 X78.131 Y150.765 E2368.26323
G1 X78.81 Y150.765 E2368.30529
G1 X39.233 Y111.189 E2371.77225
G1 X39.233 Y110.51 E2371.81431
G1 X79.489 Y150.765 E2375.34076
G1 X80.168 Y150.765 E2375.38282
G1 X39.233 Y109.831 E2378.96874
G1 X39.233 Y109.152 E2379.0108
G1 X80.847 Y150.765 E2382.65621
G1 X81.525 Y150.765 E2382.69821
G1 X39.233 Y108.473 E2386.40306
G1 X39.233 Y107.794 E2386.44512
G1 X82.204 Y150.765 E2390.20944
G1 X82.883 Y150.765 E2390.2515
G1 X39.233 Y107.116 E2394.07527
G1 X39.233 Y106.437 E2394.11733
G1 X83.562 Y150.765 E2398.00058
G1 X84.241 Y150.765 E2398.04264
G1 X39.233 Y105.758 E2401.98536
G1 X39.233 Y105.079 E2402.02742
G1 X84.919 Y150.765 E2406.02959
G1 X85.598 Y150.765 E2406.07165
G1 X39.233 Y104.4 E2410.1333
G1 X39.233 Y103.721 E2410.17536
G1 X86.277 Y150.765 E2414.29649
G1 X86.956 Y150.765 E2414.33855
G1 X39.233 Y103.043 E2418.51911
G1 X39.233 Y102.364 E2418.56117
G1 X87.635 Y150.766 E2422.80126
G1 X88.314 Y150.766 E2422.84332
G1 X39.233 Y101.685 E2427.1429
G1 X39.233 Y101.006 E2427.18496
G1 X88.993 Y150.766 E2431.54401
G1 X89.672 Y150.766 E2431.58607
G1 X39.233 Y100.327 E2436.00461
G1 X39.233 Y99.649 E2436.04661
G1 X90.351 Y150.766 E2440.52458
G1 X91.03 Y150.766 E2440.56664
G1 X39.233 Y98.97 E2445.1041
G1 X39.233 Y98.291 E2445.14616
G1 X91.708 Y150.766 E2449.74305
G1 X92.387 Y150.766 E2449.78511
G1 X39.233 Y97.612 E2454.44148
G1 X39.233 Y96.933 E2454.48354
G1 X93.066 Y150.766 E2459.1994
G1 X93.745 Y150.766 E2459.24146
G1 X39.233 Y96.254 E2464.0168
G1 X39.233 Y95.576 E2464.05879
G1 X94.424 Y150.766 E2468.89357
G1 X95.103 Y150.766 E2468.93563
G1 X39.233 Y94.897 E2473.82989
G1 X39.233 Y94.218 E2473.87195
G1 X95.781 Y150.766 E2478.82564
G1 X96.46 Y150.766 E2478.8677
G1 X39.233 Y93.539 E2483.88088
G1 X39.233 Y92.86 E2483.92294
G1 X97.139 Y150.766 E2488.99559
G1 X97.818 Y150.766 E2489.03765
G1 X39.233 Y92.181 E2494.16979
G1 X39.233 Y91.503 E2494.21179
G1 X98.497 Y150.766 E2499.40337
G1 X99.175 Y150.766 E2499.44536
G1 X39.233 Y90.824 E2504.69638
G1 X39.233 Y90.145 E2504.73844
G1 X99.854 Y150.766 E2510.04893
G1 X100.533 Y150.766 E2510.09099
G1 X39.233 Y89.466 E2515.46097
G1 X39.233 Y88.787 E2515.50303
G1 X101.212 Y150.766 E2520.93249
G1 X101.891 Y150.766 E2520.97455
G1 X39.233 Y88.109 E2526.46345
G1 X39.233 Y87.43 E2526.50551
G1 X102.57 Y150.766 E2532.05388
G1 X103.248 Y150.766 E2532.09588
G1 X39.233 Y86.751 E2537.7037
G1 X39.233 Y86.072 E2537.74576
G1 X103.927 Y150.766 E2543.41305
G1 X104.606 Y150.766 E2543.45511
G1 X39.233 Y85.393 E2549.18189
G1 X39.233 Y84.714 E2549.22395
G1 X105.285 Y150.766 E2555.01021
G1 X105.964 Y150.766 E2555.05227
G1 X39.233 Y84.036 E2560.89797
G1 X39.233 Y83.357 E2560.94003
G1 X106.643 Y150.766 E2566.84521
G1 X107.321 Y150.766 E2566.88721
G1 X39.233 Y82.678 E2572.85182
G1 X39.233 Y81.999 E2572.89388
G1 X108 Y150.766 E2578.91798
G1 X108.679 Y150.766 E2578.96004
G1 X39.233 Y81.32 E2585.04362
G1 X39.233 Y80.641 E2585.08568
G1 X109.358 Y150.766 E2591.22874
G1 X110.037 Y150.766 E2591.2708
G1 X39.233 Y79.963 E2597.4733
G1 X39.233 Y79.284 E2597.51536
G1 X110.715 Y150.766 E2603.7773
G1 X111.394 Y150.766 E2603.81936
G1 X39.233 Y78.605 E2610.14077
G1 X39.233 Y77.926 E2610.18283
G1 X112.073 Y150.766 E2616.56373
G1 X112.752 Y150.766 E2616.60579
G1 X39.233 Y77.247 E2623.04617
G1 X39.233 Y76.569 E2623.08817
G1 X113.431 Y150.766 E2629.58799
G1 X114.11 Y150.766 E2629.63005
G1 X39.233 Y75.89 E2636.18935
G1 X39.233 Y75.211 E2636.23141
G1 X114.788 Y150.766 E2642.85015
G1 X115.467 Y150.766 E2642.89221
G1 X39.233 Y74.532 E2649.57043
G1 X39.233 Y73.853 E2649.61249
G1 X42.289 Y76.909 E2649.8802
G0 F1890 X42.583 Y77.203
G0 F10500 X43.558 Y75.365
G0 X43.897 Y74.921
G0 X44.36 Y74.56
G0 X44.824 Y74.368
G0 X46.975 Y73.874
G1 F2100 X47.601 Y74.344 E2649.92869
G1 X48.088 Y74.965 E2649.97757
G1 X48.289 Y75.442 E2650.00963
G1 X123.613 Y150.766 E2656.60814
G1 X122.934 Y150.766 E2656.6502
G1 X48.487 Y76.319 E2663.17187
G1 X48.508 Y76.45 E2663.18009
G1 X48.446 Y76.956 E2663.21167
G1 X122.255 Y150.766 E2669.6775
G1 X121.577 Y150.766 E2669.71949
G1 X48.313 Y77.502 E2676.13754
G1 X48.113 Y77.981 E2676.16969
G1 X120.898 Y150.766 E2682.54577
G1 X120.219 Y150.766 E2682.58783
G1 X47.825 Y78.372 E2688.92966
G1 X47.656 Y78.596 E2688.94704
G1 X47.497 Y78.722 E2688.95961
G1 X119.54 Y150.766 E2695.27073
G1 X118.861 Y150.766 E2695.31279
G1 X47.118 Y79.023 E2701.59759
G1 X47.033 Y79.09 E2701.6043
G1 X46.659 Y79.242 E2701.62931
G1 X118.182 Y150.766 E2707.89488
G1 X117.504 Y150.766 E2707.93688
G1 X46.157 Y79.42 E2714.18694
G1 X45.557 Y79.498 E2714.22442
G1 X116.825 Y150.766 E2720.46761
G1 X116.146 Y150.766 E2720.50967
G1 X44.786 Y79.405 E2726.76096
G1 X44.702 Y79.393 E2726.76622
G1 X43.991 Y79.099 E2726.81388
G1 X43.397 Y78.652 E2726.85993
G1 X43.04 Y78.199 E2726.89565
G1 X42.824 Y77.833 E2726.92198
G1 X42.593 Y77.281 E2726.95905
G1 X42.495 Y76.557 E2727.0043
G1 X42.507 Y76.448 E2727.01109
G1 X39.233 Y73.174 E2727.2979
G1 X39.233 Y72.846 E2727.31822
G1 X39.718 Y72.98 E2727.34939
G1 X42.552 Y75.814 E2727.59765
G1 X42.755 Y75.338 E2727.62971
G1 X40.422 Y73.005 E2727.83408
G1 X41.011 Y72.915 E2727.87099
G1 X42.983 Y74.888 E2728.04378
G1 X43.273 Y74.499 E2728.07384
G1 X41.48 Y72.706 E2728.23091
G1 X41.637 Y72.639 E2728.24148
G1 X41.893 Y72.44 E2728.26157
G1 X43.631 Y74.178 E2728.41382
G1 X44.01 Y73.878 E2728.44376
G1 X42.258 Y72.126 E2728.59724
G1 X42.557 Y71.746 E2728.62719
G1 X44.498 Y73.688 E2728.79727
G1 X44.759 Y73.582 E2728.81472
G1 X45.039 Y73.549 E2728.83218
G1 X42.783 Y71.294 E2729.02977
G1 X42.925 Y70.962 E2729.05213
G1 X42.95 Y70.782 E2729.06339
G1 X45.682 Y73.514 E2729.30272
G1 X46.253 Y73.585 E2729.33836
G1 X46.551 Y73.704 E2729.35824
G1 X43.033 Y70.186 E2729.66642
G1 X42.923 Y69.397 E2729.71577
G1 X124.292 Y150.766 E2736.84382
G1 X124.971 Y150.766 E2736.88588
G1 X43.437 Y69.232 E2744.02839
G1 X44.116 Y69.232 E2744.07045
G1 X125.65 Y150.766 E2751.21295
G1 X126.328 Y150.766 E2751.25495
G1 X44.795 Y69.232 E2758.39742
G1 X45.474 Y69.232 E2758.43948
G1 X127.007 Y150.766 E2765.58194
G1 X127.686 Y150.766 E2765.624
G1 X46.152 Y69.232 E2772.76651
G1 X46.831 Y69.232 E2772.80857
G1 X128.365 Y150.766 E2779.95107
G1 X129.044 Y150.766 E2779.99313
G1 X47.51 Y69.232 E2787.13564
G1 X48.189 Y69.232 E2787.1777
G1 X129.722 Y150.766 E2794.32017
G1 X130.401 Y150.766 E2794.36223
G1 X48.868 Y69.232 E2801.50469
G1 X49.546 Y69.232 E2801.54669
G1 X131.08 Y150.766 E2808.6892
G1 X131.759 Y150.766 E2808.73125
G1 X50.225 Y69.232 E2815.87376
G1 X50.904 Y69.232 E2815.91582
G1 X132.438 Y150.767 E2823.05837
G1 X133.117 Y150.767 E2823.10043
G1 X51.583 Y69.232 E2830.24299
G1 X52.262 Y69.232 E2830.28504
G1 X133.796 Y150.767 E2837.4276
G1 X134.475 Y150.767 E2837.46966
G1 X52.941 Y69.232 E2844.61221
G1 X53.619 Y69.232 E2844.65421
G1 X135.154 Y150.767 E2851.7968
G1 X135.833 Y150.767 E2851.83886
G1 X54.298 Y69.232 E2858.98146
G1 X54.977 Y69.232 E2859.02352
G1 X136.511 Y150.767 E2866.16607
G1 X137.19 Y150.767 E2866.20813
G1 X55.656 Y69.232 E2873.35068
G1 X56.335 Y69.232 E2873.39274
G1 X137.869 Y150.767 E2880.53529
G1 X138.548 Y150.767 E2880.57735
G1 X57.014 Y69.232 E2887.7199
G1 X57.692 Y69.232 E2887.7619
G1 X139.227 Y150.767 E2894.90449
G1 X139.906 Y150.767 E2894.94655
G1 X58.371 Y69.232 E2902.08915
G1 X59.05 Y69.232 E2902.13121
G1 X140.584 Y150.767 E2909.27376
G1 X141.263 Y150.767 E2909.31582
G1 X59.729 Y69.232 E2916.45837
G1 X60.408 Y69.232 E2916.50043
G1 X141.942 Y150.767 E2923.64298
G1 X142.621 Y150.767 E2923.68504
G1 X61.086 Y69.232 E2930.82764
G1 X61.765 Y69.232 E2930.8697
G1 X143.3 Y150.767 E2938.01229
G1 X143.978 Y150.767 E2938.05429
G1 X62.444 Y69.232 E2945.19684
G1 X63.123 Y69.232 E2945.2389
G1 X144.657 Y150.767 E2952.38145
G1 X145.336 Y150.767 E2952.42351
G1 X63.802 Y69.232 E2959.56606
G1 X64.481 Y69.232 E2959.60812
G1 X146.015 Y150.767 E2966.75068
G1 X146.694 Y150.767 E2966.79274
G1 X65.159 Y69.232 E2973.93533
G1 X65.838 Y69.232 E2973.97739
G1 X147.373 Y150.767 E2981.11999
G1 X148.051 Y150.767 E2981.16198
G1 X66.517 Y69.232 E2988.30454
G1 X67.196 Y69.232 E2988.3466
G1 X148.73 Y150.767 E2995.48915
G1 X149.409 Y150.767 E2995.53121
G1 X67.875 Y69.232 E3002.67376
G1 X68.554 Y69.232 E3002.71582
G1 X150.088 Y150.767 E3009.85837
G1 X150.767 Y150.767 E3009.90043
G1 X69.232 Y69.232 E3017.04302
G1 X69.911 Y69.232 E3017.08508
G1 X151.446 Y150.767 E3024.22768
G1 X152.124 Y150.767 E3024.26968
G1 X70.59 Y69.232 E3031.41223
G1 X71.269 Y69.232 E3031.45429
G1 X152.803 Y150.767 E3038.59684
G1 X153.482 Y150.767 E3038.6389
G1 X71.948 Y69.232 E3045.78145
G1 X72.626 Y69.232 E3045.82345
G1 X154.161 Y150.767 E3052.96604
G1 X154.84 Y150.767 E3053.0081
G1 X73.305 Y69.232 E3060.1507
G1 X73.984 Y69.232 E3060.19276
G1 X155.518 Y150.767 E3067.33531
G1 X156.197 Y150.767 E3067.37737
G1 X74.663 Y69.232 E3074.51992
G1 X75.342 Y69.232 E3074.56198
G1 X156.876 Y150.767 E3081.70453
G1 X157.555 Y150.767 E3081.74659
G1 X76.021 Y69.232 E3088.88914
G1 X76.699 Y69.232 E3088.93114
G1 X158.234 Y150.767 E3096.07374
G1 X158.913 Y150.767 E3096.1158
G1 X77.378 Y69.232 E3103.25839
G1 X78.057 Y69.232 E3103.30045
G1 X159.591 Y150.767 E3110.443
G1 X160.27 Y150.767 E3110.48506
G1 X78.736 Y69.232 E3117.62762
G1 X79.415 Y69.232 E3117.66968
G1 X160.949 Y150.767 E3124.81223
G1 X161.628 Y150.767 E3124.85429
G1 X80.093 Y69.232 E3131.99688
G1 X80.772 Y69.232 E3132.03894
G1 X162.307 Y150.767 E3139.18154
G1 X162.985 Y150.767 E3139.22353
G1 X81.451 Y69.232 E3146.36609
G1 X82.13 Y69.232 E3146.40815
G1 X163.664 Y150.767 E3153.5507
G1 X164.343 Y150.767 E3153.59276
G1 X82.809 Y69.232 E3160.73531
G1 X83.488 Y69.232 E3160.77737
G1 X165.022 Y150.767 E3167.91992
G1 X165.701 Y150.767 E3167.96198
G1 X84.166 Y69.232 E3175.10458
G1 X84.845 Y69.232 E3175.14663
G1 X166.38 Y150.767 E3182.28923
G1 X167.058 Y150.767 E3182.33123
G1 X85.524 Y69.232 E3189.47378
G1 X86.203 Y69.232 E3189.51584
G1 X167.737 Y150.767 E3196.65839
G1 X168.416 Y150.767 E3196.70045
G1 X86.882 Y69.232 E3203.843
G1 X87.561 Y69.232 E3203.88506
G1 X169.095 Y150.767 E3211.02761
G1 X169.774 Y150.767 E3211.06967
G1 X88.239 Y69.232 E3218.21227
G1 X88.918 Y69.232 E3218.25433
G1 X170.453 Y150.767 E3225.39692
G1 X171.131 Y150.767 E3225.43892
G1 X89.597 Y69.232 E3232.58147
G1 X90.276 Y69.232 E3232.62353
G1 X171.81 Y150.767 E3239.76608
G1 X172.489 Y150.767 E3239.80814
G1 X90.955 Y69.232 E3246.9507
G1 X91.633 Y69.232 E3246.99269
G1 X173.168 Y150.767 E3254.13529
G1 X173.847 Y150.767 E3254.17735
G1 X92.312 Y69.232 E3261.31994
G1 X92.991 Y69.232 E3261.362
G1 X174.525 Y150.767 E3268.50455
G1 X175.204 Y150.767 E3268.54661
G1 X93.67 Y69.232 E3275.68917
G1 X94.349 Y69.232 E3275.73123
G1 X175.883 Y150.767 E3282.87378
G1 X176.469 Y150.767 E3282.91008
G1 X176.454 Y150.658 E3282.91689
G1 X95.028 Y69.232 E3290.04994
G1 X95.706 Y69.232 E3290.09194
G1 X176.38 Y149.906 E3297.15911
G1 X176.453 Y149.3 E3297.19692
G1 X172.947 Y145.794 E3297.50405
G1 X173.253 Y145.917 E3297.52448
G1 X173.816 Y145.984 E3297.5596
G1 X176.65 Y148.818 E3297.80786
G1 X176.744 Y148.59 E3297.82314
G1 X176.899 Y148.388 E3297.83891
G1 X174.457 Y145.946 E3298.05283
G1 X174.803 Y145.9 E3298.07445
G1 X175.003 Y145.813 E3298.08796
G1 X177.198 Y148.009 E3298.28029
G1 X177.577 Y147.708 E3298.31027
G1 X175.486 Y145.618 E3298.4934
G1 X175.868 Y145.321 E3298.52337
G1 X178.008 Y147.461 E3298.71084
G1 X178.483 Y147.257 E3298.74286
G1 X176.224 Y144.998 E3298.94076
G1 X176.514 Y144.609 E3298.97081
G1 X179.088 Y147.183 E3299.1963
G1 X179.218 Y147.166 E3299.20442
G1 X179.831 Y147.247 E3299.24272
G1 X176.746 Y144.162 E3299.51297
G1 X176.94 Y143.678 E3299.54527
G1 X180.766 Y147.504 E3299.88043
G1 X180.766 Y146.825 E3299.92249
G1 X176.988 Y143.047 E3300.25345
G1 X177 Y142.944 E3300.25988
G1 X176.911 Y142.291 E3300.3007
G1 X180.766 Y146.146 E3300.6384
G1 X180.766 Y145.468 E3300.6804
G1 X104.531 Y69.232 E3307.35875
G1 X105.21 Y69.232 E3307.40081
G1 X180.766 Y144.789 E3314.01968
G1 X180.766 Y144.11 E3314.06174
G1 X105.889 Y69.232 E3320.62113
G1 X106.568 Y69.232 E3320.66319
G1 X180.766 Y143.431 E3327.16309
G1 X180.766 Y142.752 E3327.20515
G1 X107.246 Y69.232 E3333.64562
G1 X107.925 Y69.232 E3333.68768
G1 X180.766 Y142.074 E3340.06871
G1 X180.766 Y141.395 E3340.11077
G1 X108.604 Y69.232 E3346.43232
G1 X109.283 Y69.232 E3346.47438
G1 X180.766 Y140.716 E3352.73645
G1 X180.766 Y140.037 E3352.77851
G1 X109.962 Y69.232 E3358.9811
G1 X110.641 Y69.233 E3359.02316
G1 X180.766 Y139.358 E3365.16622
G1 X180.766 Y138.679 E3365.20828
G1 X111.32 Y69.233 E3371.29186
G1 X111.999 Y69.233 E3371.33392
G1 X180.766 Y138.001 E3377.35806
G1 X180.766 Y137.322 E3377.40012
G1 X112.678 Y69.233 E3383.36478
G1 X113.356 Y69.233 E3383.40678
G1 X180.766 Y136.643 E3389.312
G1 X180.766 Y135.964 E3389.35406
G1 X114.035 Y69.233 E3395.1998
G1 X114.714 Y69.233 E3395.24186
G1 X180.766 Y135.285 E3401.02812
G1 X180.766 Y134.606 E3401.07018
G1 X115.393 Y69.233 E3406.79696
G1 X116.072 Y69.233 E3406.83902
G1 X180.766 Y133.928 E3412.50636
G1 X180.766 Y133.249 E3412.54842
G1 X116.751 Y69.233 E3418.15628
G1 X117.429 Y69.233 E3418.19828
G1 X180.766 Y132.57 E3423.7467
G1 X180.766 Y131.891 E3423.78876
G1 X118.108 Y69.233 E3429.2777
G1 X118.787 Y69.233 E3429.31976
G1 X180.766 Y131.212 E3434.74922
G1 X180.766 Y130.534 E3434.79121
G1 X119.466 Y69.233 E3440.16124
G1 X120.145 Y69.233 E3440.2033
G1 X180.766 Y129.855 E3445.51384
G1 X180.766 Y129.176 E3445.55589
G1 X120.824 Y69.233 E3450.80695
G1 X121.502 Y69.233 E3450.84895
G1 X180.766 Y128.497 E3456.04057
G1 X180.766 Y127.818 E3456.08263
G1 X122.181 Y69.233 E3461.21477
G1 X122.86 Y69.233 E3461.25683
G1 X180.766 Y127.139 E3466.32949
G1 X180.766 Y126.461 E3466.37148
G1 X123.539 Y69.233 E3471.3847
G1 X124.218 Y69.233 E3471.42676
G1 X180.766 Y125.782 E3476.3805
G1 X180.766 Y125.103 E3476.42256
G1 X124.896 Y69.233 E3481.31686
G1 X125.575 Y69.233 E3481.35892
G1 X180.766 Y124.424 E3486.19374
G1 X180.766 Y123.745 E3486.2358
G1 X126.254 Y69.233 E3491.01114
G1 X126.933 Y69.233 E3491.0532
G1 X180.766 Y123.066 E3495.76906
G1 X180.766 Y122.388 E3495.81105
G1 X127.612 Y69.233 E3500.46747
G1 X128.291 Y69.233 E3500.50953
G1 X180.766 Y121.709 E3505.10647
G1 X180.766 Y121.03 E3505.14853
G1 X128.969 Y69.233 E3509.68603
G1 X129.648 Y69.233 E3509.72809
G1 X180.766 Y120.351 E3514.20611
G1 X180.766 Y119.672 E3514.24816
G1 X130.327 Y69.233 E3518.6667
G1 X131.006 Y69.233 E3518.70876
G1 X180.766 Y118.994 E3523.06786
G1 X180.766 Y118.315 E3523.10992
G1 X131.685 Y69.233 E3527.40954
G1 X132.364 Y69.233 E3527.4516
G1 X180.766 Y117.636 E3531.69173
G1 X180.766 Y116.957 E3531.73379
G1 X133.042 Y69.233 E3535.91449
G1 X133.721 Y69.233 E3535.95655
G1 X180.766 Y116.278 E3540.07777
G1 X180.766 Y115.599 E3540.11983
G1 X134.4 Y69.233 E3544.18156
G1 X135.079 Y69.233 E3544.22362
G1 X180.766 Y114.921 E3548.22592
G1 X180.766 Y114.242 E3548.26798
G1 X135.758 Y69.233 E3552.21079
G1 X136.436 Y69.233 E3552.25279
G1 X180.766 Y113.563 E3556.13617
G1 X180.766 Y112.884 E3556.17823
G1 X137.115 Y69.233 E3560.00213
G1 X137.794 Y69.233 E3560.04419
G1 X180.766 Y112.205 E3563.8086
G1 X180.766 Y111.527 E3563.8506
G1 X138.473 Y69.233 E3567.55558
G1 X139.152 Y69.233 E3567.59764
G1 X180.766 Y110.848 E3571.24313
G1 X180.766 Y110.169 E3571.28519
G1 X139.831 Y69.233 E3574.87121
G1 X140.509 Y69.233 E3574.91321
G1 X180.766 Y109.49 E3578.43978
G1 X180.766 Y108.811 E3578.48184
G1 X141.188 Y69.233 E3581.94894
G1 X141.867 Y69.233 E3581.991
G1 X180.766 Y108.132 E3585.39861
G1 X180.766 Y107.454 E3585.44061
G1 X142.546 Y69.233 E3588.78879
G1 X143.225 Y69.233 E3588.83085
G1 X180.766 Y106.775 E3592.11954
G1 X180.766 Y106.096 E3592.1616
G1 X143.904 Y69.233 E3595.39081
G1 X144.582 Y69.233 E3595.43281
G1 X180.766 Y105.417 E3598.60259
G1 X180.766 Y104.738 E3598.64465
G1 X145.261 Y69.233 E3601.75494
G1 X145.94 Y69.233 E3601.797
G1 X180.766 Y104.059 E3604.84781
G1 X180.766 Y103.381 E3604.88981
G1 X146.619 Y69.233 E3607.88119
G1 X147.298 Y69.233 E3607.92325
G1 X180.766 Y102.702 E3610.85514
G1 X180.766 Y102.023 E3610.8972
G1 X147.976 Y69.233 E3613.76966
G1 X148.655 Y69.233 E3613.81172
G1 X180.766 Y101.344 E3616.62469
G1 X180.766 Y100.665 E3616.66675
G1 X149.334 Y69.233 E3619.42024
G1 X150.013 Y69.233 E3619.4623
G1 X180.766 Y99.987 E3622.15636
G1 X180.766 Y99.308 E3622.19842
G1 X150.692 Y69.233 E3624.83299
G1 X151.371 Y69.233 E3624.87505
G1 X180.766 Y98.629 E3627.45014
G1 X180.766 Y97.95 E3627.4922
G1 X152.049 Y69.233 E3630.00786
G1 X152.728 Y69.233 E3630.04992
G1 X180.766 Y97.271 E3632.50609
G1 X180.766 Y96.592 E3632.54815
G1 X153.407 Y69.233 E3634.94484
G1 X154.086 Y69.233 E3634.9869
G1 X180.766 Y95.914 E3637.32416
G1 X180.766 Y95.235 E3637.36622
G1 X154.765 Y69.233 E3639.64399
G1 X155.443 Y69.233 E3639.68599
G1 X180.766 Y94.556 E3641.90432
G1 X180.766 Y93.877 E3641.94638
G1 X156.122 Y69.233 E3644.10524
G1 X156.801 Y69.233 E3644.1473
G1 X180.766 Y93.198 E3646.24667
G1 X180.766 Y92.519 E3646.28873
G1 X157.48 Y69.233 E3648.32862
G1 X158.159 Y69.233 E3648.37068
G1 X180.766 Y91.841 E3650.35113
G1 X180.766 Y91.162 E3650.39319
G1 X158.838 Y69.233 E3652.31416
G1 X159.516 Y69.233 E3652.35616
G1 X180.766 Y90.483 E3654.21769
G1 X180.766 Y89.804 E3654.25975
G1 X160.195 Y69.233 E3656.06181
G1 X160.874 Y69.233 E3656.10387
G1 X180.766 Y89.125 E3657.84644
G1 X180.766 Y88.447 E3657.88843
G1 X161.553 Y69.233 E3659.57157
G1 X162.232 Y69.233 E3659.61363
G1 X180.766 Y87.768 E3661.23728
G1 X180.766 Y87.089 E3661.27934
G1 X172.983 Y79.306 E3661.96114
G1 X173.23 Y79.404 E3661.9776
G1 X173.837 Y79.481 E3662.0155
G1 X180.766 Y86.41 E3662.62249
G1 X180.766 Y85.731 E3662.66455
G1 X174.479 Y79.444 E3663.2153
G1 X174.755 Y79.41 E3663.23253
G1 X175.017 Y79.303 E3663.25006
G1 X180.766 Y85.052 E3663.75368
G1 X180.766 Y84.374 E3663.79568
G1 X175.507 Y79.114 E3664.25642
G1 X175.886 Y78.814 E3664.28636
G1 X180.766 Y83.695 E3664.7139
G1 X180.766 Y83.016 E3664.75596
G1 X176.24 Y78.489 E3665.15249
G1 X176.529 Y78.1 E3665.18251
G1 X180.766 Y82.337 E3665.55368
G1 X180.766 Y81.658 E3665.59574
G1 X176.753 Y77.645 E3665.94728
G1 X176.947 Y77.16 E3665.97964
G1 X180.766 Y80.979 E3666.31419
G1 X180.766 Y80.301 E3666.35619
G1 X176.99 Y76.525 E3666.68697
G1 X177 Y76.443 E3666.69209
G1 X176.908 Y75.764 E3666.73453
G1 X180.766 Y79.622 E3667.0725
G1 X180.766 Y78.943 E3667.11456
G1 X171.056 Y69.233 E3667.96517
G1 X171.735 Y69.233 E3668.00723
G1 X180.766 Y78.264 E3668.79836
G1 X180.766 Y77.585 E3668.84042
G1 X172.414 Y69.233 E3669.57207
G1 X173.093 Y69.233 E3669.61413
G1 X180.766 Y76.907 E3670.28634
G1 X180.766 Y76.228 E3670.3284
G1 X173.772 Y69.233 E3670.94113
G1 X174.451 Y69.233 E3670.98319
G1 X180.766 Y75.549 E3671.53643
G1 X180.766 Y74.87 E3671.57849
G1 X175.129 Y69.233 E3672.0723
G1 X175.808 Y69.233 E3672.11436
G1 X177.305 Y70.73 E3672.2455
G0 F1890 X177.599 Y71.024
G0 F10500 X177.166 Y69.233
G1 F2100 X177.541 Y69.608 E3672.27835
G1 X177.555 Y69.483 E3672.28615
G1 X177.661 Y69.233 E3672.30297
G1 X176.487 Y69.233 E3672.37569
G1 X177.468 Y70.214 E3672.46162
G1 X177.569 Y70.953 E3672.50783
G1 X177.854 Y71.629 E3672.55327
G1 X178.313 Y72.2 E3672.59865
G1 X178.531 Y72.378 E3672.61608
G0 F1890 X178.853 Y72.641
G0 F10500 X179.471 Y72.896
G1 F2100 X180.766 Y74.191 E3672.72953
G1 X180.766 Y73.512 E3672.77159
G1 X180.292 Y73.038 E3672.81311
G1 X180.633 Y72.99 E3672.83444
G0 F1890 X180.766 Y72.972
G0 F10500 X176.908 Y75.764
G1 F2100 X176.9 Y75.696 E3672.83868
G1 X176.589 Y74.961 E3672.88812
G1 X176.1 Y74.348 E3672.93669
G1 X175.486 Y73.882 E3672.98444
G1 X174.72 Y73.576 E3673.03553
G1 X170.378 Y69.233 E3673.41594
G1 X169.699 Y69.233 E3673.458
G1 X173.961 Y73.495 E3673.83136
G1 X173.359 Y73.573 E3673.86896
G1 X169.02 Y69.233 E3674.24911
G1 X168.341 Y69.233 E3674.29117
G1 X172.835 Y73.727 E3674.68485
G1 X172.403 Y73.974 E3674.71568
G1 X167.662 Y69.233 E3675.131
G1 X166.983 Y69.233 E3675.17306
G1 X172.015 Y74.265 E3675.61387
G1 X171.855 Y74.39 E3675.62644
G1 X171.685 Y74.613 E3675.64381
G1 X166.305 Y69.233 E3676.11511
G1 X165.626 Y69.233 E3676.15717
G1 X171.394 Y75.002 E3676.6625
G1 X171.196 Y75.482 E3676.69466
G1 X164.947 Y69.233 E3677.24209
G1 X164.268 Y69.233 E3677.28415
G1 X171.058 Y76.023 E3677.87896
G1 X170.988 Y76.504 E3677.90907
G1 X171.01 Y76.654 E3677.91846
G1 X163.589 Y69.233 E3678.56855
G1 X162.911 Y69.233 E3678.61055
G1 X171.191 Y77.514 E3679.33593
G1 X171.401 Y78.019 E3679.36981
G1 X171.9 Y78.651 E3679.41969
G1 X172.181 Y78.865 E3679.44157
G0 F1890 X172.512 Y79.117
G1 F2100 E3677.44157
G0 F10500 X176.911 Y142.291
G1 F1500 E3679.44157
G1 F2100 X176.898 Y142.192 E3679.44776
G1 X176.639 Y141.593 E3679.48818
G1 X176.491 Y141.349 E3679.50586
G1 X176.1 Y140.842 E3679.54552
G1 X175.467 Y140.373 E3679.59432
G1 X174.696 Y140.076 E3679.6455
G1 X103.852 Y69.232 E3685.85154
G1 X103.173 Y69.232 E3685.8936
G1 X173.946 Y140.005 E3692.09343
G1 X173.343 Y140.081 E3692.13108
G1 X102.495 Y69.232 E3698.33752
G1 X101.816 Y69.232 E3698.37958
G1 X172.837 Y140.253 E3704.60113
G1 X172.364 Y140.459 E3704.63309
G1 X101.137 Y69.232 E3710.87269
G1 X100.458 Y69.232 E3710.91475
G1 X172.006 Y140.78 E3717.18247
G1 X171.835 Y140.919 E3717.19612
G1 X171.674 Y141.127 E3717.21241
G1 X99.779 Y69.232 E3723.51052
G1 X99.101 Y69.232 E3723.55252
G1 X171.386 Y141.518 E3729.88485
G1 X171.189 Y141.999 E3729.91704
G1 X98.422 Y69.232 E3736.29155
G1 X97.743 Y69.232 E3736.33361
G1 X171.056 Y142.546 E3742.75599
G1 X170.998 Y143.039 E3742.78674
G1 X171.019 Y143.187 E3742.796
G1 X97.064 Y69.232 E3749.27457
G1 X96.385 Y69.232 E3749.31663
G1 X171.217 Y144.064 E3755.87203
G1 X171.441 Y144.574 E3755.90654
G1 X171.925 Y145.174 E3755.95429
G1 X172.349 Y145.492 E3755.98712
G0 F1890 X172.353 Y145.495
G0 X172.709 Y145.699
G1 F2100 E3753.98712
G0 F10500 X48.403 Y142.759
G1 F1500 E3755.98712
G1 F2100 X48.392 Y142.677 E3755.99224
G1 X48.08 Y141.95 E3756.04125
G1 X47.597 Y141.341 E3756.0894
G1 X47.009 Y140.901 E3756.13489
G1 X46.228 Y140.584 E3756.1871
G1 X39.233 Y133.59 E3756.79983
G1 X39.233 Y134.268 E3756.84183
G1 X45.466 Y140.501 E3757.38785
G1 X44.863 Y140.577 E3757.42549
G1 X39.233 Y134.947 E3757.91869
G1 X39.233 Y135.626 E3757.96075
G1 X44.354 Y140.747 E3758.40936
G1 X43.882 Y140.954 E3758.44128
G1 X39.233 Y136.305 E3758.84854
G1 X39.233 Y136.984 E3758.8906
G1 X43.513 Y141.264 E3759.26554
G1 X43.345 Y141.397 E3759.27881
G1 X43.184 Y141.613 E3759.2955
G1 X39.233 Y137.663 E3759.64157
G1 X39.233 Y138.341 E3759.68357
G1 X42.887 Y141.995 E3760.00366
G1 X42.692 Y142.479 E3760.03599
G1 X39.233 Y139.02 E3760.339
G1 X39.233 Y139.699 E3760.38106
G1 X42.552 Y143.018 E3760.67181
G1 X42.492 Y143.636 E3760.71027
G1 X39.233 Y140.378 E3760.99572
G1 X39.233 Y141.057 E3761.03778
G1 X42.69 Y144.514 E3761.34062
G1 X42.918 Y145.033 E3761.37573
G1 X43.392 Y145.638 E3761.42334
G1 X43.69 Y145.867 E3761.44662
G0 F1890 X44.019 Y146.121
G0 F10500 X42.166 Y147.969
G1 F2100 X42.578 Y148.474 E3761.48699
G1 X44.869 Y150.765 E3761.68769
G1 X44.19 Y150.765 E3761.72975
G1 X42.969 Y149.544 E3761.83671
G1 X43.033 Y149.959 E3761.86272
G1 X42.999 Y150.253 E3761.88105
G1 X43.511 Y150.765 E3761.9259
G1 X43.042 Y150.765 E3761.95496
G0 F1890 X42.905 Y150.765
G0 X42.972 Y150.494
G1 F2100 E3759.95496
;MESH:NONMESH
G0 F300 X42.972 Y150.494 Z1.92
G0 F10500 X38.53 Y70.215
G0 X38.571 Y69.865
G0 X39.086 Y68.452
G0 X39.785 Y68.332
;TIME_ELAPSED:6250.896367
;LAYER:5
;TYPE:WALL-INNER
;MESH:Reloj carcasa piso.stl
G1 F1500 E3761.95496
G1 F1205 X40.215 Y68.306 E3761.98153
G1 F1212.6 X40.589 Y68.328 E3762.00449
G0 F10500 X41.314 Y68.456
G0 X39.782 Y68.582
G0 X38.49 Y69.084
G0 X38.539 Y69.203
G1 F1076.6 X38.824 Y68.83 E3762.0369
G1 F1072.6 X39.201 Y68.539 E3762.06991
G1 F1112 X39.709 Y68.334 E3762.10653
G1 F1082.7 X38.356 Y68.356 E3762.19943
G1 F1088.8 X38.329 Y69.742 E3762.29406
G1 F1125 X38.539 Y69.203 E3762.33228
G0 F10500 X38.328 Y69.82
G1 F1215.2 X38.306 Y70.215 E3762.35648
G1 F1202.5 X38.332 Y70.624 E3762.38182
G0 F10500 X38.452 Y71.314
G0 X43.921 Y78.103
G0 X44.365 Y78.442
G0 X44.934 Y78.678
G0 X45.517 Y78.751
G0 X46.628 Y78.511
G0 X46.545 Y78.309
G1 F1200 X46.035 Y78.514 E3762.41586
G1 X45.504 Y78.59 E3762.44909
G1 X44.954 Y78.515 E3762.48348
G1 X44.478 Y78.316 E3762.51543
G1 X44.043 Y77.997 E3762.54885
G1 X43.701 Y77.565 E3762.58298
G1 X43.478 Y77.027 E3762.61905
G1 X43.416 Y76.513 E3762.65112
G1 X43.475 Y75.979 E3762.6844
G1 X43.684 Y75.47 E3762.71849
G1 X44.01 Y75.04 E3762.75191
G1 X44.433 Y74.701 E3762.78549
G1 X44.987 Y74.477 E3762.82251
G1 X45.513 Y74.416 E3762.85531
G1 X46.021 Y74.476 E3762.88699
G1 X46.525 Y74.679 E3762.92065
G1 X46.962 Y75.008 E3762.95453
G1 X47.292 Y75.437 E3762.98806
G1 X47.504 Y75.917 E3763.02056
G1 X47.587 Y76.48 E3763.05582
G1 X47.522 Y77.021 E3763.08957
G1 X47.318 Y77.531 E3763.12359
G1 X46.996 Y77.95 E3763.15633
G1 X46.87 Y78.05 E3763.16629
G0 F1080 X46.545 Y78.309
G1 F2100 E3761.16629
G0 F10500 X46.628 Y78.511
G0 X47.75 Y143.483
G0 X47.678 Y144.065
G0 X47.17 Y145.09
G0 X46.997 Y144.957
G1 F1500 E3763.16629
G1 F1200 X46.569 Y145.296 E3763.20011
G1 X46.059 Y145.513 E3763.23444
G1 X45.546 Y145.586 E3763.26654
G1 X44.99 Y145.525 E3763.30119
G1 X44.473 Y145.321 E3763.33562
G1 X44.034 Y144.986 E3763.36982
G1 X43.703 Y144.564 E3763.40304
G1 X43.478 Y144.029 E3763.43899
G1 X43.416 Y143.513 E3763.47119
G1 X43.475 Y142.982 E3763.50428
G1 X43.679 Y142.475 E3763.53813
G1 X44.01 Y142.035 E3763.57224
G1 X44.439 Y141.706 E3763.60573
G1 X44.919 Y141.495 E3763.63821
G1 X45.521 Y141.413 E3763.67584
G1 X46.028 Y141.482 E3763.70754
G1 X46.529 Y141.681 E3763.74093
G1 X46.95 Y141.999 E3763.77361
G1 X47.296 Y142.432 E3763.80794
G1 X47.511 Y142.939 E3763.84206
G1 X47.589 Y143.49 E3763.87653
G1 X47.515 Y144.044 E3763.91115
G1 X47.316 Y144.521 E3763.94317
G1 X47.242 Y144.622 E3763.95092
G0 F1080 X46.997 Y144.957
G0 F10500 X47.17 Y145.09
G0 X46.64 Y145.44
G0 X39.146 Y148.214
G0 X38.907 Y148.402
G0 X38.456 Y148.886
G0 X38.328 Y149.62
G1 F1215.2 X38.306 Y150.015 E3763.97512
G1 F1202.5 X38.332 Y150.424 E3764.00045
G0 F10500 X38.452 Y151.114
G0 X38.797 Y151.51
G0 X38.9 Y151.46
G1 F1125 X38.773 Y151.267 E3764.01572
G1 F1152 X38.551 Y150.991 E3764.03857
G1 F1149.7 X38.332 Y150.486 E3764.07416
G1 F1152 X38.329 Y151.671 E3764.15062
G1 X38.628 Y151.667 E3764.16992
G1 F1122.8 X38.843 Y151.628 E3764.18438
G1 F1097.1 X39.12 Y151.629 E3764.20315
G1 X38.915 Y151.472 E3764.22065
G0 F1080 X38.9 Y151.46
G1 F2100 E3762.22065
G0 F10500 X38.797 Y151.51
G0 X40.073 Y151.654
G0 X172.887 Y145.017
G0 X172.969 Y144.819
G1 F1500 E3764.22065
G1 F1200 X172.544 Y144.489 E3764.25398
G1 X172.218 Y144.089 E3764.28594
G1 X171.996 Y143.583 E3764.32017
G1 X171.913 Y143.021 E3764.35536
G1 X171.974 Y142.497 E3764.38804
G1 X172.201 Y141.942 E3764.42518
G1 X172.5 Y141.549 E3764.45577
G1 X172.928 Y141.206 E3764.48974
G1 X173.441 Y140.988 E3764.52427
G1 X174.026 Y140.911 E3764.56082
G1 X174.517 Y140.982 E3764.59155
G1 X174.998 Y141.167 E3764.62347
G1 X175.454 Y141.501 E3764.65849
G1 X175.796 Y141.93 E3764.69247
G1 X176.015 Y142.445 E3764.72714
G1 X176.084 Y142.985 E3764.76086
G1 X176.024 Y143.519 E3764.79414
G1 X175.825 Y144.016 E3764.82731
G1 X175.504 Y144.446 E3764.86054
G1 X175.079 Y144.789 E3764.89437
G1 X174.577 Y145.005 E3764.92823
G1 X174.028 Y145.09 E3764.96264
G1 X173.481 Y145.024 E3764.99677
G1 X173.355 Y144.973 E3765.00519
G0 F1080 X172.969 Y144.819
G0 F10500 X172.887 Y145.017
G0 X177.797 Y151.51
G0 X177.904 Y151.455
G1 F1161.3 X177.807 Y151.303 E3765.01673
G1 F1195 X177.552 Y150.972 E3765.04272
G1 F1200 X177.358 Y150.517 E3765.07336
G1 X177.287 Y150.026 E3765.10409
G1 X177.345 Y149.531 E3765.13496
G1 X177.557 Y149.016 E3765.16946
G1 X177.849 Y148.655 E3765.19822
G1 X178.232 Y148.35 E3765.22855
G1 X178.703 Y148.153 E3765.26017
G1 X179.217 Y148.087 E3765.29227
G1 X179.683 Y148.148 E3765.32139
G1 X180.175 Y148.352 E3765.35438
G1 F1190.1 X180.527 Y148.627 E3765.38228
G1 F1161.3 X180.86 Y149.019 E3765.4152
G1 F1109.8 X181.085 Y149.501 E3765.45083
G1 F1084.7 X181.131 Y149.985 E3765.48414
G1 F1001.7 X181.09 Y150.505 E3765.52285
G1 F872.7 X180.926 Y151.041 E3765.57059
G1 F831.2 X180.537 Y151.55 E3765.62788
G1 X180.821 Y151.57 E3765.65334
G1 F827.6 X181.572 Y151.572 E3765.7208
G1 F826.4 X181.572 Y151.223 E3765.75219
G1 F923.1 X181.644 Y150.471 E3765.81302
G1 F1068.6 X181.657 Y149.985 E3765.84684
G1 F1066.7 X181.643 Y149.533 E3765.87835
G1 F1114.1 X181.68 Y148.317 E3765.95952
G1 F1200 X181.681 Y71.628 E3770.70992
G1 F1202.5 X181.681 Y71.523 E3770.71641
G1 X181.28 Y71.844 E3770.74816
G1 F1200 X180.817 Y72.042 E3770.77935
G1 X180.326 Y72.114 E3770.81009
G1 X179.822 Y72.053 E3770.84154
G1 X179.334 Y71.845 E3770.8744
G1 X178.962 Y71.565 E3770.90324
G1 X178.664 Y71.189 E3770.93296
G1 X178.464 Y70.733 E3770.9638
G1 X178.385 Y70.225 E3770.99565
G1 X178.446 Y69.723 E3771.02697
G1 X178.654 Y69.222 E3771.06058
G1 F1195 X178.93 Y68.869 E3771.08845
G1 F1182.8 X179.312 Y68.555 E3771.11952
G1 F1168.4 X179.817 Y68.331 E3771.15467
G1 F1180.3 X178.582 Y68.32 E3771.23245
G1 F1200 X41.867 Y68.32 E3779.70108
G1 F1187.6 X40.652 Y68.328 E3779.77713
G1 F1182.8 X41.173 Y68.549 E3779.81269
G1 F1192.5 X41.536 Y68.833 E3779.84142
G1 F1197.5 X41.842 Y69.217 E3779.8719
G1 F1200 X42.042 Y69.683 E3779.90331
G1 X42.115 Y70.183 E3779.93461
G1 X42.046 Y70.694 E3779.96655
G1 X41.839 Y71.185 E3779.99956
G1 X41.557 Y71.545 E3780.02789
G1 X41.187 Y71.837 E3780.05708
G1 X40.727 Y72.039 E3780.0882
G1 X40.223 Y72.114 E3780.11977
G1 X39.724 Y72.054 E3780.1509
G1 X39.227 Y71.849 E3780.1842
G1 F1195 X38.869 Y71.571 E3780.2124
G1 F1180.3 X38.556 Y71.188 E3780.24355
G1 F1163.6 X38.331 Y70.686 E3780.27869
G1 F1177.9 X38.321 Y71.671 E3780.34085
G1 F1197.5 X38.322 Y91.141 E3781.5494
G1 F1192.5 X38.324 Y110.611 E3782.76299
G1 F1185.2 X38.325 Y130.081 E3783.9841
G1 F1180.3 X38.327 Y149.551 E3785.21025
G1 X38.553 Y149.022 E3785.24648
G1 F1190.1 X38.833 Y148.664 E3785.27486
G1 F1200 X39.221 Y148.355 E3785.30559
G1 X39.686 Y148.156 E3785.33692
G1 X40.212 Y148.086 E3785.36979
G1 X40.69 Y148.151 E3785.39967
G1 X41.162 Y148.347 E3785.43133
G1 X41.525 Y148.63 E3785.45984
G1 X41.829 Y148.999 E3785.48945
G1 X42.035 Y149.477 E3785.5217
G1 X42.114 Y149.968 E3785.5525
G1 X42.055 Y150.475 E3785.58412
G1 X41.85 Y150.97 E3785.61731
G1 F1197.5 X41.622 Y151.27 E3785.6407
G1 F1161.3 X41.528 Y151.424 E3785.65225
G1 F1129.4 X41.258 Y151.634 E3785.67476
G1 X41.601 Y151.634 E3785.69733
G1 F1161.3 X41.821 Y151.676 E3785.71167
G1 F1195 X177.628 Y151.675 E3794.1591
G1 F1161.3 X177.843 Y151.634 E3794.17311
G1 F1131.6 X178.142 Y151.635 E3794.19275
G1 X177.921 Y151.468 E3794.21095
G0 F1080 X177.904 Y151.455
G1 F2100 E3792.21095
G0 F10500 X177.797 Y151.51
G0 X177.414 Y151.054
G0 X177.194 Y150.525
G0 X172.877 Y78.513
G0 X172.961 Y78.311
G1 F1500 E3794.21095
G1 F1200 X172.54 Y77.993 E3794.24363
G1 X172.205 Y77.571 E3794.27701
G1 X171.989 Y77.061 E3794.31131
G1 X171.911 Y76.509 E3794.34585
G1 X171.987 Y75.95 E3794.38079
G1 X172.204 Y75.443 E3794.41495
G1 X172.505 Y75.041 E3794.44606
G1 X172.935 Y74.701 E3794.48002
G1 X173.474 Y74.477 E3794.51617
G1 X174.013 Y74.416 E3794.54977
G1 X174.517 Y74.476 E3794.58121
G1 X175.03 Y74.682 E3794.61546
G1 X175.464 Y75.01 E3794.64916
G1 X175.791 Y75.435 E3794.68237
G1 X176.015 Y75.944 E3794.71682
G1 X176.084 Y76.485 E3794.7506
G1 X176.024 Y77.02 E3794.78395
G1 X175.82 Y77.527 E3794.8178
G1 X175.495 Y77.958 E3794.85124
G1 X175.086 Y78.283 E3794.8836
G1 X174.553 Y78.513 E3794.91956
G1 X174.013 Y78.588 E3794.95333
G1 X173.475 Y78.521 E3794.98691
G1 X173.346 Y78.468 E3794.99555
G0 F1080 X172.961 Y78.311
G0 F10500 X172.877 Y78.513
G0 X173.434 Y78.678
G0 X174.017 Y78.751
G0 X174.57 Y78.676
G0 X175.14 Y78.44
G0 X175.603 Y78.079
G0 X175.942 Y77.635
G0 X176.178 Y77.065
G0 X178.292 Y69.68
G0 X178.512 Y69.15
G0 X178.687 Y68.923
G0 X179.186 Y68.452
G0 X179.885 Y68.332
G1 F1205 X180.315 Y68.306 E3795.02212
G1 F1212.6 X180.689 Y68.328 E3795.04509
G0 F10500 X181.237 Y68.56
G1 F1321.1 X181.703 Y68.919 E3795.07819
G1 F1288.6 X181.71 Y68.28 E3795.11505
G1 F1246.8 X180.74 Y68.326 E3795.17295
G1 F1277.2 X181.237 Y68.56 E3795.20492
G1 F2100 E3793.20492
G0 F10500 X181.414 Y68.456
G0 X181.917 Y69.78
G0 X181.97 Y70.185
G0 X181.918 Y70.618
G0 X181.739 Y71.047
G0 X181.491 Y71.37
G0 X179.862 Y72.279
G0 X179.947 Y71.585
;TYPE:WALL-OUTER
G1 F1500 E3795.20492
G1 F1200 X179.573 Y71.429 E3795.23002
G1 X179.303 Y71.22 E3795.25117
G1 X179.085 Y70.948 E3795.27276
G1 X178.927 Y70.59 E3795.297
G1 X178.87 Y70.218 E3795.32032
G1 X178.915 Y69.845 E3795.34359
G1 X179.073 Y69.465 E3795.36908
G1 X179.3 Y69.186 E3795.39136
G1 F1202.5 X179.567 Y68.974 E3795.41243
G1 X179.921 Y68.821 E3795.43627
G1 X180.315 Y68.773 E3795.46081
G1 F1200 X180.625 Y68.811 E3795.48015
G1 X181.029 Y68.97 E3795.50705
G1 X181.274 Y69.16 E3795.52625
G1 X181.526 Y69.465 E3795.55076
G1 X181.681 Y69.846 E3795.57624
G1 F1230.8 X181.716 Y70.185 E3795.59682
G1 F1233.4 X181.686 Y70.534 E3795.61793
G1 F1205 X181.529 Y70.929 E3795.64415
G1 X181.299 Y71.213 E3795.6667
G1 F1202.5 X181.032 Y71.428 E3795.68789
G1 X180.685 Y71.577 E3795.71123
G1 F1200 X180.317 Y71.63 E3795.73426
G1 X179.973 Y71.588 E3795.75573
G0 F1080 X179.947 Y71.585
G1 F2100 E3793.75573
G0 F10500 X179.862 Y72.279
G0 X175.603 Y78.079
G0 X175.14 Y78.44
G0 X174.57 Y78.676
G0 X174.017 Y78.751
G0 X172.941 Y78.539
G0 X173.208 Y77.895
G1 F1500 E3795.75573
G1 F1200 X172.881 Y77.648 E3795.78111
G1 X172.625 Y77.326 E3795.80659
G1 X172.456 Y76.932 E3795.83315
G1 X172.397 Y76.53 E3795.85832
G1 X172.447 Y76.102 E3795.88501
G1 X172.62 Y75.682 E3795.91315
G1 X172.875 Y75.36 E3795.93859
G1 X173.179 Y75.119 E3795.96262
G1 X173.619 Y74.943 E3795.99197
G1 X174.013 Y74.893 E3796.01658
G1 X174.417 Y74.952 E3796.04187
G1 X174.77 Y75.094 E3796.06544
G1 X175.107 Y75.341 E3796.09132
G1 X175.378 Y75.679 E3796.11815
G1 X175.537 Y76.048 E3796.14304
G1 X175.604 Y76.485 E3796.17043
G1 X175.557 Y76.88 E3796.19507
G1 X175.399 Y77.289 E3796.22223
G1 X175.148 Y77.621 E3796.24801
G1 X174.817 Y77.88 E3796.27404
G1 X174.401 Y78.053 E3796.30195
G1 X174.011 Y78.107 E3796.32634
G1 X173.594 Y78.049 E3796.35242
G0 F1080 X173.584 Y78.048
G0 X173.208 Y77.895
G1 F2100 E3794.35242
G0 F10500 X172.941 Y78.539
G0 X171.75 Y143.017
G0 X171.824 Y143.569
G0 X172.06 Y144.14
G0 X172.351 Y144.514
G0 X172.944 Y145.04
G0 X173.21 Y144.398
G1 F1500 E3796.35242
G1 F1200 X172.88 Y144.147 E3796.3781
G1 X172.62 Y143.818 E3796.40408
G1 X172.455 Y143.428 E3796.43031
G1 X172.394 Y143.017 E3796.45604
G1 X172.444 Y142.614 E3796.4812
G1 X172.62 Y142.182 E3796.51009
G1 X172.855 Y141.878 E3796.5339
G1 X173.198 Y141.612 E3796.56078
G1 X173.555 Y141.46 E3796.58482
G1 X174.002 Y141.397 E3796.61278
G1 X174.398 Y141.447 E3796.6375
G1 X174.789 Y141.602 E3796.66356
G1 X175.12 Y141.851 E3796.68922
G1 X175.379 Y142.177 E3796.71501
G1 X175.547 Y142.573 E3796.74165
G1 X175.604 Y142.985 E3796.76742
G1 X175.557 Y143.38 E3796.79206
G1 X175.392 Y143.796 E3796.81978
G1 X175.155 Y144.111 E3796.8442
G1 X174.821 Y144.378 E3796.87068
G1 X174.425 Y144.546 E3796.89733
G1 X174.03 Y144.603 E3796.92205
G1 X173.604 Y144.556 E3796.9486
G1 X173.596 Y144.553 E3796.94913
G0 F1080 X173.21 Y144.398
G1 F2100 E3794.94913
G0 F10500 X172.944 Y145.04
G0 X177.792 Y151.525
G0 X177.843 Y152.145
G1 F1500 E3796.94913
G1 F1131.6 X178.12 Y152.146 E3796.96732
G1 F1014.1 X178.832 Y152.087 E3797.01969
G1 F933.5 X179.215 Y152.097 E3797.0502
G1 F930.5 X179.609 Y152.084 E3797.08169
G1 F1036 X180.821 Y152.158 E3797.16881
G1 F1197.5 X182.16 Y152.16 E3797.25193
G1 F1200 X182.16 Y71.938 E3802.22117
G1 F1202.5 X182.161 Y70.575 E3802.30543
G1 F1233.4 X182.172 Y70.185 E3802.32894
G1 F1230.8 X182.16 Y69.812 E3802.35148
G1 F1200 X182.16 Y67.84 E3802.47363
G1 X37.84 Y67.84 E3811.41334
G1 X37.84 Y152.16 E3816.63643
G1 F1197.5 X38.628 Y152.159 E3816.68535
G1 F1037.8 X39.832 Y152.087 E3816.77173
G1 F933.5 X40.215 Y152.097 E3816.80224
G1 F930.5 X40.609 Y152.084 E3816.83373
G1 F1010.5 X41.29 Y152.145 E3816.88402
G1 F1129.4 X41.601 Y152.145 E3816.90449
G1 F1161.3 X41.821 Y152.158 E3816.9186
G1 F1195 X177.628 Y152.159 E3825.36604
G1 F1161.3 X177.843 Y152.145 E3825.37983
G0 F10500 X177.792 Y151.525
G0 X178.869 Y151.462
G1 F986.3 X178.489 Y151.27 E3825.41191
G1 F1097.1 X178.218 Y151.051 E3825.43552
G1 F1149.7 X177.971 Y150.729 E3825.46176
G1 F1175.5 X177.823 Y150.385 E3825.48544
G1 F1187.6 X177.77 Y150.015 E3825.50883
G1 F1197.5 X177.823 Y149.627 E3825.53314
G1 F1200 X177.975 Y149.267 E3825.55735
G1 X178.168 Y149.017 E3825.57691
G1 X178.461 Y148.778 E3825.60033
G1 X178.807 Y148.628 E3825.62369
G1 X179.214 Y148.571 E3825.64915
G1 X179.556 Y148.616 E3825.67052
G1 X179.933 Y148.772 E3825.69579
G1 X180.214 Y149 E3825.7182
G1 F1202.5 X180.426 Y149.264 E3825.73913
G1 X180.581 Y149.646 E3825.76462
G1 F1200 X180.628 Y149.985 E3825.78582
G1 X180.587 Y150.335 E3825.80765
G1 X180.425 Y150.733 E3825.83426
G1 F1163.6 X180.209 Y151.025 E3825.85746
G1 F1064.7 X179.919 Y151.283 E3825.88456
G1 F958.4 X179.564 Y151.456 E3825.91519
G1 F929 X179.259 Y151.489 E3825.93974
G1 F932 X178.869 Y151.462 E3825.97092
G1 F2100 E3823.97092
G0 F10500 X177.824 Y151.529
G0 X46.752 Y145.429
G0 X46.324 Y144.879
G1 F1500 E3825.97092
G1 F1200 X45.927 Y145.047 E3825.99762
G1 X45.515 Y145.106 E3826.0234
G1 X45.086 Y145.048 E3826.05022
G1 X44.711 Y144.896 E3826.07528
G1 X44.389 Y144.655 E3826.10019
G1 X44.127 Y144.329 E3826.1261
G1 X43.943 Y143.881 E3826.1561
G1 X43.893 Y143.512 E3826.17917
G1 X43.945 Y143.102 E3826.20477
G1 X44.102 Y142.71 E3826.23092
G1 X44.354 Y142.377 E3826.25679
G1 X44.682 Y142.12 E3826.2826
G1 X45.074 Y141.955 E3826.30895
G1 X45.528 Y141.897 E3826.3373
G1 X45.911 Y141.951 E3826.36126
G1 X46.292 Y142.105 E3826.38672
G1 X46.603 Y142.338 E3826.41079
G1 X46.869 Y142.665 E3826.4369
G1 X47.044 Y143.068 E3826.46411
G1 X47.103 Y143.47 E3826.48928
G1 X47.056 Y143.896 E3826.51583
G1 X46.897 Y144.287 E3826.54197
G1 X46.649 Y144.62 E3826.56769
G0 F1080 X46.648 Y144.622
G0 X46.324 Y144.879
G1 F2100 E3824.56769
G0 F10500 X46.752 Y145.429
G0 X41.572 Y151.528
G0 X40.914 Y151.271
G1 F1500 E3826.56769
G1 F979.6 X40.564 Y151.456 E3826.59773
G1 F929 X40.259 Y151.489 E3826.62228
G1 F932 X39.869 Y151.462 E3826.65346
G1 F966.4 X39.485 Y151.281 E3826.68611
G1 F1072.6 X39.218 Y151.051 E3826.71053
G1 F1166 X38.973 Y150.73 E3826.73627
G1 F1202.5 X38.823 Y150.384 E3826.75959
G1 X38.77 Y150.017 E3826.78251
G1 X38.814 Y149.65 E3826.80535
G1 X38.973 Y149.269 E3826.83087
G1 X39.16 Y149.026 E3826.84983
G1 F1200 X39.467 Y148.772 E3826.87451
G1 X39.815 Y148.624 E3826.89794
G1 X40.211 Y148.57 E3826.92269
G1 X40.541 Y148.614 E3826.94331
G1 X40.919 Y148.767 E3826.96857
G1 X41.193 Y148.976 E3826.98992
G1 X41.433 Y149.282 E3827.01401
G1 X41.574 Y149.613 E3827.0363
G1 X41.63 Y149.982 E3827.05942
G1 X41.585 Y150.353 E3827.08256
G1 X41.43 Y150.728 E3827.1077
G1 F1163.6 X41.209 Y151.025 E3827.13135
G1 F1129.4 X40.966 Y151.219 E3827.15181
G1 F1090.9 X40.914 Y151.271 E3827.15682
G1 F2100 E3825.15682
G0 F10500 X41.572 Y151.528
G0 X41.988 Y151.05
G0 X42.208 Y150.52
G0 X46.568 Y78.536
G0 X46.301 Y77.889
G1 F1500 E3827.15682
G1 F1200 X45.905 Y78.052 E3827.18335
G1 X45.527 Y78.104 E3827.20698
G1 X45.102 Y78.056 E3827.23348
G1 X44.712 Y77.897 E3827.25957
G1 X44.378 Y77.647 E3827.28541
G1 X44.119 Y77.321 E3827.3112
G1 X43.943 Y76.881 E3827.34056
G1 X43.893 Y76.512 E3827.36362
G1 X43.945 Y76.1 E3827.38935
G1 X44.11 Y75.7 E3827.41615
G1 X44.346 Y75.388 E3827.44038
G1 X44.679 Y75.119 E3827.4669
G1 X45.092 Y74.949 E3827.49456
G1 X45.511 Y74.893 E3827.52075
G1 X45.902 Y74.946 E3827.54519
G1 X46.29 Y75.102 E3827.57109
G1 X46.621 Y75.352 E3827.59679
G1 X46.878 Y75.68 E3827.6226
G1 X47.045 Y76.072 E3827.64899
G1 X47.106 Y76.485 E3827.67485
G1 X47.048 Y76.915 E3827.70173
G1 X46.895 Y77.292 E3827.72693
G1 X46.645 Y77.622 E3827.75258
G1 X46.629 Y77.634 E3827.75382
G0 F1080 X46.301 Y77.889
G1 F2100 E3825.75382
G0 F10500 X46.568 Y78.536
G0 X45.517 Y78.751
G0 X44.934 Y78.678
G0 X44.365 Y78.442
G0 X43.921 Y78.103
G0 X43.597 Y77.687
G0 X41.371 Y71.971
G0 X40.94 Y71.421
G1 F1500 E3827.75382
G1 F1200 X40.571 Y71.578 E3827.77866
G1 X40.217 Y71.63 E3827.80082
G1 X39.847 Y71.585 E3827.82391
G1 X39.467 Y71.428 E3827.84938
G1 X39.186 Y71.2 E3827.87179
G1 F1202.5 X38.974 Y70.933 E3827.89287
G1 X38.823 Y70.583 E3827.91643
G1 X38.77 Y70.217 E3827.93929
G1 X38.814 Y69.85 E3827.96214
G1 X38.973 Y69.469 E3827.98766
G1 X39.16 Y69.226 E3828.00661
G1 X39.466 Y68.974 E3828.03111
G1 X39.821 Y68.821 E3828.05501
G1 X40.215 Y68.773 E3828.07955
G1 F1200 X40.525 Y68.811 E3828.09889
G1 F1202.5 X40.927 Y68.97 E3828.12561
G1 X41.174 Y69.16 E3828.14488
G1 F1200 X41.425 Y69.463 E3828.16925
G1 X41.577 Y69.815 E3828.193
G1 X41.63 Y70.184 E3828.21609
G1 X41.584 Y70.55 E3828.23894
G1 X41.431 Y70.922 E3828.26386
G1 X41.217 Y71.2 E3828.28559
G1 X41.068 Y71.319 E3828.2974
G0 F1080 X40.94 Y71.421
G1 F2100 E3826.2974
G0 F10500 X41.371 Y71.971
G0 X173.382 Y78.945
;TYPE:SKIN
G1 F1500 E3828.2974
G1 F2100 X174.008 Y79.02 E3828.33645
G1 X174.636 Y78.943 E3828.37565
G1 X175.293 Y78.673 E3828.41965
G1 X175.811 Y78.262 E3828.46061
G1 X176.2 Y77.741 E3828.50088
G1 X176.45 Y77.101 E3828.54344
G1 X176.519 Y76.448 E3828.58412
G1 X176.432 Y75.821 E3828.62333
G1 X176.172 Y75.21 E3828.66446
G1 X175.766 Y74.699 E3828.70489
G1 X175.25 Y74.307 E3828.74503
G1 X174.636 Y74.058 E3828.78607
G1 X174.014 Y73.974 E3828.82495
G1 X173.377 Y74.055 E3828.86472
G1 X172.863 Y74.263 E3828.89907
G1 X172.611 Y74.41 E3828.91714
G1 X172.199 Y74.732 E3828.94953
G1 X171.821 Y75.223 E3828.98792
G1 X171.568 Y75.834 E3829.02888
G1 X171.477 Y76.523 E3829.07193
G1 X171.57 Y77.171 E3829.11248
G1 X171.825 Y77.777 E3829.15321
G1 X172.252 Y78.32 E3829.196
G1 X172.739 Y78.684 E3829.23366
G1 X172.997 Y78.789 E3829.25091
G0 F1890 X173.382 Y78.945
G1 F2100 E3827.25091
G0 F10500 X176.938 Y150.638
G1 F1500 E3829.25091
G1 F2100 X177.115 Y151.054 E3829.27892
G1 X177.229 Y151.248 E3829.29286
G1 X42.202 Y151.246 E3837.65692
G1 X42.415 Y150.736 E3837.69116
G1 X42.496 Y150.424 E3837.71113
G1 X42.55 Y149.973 E3837.73926
G1 X42.462 Y149.384 E3837.77615
G1 X42.204 Y148.785 E3837.81655
G1 X41.847 Y148.339 E3837.85194
G1 X41.372 Y147.966 E3837.88935
G1 X40.784 Y147.729 E3837.92862
G1 X40.212 Y147.649 E3837.9644
G1 X39.566 Y147.736 E3838.00477
G1 X39.114 Y147.932 E3838.03529
G1 X38.754 Y148.148 E3838.0613
G1 X38.754 Y72.059 E3842.77453
G1 X39.132 Y72.276 E3842.80153
G1 X39.486 Y72.423 E3842.82527
G1 X39.773 Y72.495 E3842.8436
G1 X40.231 Y72.551 E3842.87218
G1 X40.842 Y72.459 E3842.91046
G1 X41.393 Y72.224 E3842.94756
G1 X41.871 Y71.843 E3842.98543
G1 X42.215 Y71.405 E3843.01993
G1 X42.464 Y70.813 E3843.05971
G1 X42.551 Y70.18 E3843.09929
G1 X42.463 Y69.565 E3843.13777
G1 X42.283 Y69.141 E3843.1663
G1 X42.052 Y68.754 E3843.19422
G1 X178.472 Y68.752 E3851.64458
G1 X178.282 Y68.995 E3851.66368
G1 X178.024 Y69.608 E3851.70488
G1 X177.95 Y70.226 E3851.74344
G1 X178.037 Y70.822 E3851.78075
G1 X178.288 Y71.413 E3851.82052
G1 X178.655 Y71.862 E3851.85644
G1 X179.107 Y72.225 E3851.89235
G1 X179.715 Y72.477 E3851.93312
G1 X180.321 Y72.55 E3851.97093
G1 X180.93 Y72.464 E3852.00903
G1 X181.247 Y72.329 E3852.03037
G1 X181.247 Y148.302 E3856.73642
G1 X181.219 Y148.756 E3856.76459
G1 X180.806 Y148.296 E3856.80289
G1 X180.518 Y148.071 E3856.82552
G1 X180.244 Y147.915 E3856.84505
G1 X179.799 Y147.729 E3856.87493
G1 X179.219 Y147.65 E3856.91119
G1 X178.605 Y147.728 E3856.94953
G1 X177.999 Y147.985 E3856.9903
G1 X177.539 Y148.345 E3857.02649
G1 X177.157 Y148.85 E3857.06571
G1 X176.923 Y149.417 E3857.1037
G1 X176.85 Y150.026 E3857.1417
G1 X176.879 Y150.227 E3857.15428
G0 F1890 X176.938 Y150.638
G0 F10500 X172.264 Y144.828
G1 F2100 X172.655 Y145.12 E3857.18451
G1 X172.873 Y145.245 E3857.20007
G1 X173.376 Y145.449 E3857.23369
G1 X174.027 Y145.521 E3857.27427
G1 X174.667 Y145.434 E3857.31427
G1 X175.288 Y145.168 E3857.35612
G1 X175.798 Y144.77 E3857.39619
G1 X176.198 Y144.235 E3857.43757
G1 X176.45 Y143.6 E3857.47989
G1 X176.519 Y142.949 E3857.52044
G1 X176.432 Y142.321 E3857.55971
G1 X176.22 Y141.828 E3857.59296
G1 X176.089 Y141.61 E3857.60871
G1 X175.761 Y141.189 E3857.64177
G1 X175.236 Y140.796 E3857.68239
G1 X174.624 Y140.561 E3857.723
G1 X174.01 Y140.481 E3857.76136
G1 X173.338 Y140.565 E3857.80331
G1 X172.724 Y140.821 E3857.84451
G1 X172.192 Y141.244 E3857.88661
G1 X171.82 Y141.728 E3857.92443
G1 X171.556 Y142.376 E3857.96777
G1 X171.482 Y143.028 E3858.00842
G1 X171.568 Y143.675 E3858.04885
G1 X171.854 Y144.323 E3858.09272
G1 X172.002 Y144.505 E3858.10725
G0 F1890 X172.264 Y144.828
G1 F2100 E3856.10725
G0 F10500 X47.309 Y145.263
G1 F1500 E3858.10725
G1 F2100 X47.699 Y144.743 E3858.14752
G1 X47.934 Y144.157 E3858.18662
G1 X48.023 Y143.475 E3858.22923
G1 X47.925 Y142.812 E3858.27074
G1 X47.67 Y142.212 E3858.31113
G1 X47.242 Y141.676 E3858.35362
G1 X46.74 Y141.304 E3858.39232
G1 X46.118 Y141.054 E3858.43384
G1 X45.519 Y140.979 E3858.47124
G1 X44.819 Y141.064 E3858.51492
G1 X44.211 Y141.336 E3858.55617
G1 X43.692 Y141.736 E3858.59676
G1 X43.297 Y142.263 E3858.63756
G1 X43.049 Y142.882 E3858.67887
G1 X42.983 Y143.526 E3858.71897
G1 X43.056 Y144.134 E3858.7569
G1 X43.331 Y144.786 E3858.80073
G1 X43.729 Y145.294 E3858.84071
G1 X44.245 Y145.69 E3858.881
G1 X44.848 Y145.938 E3858.92138
G1 X45.522 Y146.026 E3858.96349
G1 X46.183 Y145.931 E3859.00485
G1 X46.787 Y145.674 E3859.04551
G1 X46.982 Y145.52 E3859.06091
G0 F1890 X47.309 Y145.263
G1 F2100 E3857.06091
G0 F10500 X47.678 Y144.065
G0 X47.717 Y143.736
G0 X46.802 Y78.663
G1 F1500 E3859.06091
G1 F2100 X47.307 Y78.261 E3859.10089
G1 X47.689 Y77.753 E3859.14026
G1 X47.942 Y77.133 E3859.18174
G1 X48.023 Y76.443 E3859.22477
G1 X47.909 Y75.766 E3859.2673
G1 X47.671 Y75.209 E3859.30482
G1 X47.264 Y74.691 E3859.34563
G1 X46.739 Y74.299 E3859.38621
G1 X46.132 Y74.054 E3859.42676
G1 X45.513 Y73.975 E3859.46541
G1 X44.879 Y74.054 E3859.50499
G1 X44.216 Y74.327 E3859.5494
G1 X43.688 Y74.743 E3859.59104
G1 X43.31 Y75.254 E3859.63041
G1 X43.052 Y75.872 E3859.6719
G1 X42.98 Y76.552 E3859.71425
G1 X43.057 Y77.13 E3859.75037
G1 X43.276 Y77.664 E3859.78613
G1 X43.41 Y77.89 E3859.8024
G1 X43.736 Y78.308 E3859.83524
G1 X44.232 Y78.681 E3859.87368
G1 X44.83 Y78.929 E3859.91378
G1 X45.502 Y79.024 E3859.95582
G1 X46.158 Y78.934 E3859.99684
G1 X46.419 Y78.824 E3860.01438
G0 F1890 X46.802 Y78.663
G1 F2100 E3858.01438
G0 F10500 X177.547 Y69.543
G1 F1500 E3860.01438
G1 F2100 X177.465 Y70.235 E3860.05755
G1 X177.473 Y70.296 E3860.06136
G1 X174.248 Y73.522 E3860.34392
G1 X174.765 Y73.594 E3860.37625
G1 X174.829 Y73.619 E3860.38051
G1 X177.559 Y70.889 E3860.61966
G1 X177.569 Y70.953 E3860.62367
G1 X177.748 Y71.379 E3860.65229
G1 X175.313 Y73.814 E3860.8656
G1 X175.486 Y73.882 E3860.87712
G1 X175.735 Y74.071 E3860.89648
G1 X177.997 Y71.808 E3861.09468
G1 X178.3 Y72.184 E3861.12459
G1 X176.117 Y74.367 E3861.31583
G1 X176.418 Y74.746 E3861.34581
G1 X178.671 Y72.492 E3861.54322
G1 X178.853 Y72.641 E3861.55779
G1 X179.1 Y72.742 E3861.57432
G1 X176.676 Y75.166 E3861.78666
G1 X176.878 Y75.643 E3861.81875
G1 X179.581 Y72.94 E3862.05554
G1 X179.59 Y72.945 E3862.05618
G1 X180.183 Y73.017 E3862.09318
G1 X176.971 Y76.228 E3862.37451
G1 X177 Y76.443 E3862.38795
G1 X176.949 Y76.929 E3862.41822
G1 X180.766 Y73.113 E3862.75255
G1 X180.766 Y73.792 E3862.79461
G1 X176.648 Y77.909 E3863.15531
G1 X176.621 Y77.978 E3863.1599
G1 X176.158 Y78.599 E3863.20788
G1 X175.535 Y79.092 E3863.25709
G1 X175.419 Y79.139 E3863.26485
G1 X174.755 Y79.41 E3863.30927
G1 X174.429 Y79.449 E3863.32961
G1 X103.112 Y150.767 E3869.57713
G1 X102.433 Y150.767 E3869.61919
G1 X173.731 Y79.468 E3875.86506
G1 X173.243 Y79.411 E3875.89549
G1 X173.149 Y79.372 E3875.90179
G1 X101.754 Y150.767 E3882.15611
G1 X101.075 Y150.767 E3882.19817
G1 X172.665 Y79.177 E3888.46957
G1 X172.516 Y79.117 E3888.47952
G1 X172.248 Y78.915 E3888.5003
G1 X100.397 Y150.767 E3894.79461
G1 X99.718 Y150.767 E3894.83667
G1 X171.872 Y78.612 E3901.15752
G1 X171.572 Y78.234 E3901.18741
G1 X99.039 Y150.767 E3907.54142
G1 X98.36 Y150.767 E3907.58348
G1 X171.315 Y77.812 E3913.97445
G1 X171.115 Y77.333 E3914.0066
G1 X97.681 Y150.767 E3920.43954
G1 X97.003 Y150.767 E3920.48154
G1 X171.024 Y76.745 E3926.96594
G1 X170.988 Y76.504 E3926.98103
G1 X171.054 Y76.036 E3927.01031
G1 X96.324 Y150.767 E3933.55682
G1 X95.645 Y150.767 E3933.59888
G1 X171.383 Y75.028 E3940.23369
G1 X171.402 Y74.983 E3940.23672
G1 X171.855 Y74.389 E3940.28299
G1 X172.353 Y74.004 E3940.32198
G1 X172.483 Y73.929 E3940.33128
G1 X172.663 Y73.825 E3940.34415
G1 X173.224 Y73.59 E3940.38183
G1 X173.54 Y73.55 E3940.40156
G1 X177.253 Y69.837 E3940.72683
G0 F1890 X177.547 Y69.543
G1 F2100 E3938.72683
G0 F10500 X180.766 Y147.105
G1 F1500 E3940.72683
G1 F2100 X180.406 Y147.464 E3940.75832
G1 X180.766 Y147.662 E3940.78377
G1 X180.766 Y146.426 E3940.86033
G1 X179.928 Y147.263 E3940.9337
G1 X179.331 Y147.182 E3940.97102
G1 X180.766 Y145.747 E3941.09672
G1 X180.766 Y145.068 E3941.13878
G1 X178.582 Y147.252 E3941.33011
G1 X178.455 Y147.269 E3941.33804
G1 X177.747 Y147.573 E3941.38577
G1 X177.168 Y148.034 E3941.43162
G1 X176.744 Y148.59 E3941.47493
G1 X176.613 Y148.907 E3941.49618
G0 F1890 X176.454 Y149.291
G0 F10500 X176.464 Y150.728
G1 F2100 X176.469 Y150.767 E3941.49861
G1 X175.745 Y150.767 E3941.54346
G1 X176.379 Y150.134 E3941.59895
G1 X176.365 Y150.035 E3941.60515
G1 X176.441 Y149.393 E3941.64519
G1 X175.066 Y150.767 E3941.7656
G1 X174.388 Y150.767 E3941.8076
G1 X180.766 Y144.389 E3942.36632
G1 X180.766 Y143.71 E3942.40838
G1 X173.709 Y150.767 E3943.02659
G1 X173.03 Y150.767 E3943.06865
G1 X180.766 Y143.032 E3943.74629
G1 X180.766 Y142.353 E3943.78835
G1 X172.351 Y150.767 E3944.52547
G1 X171.672 Y150.767 E3944.56753
G1 X180.766 Y141.674 E3945.36414
G1 X180.766 Y140.995 E3945.4062
G1 X170.993 Y150.767 E3946.26228
G1 X170.315 Y150.767 E3946.30428
G1 X175.18 Y145.902 E3946.73046
G0 F1890 X175.474 Y145.608
G0 F10500 X176.178 Y143.565
G0 X176.25 Y142.983
G0 X176.176 Y142.431
G0 X175.94 Y141.86
G0 X175.579 Y141.397
G0 X175.135 Y141.058
G0 X174.677 Y140.869
G0 X172.564 Y140.372
G1 F2100 X172.449 Y140.422 E3946.73823
G1 X171.835 Y140.919 E3946.78716
G1 X171.401 Y141.48 E3946.8311
G1 X171.363 Y141.574 E3946.83738
G1 X162.169 Y150.767 E3947.64274
G1 X162.848 Y150.767 E3947.6848
G1 X171.054 Y142.561 E3948.40366
G1 X170.998 Y143.039 E3948.43347
G1 X171.029 Y143.265 E3948.4476
G1 X163.526 Y150.767 E3949.10483
G1 X164.205 Y150.767 E3949.14689
G1 X171.122 Y143.85 E3949.75283
G1 X171.329 Y144.322 E3949.78476
G1 X164.884 Y150.767 E3950.34935
G1 X165.563 Y150.767 E3950.39141
G1 X171.582 Y144.749 E3950.91864
G1 X171.884 Y145.125 E3950.94851
G1 X166.242 Y150.767 E3951.44276
G1 X166.921 Y150.767 E3951.48482
G1 X172.251 Y145.437 E3951.95174
G1 X172.683 Y145.683 E3951.98253
G1 X167.599 Y150.767 E3952.4279
G1 X168.278 Y150.767 E3952.46996
G1 X173.165 Y145.881 E3952.89802
G1 X173.253 Y145.917 E3952.90391
G1 X173.749 Y145.975 E3952.93485
G1 X168.957 Y150.767 E3953.35463
G1 X169.636 Y150.767 E3953.39669
G1 X174.458 Y145.946 E3953.81907
G1 X174.803 Y145.9 E3953.84062
G1 X175.532 Y145.583 E3953.88987
G1 X176.145 Y145.103 E3953.93809
G1 X176.63 Y144.452 E3953.98838
G1 X180.766 Y140.316 E3954.3507
G1 X180.766 Y139.638 E3954.3927
G1 X176.947 Y143.456 E3954.7272
G1 X177 Y142.944 E3954.75909
G1 X176.974 Y142.75 E3954.77121
G1 X180.766 Y138.959 E3955.10335
G1 X180.766 Y138.28 E3955.14541
G1 X176.885 Y142.16 E3955.48535
G1 X176.68 Y141.687 E3955.51729
G1 X180.766 Y137.601 E3955.87523
G1 X180.766 Y136.922 E3955.91729
G1 X176.425 Y141.263 E3956.29756
G1 X176.129 Y140.88 E3956.32755
G1 X180.766 Y136.243 E3956.73376
G1 X180.766 Y135.565 E3956.77575
G1 X175.748 Y140.582 E3957.2153
G1 X175.467 Y140.373 E3957.23699
G1 X175.33 Y140.321 E3957.24606
G1 X180.766 Y134.886 E3957.72222
G1 X180.766 Y134.207 E3957.76428
G1 X174.84 Y140.133 E3958.28341
G1 X174.74 Y140.093 E3958.29008
G1 X174.262 Y140.031 E3958.31994
G1 X180.766 Y133.528 E3958.88966
G1 X180.766 Y132.849 E3958.93172
G1 X173.56 Y140.055 E3959.56297
G1 X173.194 Y140.1 E3959.58581
G1 X172.564 Y140.372 E3959.62832
G1 X180.766 Y132.17 E3960.34683
G1 X180.766 Y131.492 E3960.38883
G1 X161.49 Y150.767 E3962.07739
G1 X160.811 Y150.767 E3962.11945
G1 X180.766 Y130.813 E3963.8675
G1 X180.766 Y130.134 E3963.90956
G1 X160.132 Y150.767 E3965.71708
G1 X159.453 Y150.767 E3965.75914
G1 X180.766 Y129.455 E3967.62615
G1 X180.766 Y128.776 E3967.66821
G1 X158.775 Y150.767 E3969.59466
G1 X158.096 Y150.767 E3969.63672
G1 X180.766 Y128.098 E3971.6226
G1 X180.766 Y127.419 E3971.66466
G1 X157.417 Y150.767 E3973.71003
G1 X156.738 Y150.767 E3973.75209
G1 X180.766 Y126.74 E3975.85693
G1 X180.766 Y126.061 E3975.89899
G1 X156.059 Y150.767 E3978.06332
G1 X155.381 Y150.767 E3978.10532
G1 X180.766 Y125.382 E3980.32909
G1 X180.766 Y124.703 E3980.37115
G1 X154.702 Y150.767 E3982.65439
G1 X154.023 Y150.767 E3982.69645
G1 X180.766 Y124.025 E3985.03914
G1 X180.766 Y123.346 E3985.0812
G1 X153.344 Y150.767 E3987.48337
G1 X152.665 Y150.767 E3987.52543
G1 X180.766 Y122.667 E3989.98707
G1 X180.766 Y121.988 E3990.02913
G1 X151.986 Y150.767 E3992.55026
G1 X151.308 Y150.767 E3992.59226
G1 X180.766 Y121.309 E3995.17283
G1 X180.766 Y120.631 E3995.21483
G1 X150.629 Y150.767 E3997.85483
G1 X149.95 Y150.767 E3997.89689
G1 X180.766 Y119.952 E4000.59638
G1 X180.766 Y119.273 E4000.63844
G1 X149.271 Y150.767 E4003.39741
G1 X148.592 Y150.767 E4003.43947
G1 X180.766 Y118.594 E4006.25792
G1 X180.766 Y117.915 E4006.29998
G1 X147.914 Y150.767 E4009.17786
G1 X147.235 Y150.767 E4009.21992
G1 X180.766 Y117.236 E4012.15729
G1 X180.766 Y116.558 E4012.19929
G1 X146.556 Y150.767 E4015.1961
G1 X145.877 Y150.767 E4015.23816
G1 X180.766 Y115.879 E4018.29444
G1 X180.766 Y115.2 E4018.3365
G1 X145.198 Y150.767 E4021.45227
G1 X144.519 Y150.767 E4021.49433
G1 X180.766 Y114.521 E4024.66958
G1 X180.766 Y113.842 E4024.71164
G1 X143.841 Y150.767 E4027.94633
G1 X143.162 Y150.767 E4027.98839
G1 X180.766 Y113.163 E4031.28256
G1 X180.766 Y112.485 E4031.32456
G1 X142.483 Y150.767 E4034.67817
G1 X141.804 Y150.767 E4034.72023
G1 X180.766 Y111.806 E4038.13332
G1 X180.766 Y111.127 E4038.17538
G1 X141.125 Y150.767 E4041.64795
G1 X140.446 Y150.767 E4041.69001
G1 X180.766 Y110.448 E4045.22206
G1 X180.766 Y109.769 E4045.26412
G1 X139.768 Y150.767 E4048.85561
G1 X139.089 Y150.767 E4048.89767
G1 X180.766 Y109.091 E4052.5486
G1 X180.766 Y108.412 E4052.59066
G1 X138.41 Y150.767 E4056.30106
G1 X137.731 Y150.767 E4056.34312
G1 X180.766 Y107.733 E4060.11301
G1 X180.766 Y107.054 E4060.15507
G1 X137.052 Y150.767 E4063.98445
G1 X136.374 Y150.767 E4064.02644
G1 X180.766 Y106.375 E4067.91525
G1 X180.766 Y105.696 E4067.95731
G1 X135.695 Y150.767 E4071.9056
G1 X135.016 Y150.767 E4071.94766
G1 X180.766 Y105.018 E4075.95539
G1 X180.766 Y104.339 E4075.99745
G1 X134.337 Y150.767 E4080.06466
G1 X133.658 Y150.767 E4080.10672
G1 X180.766 Y103.66 E4084.23341
G1 X180.766 Y102.981 E4084.27547
G1 X132.979 Y150.767 E4088.46165
G1 X132.301 Y150.767 E4088.50365
G1 X180.766 Y102.302 E4092.74926
G1 X180.766 Y101.623 E4092.79132
G1 X131.622 Y150.767 E4097.09641
G1 X130.944 Y150.767 E4097.13841
G1 X180.766 Y100.945 E4101.50289
G1 X180.766 Y100.266 E4101.54495
G1 X130.265 Y150.767 E4105.96892
G1 X129.586 Y150.767 E4106.01098
G1 X180.766 Y99.587 E4110.49443
G1 X180.766 Y98.908 E4110.53649
G1 X128.907 Y150.767 E4115.07942
G1 X128.228 Y150.767 E4115.12148
G1 X180.766 Y98.229 E4119.72389
G1 X180.766 Y97.551 E4119.76589
G1 X127.55 Y150.767 E4124.42769
G1 X126.871 Y150.767 E4124.46975
G1 X180.766 Y96.872 E4129.19104
G1 X180.766 Y96.193 E4129.2331
G1 X126.192 Y150.767 E4134.01387
G1 X125.513 Y150.767 E4134.05593
G1 X180.766 Y95.514 E4138.89618
G1 X180.766 Y94.835 E4138.93824
G1 X124.834 Y150.767 E4143.83797
G1 X124.155 Y150.767 E4143.88003
G1 X180.766 Y94.156 E4148.83925
G1 X180.766 Y93.478 E4148.88124
G1 X123.477 Y150.767 E4153.89985
G1 X122.798 Y150.767 E4153.94191
G1 X180.766 Y92.799 E4159.02
G92 E0
G1 X180.766 Y92.12 E0.04206
G1 X122.119 Y150.767 E5.17963
G1 X121.44 Y150.767 E5.22169
G1 X180.766 Y91.441 E10.41874
G1 X180.766 Y90.762 E10.4608
G1 X120.761 Y150.767 E15.71733
G1 X120.082 Y150.767 E15.75939
G1 X180.766 Y90.083 E21.07541
G1 X180.766 Y89.405 E21.11741
G1 X119.404 Y150.767 E26.49282
G1 X118.725 Y150.767 E26.53487
G1 X180.766 Y88.726 E31.96976
G1 X180.766 Y88.047 E32.01182
G1 X118.046 Y150.767 E37.5062
G1 X117.367 Y150.767 E37.54826
G1 X180.766 Y87.368 E43.10211
G1 X180.766 Y86.689 E43.14417
G1 X116.688 Y150.767 E48.7575
G1 X116.01 Y150.767 E48.7995
G1 X180.766 Y86.011 E54.47223
G1 X180.766 Y85.332 E54.51429
G1 X115.331 Y150.767 E60.2465
G1 X114.652 Y150.767 E60.28856
G1 X180.766 Y84.653 E66.08025
G1 X180.766 Y83.974 E66.12231
G1 X113.973 Y150.767 E71.97348
G1 X113.294 Y150.767 E72.01554
G1 X180.766 Y83.295 E77.9262
G1 X180.766 Y82.616 E77.96826
G1 X112.615 Y150.767 E83.93839
G1 X111.937 Y150.767 E83.98039
G1 X180.766 Y81.938 E90.00992
G1 X180.766 Y81.259 E90.05198
G1 X111.258 Y150.767 E96.14099
G1 X110.579 Y150.767 E96.18305
G1 X180.766 Y80.58 E102.33154
G1 X180.766 Y79.901 E102.3736
G1 X109.9 Y150.767 E108.58158
G1 X109.221 Y150.767 E108.62364
G1 X180.766 Y79.222 E114.89109
G1 X180.766 Y78.544 E114.93309
G1 X108.543 Y150.767 E121.25994
G1 X107.864 Y150.767 E121.302
G1 X180.766 Y77.865 E127.68833
G1 X180.766 Y77.186 E127.73039
G1 X107.185 Y150.767 E134.1762
G1 X106.506 Y150.767 E134.21826
G1 X180.766 Y76.507 E140.72355
G1 X180.766 Y75.828 E140.76561
G1 X105.827 Y150.767 E147.33039
G1 X105.148 Y150.767 E147.37245
G1 X180.766 Y75.149 E153.99671
G1 X180.766 Y74.471 E154.0387
G1 X104.47 Y150.767 E160.72235
G1 X103.791 Y150.767 E160.76441
G1 X175.125 Y79.433 E167.01339
G0 F1890 X175.419 Y79.139
G0 F10500 X173.434 Y78.678
G0 X172.865 Y78.442
G0 X172.421 Y78.103
G0 X172.06 Y77.64
G0 X171.824 Y77.069
G0 X171.75 Y76.517
G0 X171.807 Y76.047
G0 X172.483 Y73.929
G1 F2100 X177.179 Y69.232 E167.42481
G1 X176.5 Y69.232 E167.46687
G1 X94.966 Y150.767 E174.60942
G1 X94.287 Y150.767 E174.65148
G1 X175.822 Y69.232 E181.79407
G1 X175.143 Y69.232 E181.83613
G1 X93.608 Y150.767 E188.97873
G1 X92.93 Y150.767 E189.02073
G1 X174.464 Y69.232 E196.16328
G1 X173.785 Y69.232 E196.20534
G1 X92.251 Y150.767 E203.34789
G1 X91.572 Y150.767 E203.38995
G1 X173.106 Y69.232 E210.5325
G1 X172.427 Y69.232 E210.57456
G1 X90.893 Y150.767 E217.71711
G1 X90.214 Y150.767 E217.75917
G1 X171.749 Y69.232 E224.90177
G1 X171.07 Y69.232 E224.94383
G1 X89.535 Y150.767 E232.08642
G1 X88.857 Y150.767 E232.12842
G1 X170.391 Y69.232 E239.27097
G1 X169.712 Y69.232 E239.31303
G1 X88.178 Y150.767 E246.45558
G1 X87.499 Y150.767 E246.49764
G1 X169.033 Y69.232 E253.64019
G1 X168.355 Y69.232 E253.68219
G1 X86.821 Y150.766 E260.8247
G1 X86.142 Y150.766 E260.86676
G1 X167.676 Y69.232 E268.00927
G1 X166.997 Y69.232 E268.05133
G1 X85.463 Y150.766 E275.19383
G1 X84.784 Y150.766 E275.23589
G1 X166.318 Y69.232 E282.3784
G1 X165.639 Y69.232 E282.42046
G1 X84.106 Y150.766 E289.56292
G1 X83.427 Y150.766 E289.60498
G1 X164.96 Y69.232 E296.74745
G1 X164.282 Y69.232 E296.78945
G1 X82.748 Y150.766 E303.93195
G1 X82.069 Y150.766 E303.97401
G1 X163.603 Y69.232 E311.11652
G1 X162.924 Y69.232 E311.15858
G1 X81.39 Y150.766 E318.30109
G1 X80.711 Y150.766 E318.34315
G1 X162.245 Y69.232 E325.48566
G1 X161.566 Y69.232 E325.52772
G1 X80.033 Y150.766 E332.67018
G1 X79.354 Y150.766 E332.71224
G1 X160.888 Y69.232 E339.85475
G1 X160.209 Y69.232 E339.89681
G1 X78.675 Y150.766 E347.03931
G1 X77.996 Y150.766 E347.08137
G1 X159.53 Y69.232 E354.22388
G1 X158.851 Y69.232 E354.26594
G1 X77.317 Y150.766 E361.40845
G1 X76.639 Y150.766 E361.45045
G1 X158.172 Y69.232 E368.59291
G1 X157.493 Y69.232 E368.63497
G1 X75.96 Y150.766 E375.77744
G1 X75.281 Y150.766 E375.81949
G1 X156.815 Y69.232 E382.962
G1 X156.136 Y69.232 E383.00406
G1 X74.602 Y150.766 E390.14657
G1 X73.923 Y150.766 E390.18863
G1 X155.457 Y69.232 E397.33114
G1 X154.778 Y69.232 E397.3732
G1 X73.244 Y150.766 E404.5157
G1 X72.566 Y150.766 E404.5577
G1 X154.099 Y69.232 E411.70017
G1 X153.42 Y69.232 E411.74223
G1 X71.887 Y150.766 E418.88469
G1 X71.208 Y150.766 E418.92675
G1 X152.742 Y69.232 E426.06926
G1 X152.063 Y69.232 E426.11132
G1 X70.529 Y150.766 E433.25383
G1 X69.85 Y150.766 E433.29588
G1 X151.384 Y69.232 E440.43839
G1 X150.705 Y69.232 E440.48045
G1 X69.172 Y150.766 E447.62292
G1 X68.493 Y150.766 E447.66498
G1 X150.026 Y69.232 E454.80744
G1 X149.348 Y69.232 E454.84944
G1 X67.814 Y150.766 E461.99195
G1 X67.135 Y150.766 E462.03401
G1 X148.669 Y69.232 E469.17651
G1 X147.99 Y69.232 E469.21857
G1 X66.456 Y150.766 E476.36108
G1 X65.777 Y150.766 E476.40314
G1 X147.311 Y69.232 E483.54565
G1 X146.632 Y69.232 E483.58771
G1 X65.099 Y150.766 E490.73017
G1 X64.42 Y150.766 E490.77223
G1 X145.953 Y69.232 E497.9147
G1 X145.275 Y69.232 E497.95669
G1 X63.741 Y150.766 E505.0992
G1 X63.062 Y150.766 E505.14126
G1 X144.596 Y69.232 E512.28377
G1 X143.917 Y69.232 E512.32583
G1 X62.383 Y150.766 E519.46834
G1 X61.704 Y150.766 E519.5104
G1 X143.238 Y69.232 E526.6529
G1 X142.559 Y69.232 E526.69496
G1 X61.026 Y150.766 E533.83743
G1 X60.347 Y150.766 E533.87949
G1 X141.88 Y69.232 E541.02195
G1 X141.202 Y69.232 E541.06395
G1 X59.668 Y150.766 E548.20646
G1 X58.989 Y150.766 E548.24852
G1 X140.523 Y69.232 E555.39102
G1 X139.844 Y69.232 E555.43308
G1 X58.31 Y150.766 E562.57559
G1 X57.632 Y150.766 E562.61759
G1 X139.165 Y69.232 E569.76005
G1 X138.486 Y69.232 E569.80211
G1 X56.953 Y150.766 E576.94458
G1 X56.274 Y150.766 E576.98664
G1 X137.808 Y69.232 E584.12914
G1 X137.129 Y69.232 E584.1712
G1 X55.595 Y150.766 E591.31371
G1 X54.916 Y150.766 E591.35577
G1 X136.45 Y69.232 E598.49828
G1 X135.771 Y69.232 E598.54034
G1 X54.237 Y150.766 E605.68285
G1 X53.559 Y150.766 E605.72484
G1 X135.092 Y69.232 E612.86731
G1 X134.413 Y69.232 E612.90937
G1 X52.88 Y150.766 E620.05183
G1 X52.201 Y150.766 E620.09389
G1 X133.735 Y69.232 E627.2364
G1 X133.056 Y69.232 E627.27846
G1 X51.522 Y150.766 E634.42097
G1 X50.843 Y150.766 E634.46303
G1 X132.377 Y69.232 E641.60553
G1 X131.698 Y69.232 E641.64759
G1 X50.164 Y150.766 E648.7901
G1 X49.486 Y150.766 E648.8321
G1 X131.019 Y69.232 E655.97456
G1 X130.34 Y69.232 E656.01662
G1 X48.807 Y150.766 E663.15909
G1 X48.128 Y150.766 E663.20115
G1 X129.662 Y69.232 E670.34365
G1 X128.983 Y69.232 E670.38571
G1 X47.449 Y150.766 E677.52822
G1 X46.77 Y150.766 E677.57028
G1 X128.304 Y69.232 E684.71279
G1 X127.625 Y69.232 E684.75485
G1 X46.092 Y150.766 E691.89731
G1 X45.413 Y150.766 E691.93937
G1 X126.946 Y69.232 E699.08184
G1 X126.268 Y69.232 E699.12383
G1 X44.734 Y150.766 E706.26634
G1 X44.055 Y150.766 E706.3084
G1 X125.589 Y69.232 E713.45091
G1 X124.91 Y69.232 E713.49297
G1 X43.376 Y150.766 E720.63548
G1 X42.905 Y150.765 E720.66465
G1 X42.973 Y150.491 E720.68214
G1 X124.231 Y69.232 E727.80051
G1 X123.552 Y69.232 E727.84257
G1 X48.329 Y144.456 E734.43227
G1 X48.4 Y144.278 E734.44414
G1 X48.492 Y143.614 E734.48567
G1 X122.873 Y69.232 E741.0016
G1 X122.195 Y69.232 E741.0436
G1 X48.437 Y142.99 E747.50492
G1 X48.392 Y142.677 E747.52451
G1 X48.296 Y142.453 E747.5396
G1 X121.516 Y69.232 E753.95383
G1 X120.837 Y69.232 E753.99589
G1 X48.097 Y141.972 E760.36803
G1 X47.798 Y141.593 E760.39794
G1 X120.158 Y69.232 E766.73683
G1 X119.479 Y69.232 E766.77889
G1 X47.467 Y141.245 E773.0873
G1 X47.079 Y140.954 E773.11734
G1 X118.801 Y69.232 E779.4003
G1 X118.122 Y69.232 E779.44236
G1 X46.613 Y140.741 E785.70666
G1 X46.23 Y140.585 E785.73228
G1 X46.106 Y140.569 E785.74003
G1 X117.443 Y69.232 E791.98926
G1 X116.764 Y69.232 E792.03132
G1 X45.499 Y140.497 E798.27425
G1 X44.696 Y140.598 E798.32438
G1 X43.938 Y140.929 E798.37562
G1 X43.345 Y141.397 E798.42241
G1 X43.123 Y141.693 E798.44533
G0 F1890 X42.874 Y142.026
G0 F10500 X42.596 Y142.721
G1 F2100 X39.233 Y146.084 E798.73993
G1 X39.233 Y146.763 E798.78199
G1 X42.488 Y143.509 E799.06709
G1 X42.569 Y144.106 E799.10441
G1 X39.402 Y147.273 E799.38185
G1 X40.187 Y147.167 E799.43091
G1 X42.736 Y144.618 E799.65421
G1 X42.943 Y145.089 E799.68608
G1 X40.81 Y147.223 E799.87298
G1 X41.293 Y147.419 E799.90526
G1 X43.252 Y145.46 E800.07688
G1 X43.392 Y145.638 E800.0909
G1 X43.596 Y145.794 E800.10681
G1 X41.743 Y147.648 E800.26918
G1 X42.128 Y147.941 E800.29915
G1 X43.969 Y146.1 E800.46042
G1 X44.454 Y146.294 E800.49278
G1 X42.441 Y148.307 E800.66912
G1 X42.61 Y148.513 E800.68563
G1 X42.701 Y148.726 E800.69998
G1 X44.986 Y146.441 E800.90015
G1 X45.59 Y146.516 E800.93785
G1 X42.915 Y149.191 E801.17218
G1 X43.006 Y149.779 E801.20904
G1 X46.447 Y146.338 E801.51047
G1 X47.033 Y146.09 E801.54989
G1 X47.655 Y145.601 E801.5989
G1 X47.871 Y145.312 E801.62125
G0 F1890 X48.12 Y144.979
G0 F10500 X47.676 Y142.931
G0 X47.44 Y142.36
G0 X47.079 Y141.897
G0 X46.72 Y141.623
G0 X44.722 Y140.596
G1 F2100 X116.085 Y69.232 E807.87281
G1 X115.406 Y69.232 E807.91487
G1 X39.233 Y145.405 E814.58774
G1 X39.233 Y144.727 E814.62974
G1 X114.728 Y69.232 E821.24322
G1 X114.049 Y69.232 E821.28528
G1 X39.233 Y144.048 E827.83928
G1 X39.233 Y143.369 E827.88134
G1 X113.37 Y69.232 E834.37586
G1 X112.691 Y69.232 E834.41792
G1 X39.233 Y142.69 E840.85296
G1 X39.233 Y142.011 E840.89502
G1 X112.012 Y69.232 E847.27057
G1 X111.333 Y69.232 E847.31263
G1 X39.233 Y141.332 E853.62871
G1 X39.233 Y140.654 E853.6707
G1 X110.655 Y69.232 E859.92738
G1 X109.977 Y69.232 E859.96938
G1 X39.233 Y139.975 E866.16662
G1 X39.233 Y139.296 E866.20868
G1 X109.298 Y69.232 E872.34645
G1 X108.619 Y69.232 E872.38851
G1 X39.233 Y138.617 E878.46679
G1 X39.233 Y137.938 E878.50884
G1 X107.94 Y69.232 E884.52764
G1 X107.261 Y69.232 E884.5697
G1 X39.233 Y137.26 E890.52906
G1 X39.233 Y136.581 E890.57112
G1 X106.582 Y69.232 E896.471
G1 X105.904 Y69.232 E896.513
G1 X39.233 Y135.902 E902.35344
G1 X39.233 Y135.223 E902.3955
G1 X105.225 Y69.232 E908.17646
G1 X104.546 Y69.232 E908.21852
G1 X39.233 Y134.544 E913.94
G1 X39.233 Y133.865 E913.98206
G1 X103.867 Y69.232 E919.64406
G1 X103.188 Y69.232 E919.68612
G1 X39.233 Y133.187 E925.28868
G1 X39.233 Y132.508 E925.33074
G1 X102.509 Y69.232 E930.87381
G1 X101.831 Y69.232 E930.91581
G1 X39.233 Y131.829 E936.39945
G1 X39.233 Y131.15 E936.44151
G1 X101.152 Y69.232 E941.86567
G1 X100.473 Y69.232 E941.90773
G1 X39.233 Y130.471 E947.27241
G1 X39.233 Y129.792 E947.31447
G1 X99.794 Y69.232 E952.61966
G1 X99.115 Y69.232 E952.66172
G1 X39.233 Y129.114 E957.90748
G1 X39.233 Y128.435 E957.94954
G1 X98.437 Y69.232 E963.13586
G1 X97.758 Y69.232 E963.17792
G1 X39.233 Y127.756 E968.30476
G1 X39.233 Y127.077 E968.34682
G1 X97.079 Y69.232 E973.41418
G1 X96.4 Y69.232 E973.45624
G1 X39.233 Y126.398 E978.46411
G1 X39.233 Y125.72 E978.50611
G1 X95.721 Y69.232 E983.45455
G1 X95.042 Y69.232 E983.49661
G1 X39.233 Y125.041 E988.38557
G1 X39.233 Y124.362 E988.42763
G1 X94.364 Y69.232 E993.25715
G1 X93.685 Y69.232 E993.29921
G1 X39.233 Y123.683 E998.06924
G1 X39.233 Y123.004 E998.1113
G1 X93.006 Y69.232 E1002.82186
G1 X92.327 Y69.232 E1002.86392
G1 X39.233 Y122.325 E1007.51499
G1 X39.233 Y121.647 E1007.55699
G1 X91.648 Y69.232 E1012.14863
G1 X90.969 Y69.232 E1012.19069
G1 X39.233 Y120.968 E1016.72284
G1 X39.233 Y120.289 E1016.7649
G1 X90.291 Y69.232 E1021.23762
G1 X89.612 Y69.232 E1021.27968
G1 X39.233 Y119.61 E1025.69292
G1 X39.233 Y118.931 E1025.73498
G1 X88.933 Y69.232 E1030.08873
G1 X88.254 Y69.232 E1030.13079
G1 X39.233 Y118.253 E1034.42511
G1 X39.233 Y117.574 E1034.46717
G1 X87.575 Y69.232 E1038.70201
G1 X86.897 Y69.232 E1038.744
G1 X39.233 Y116.895 E1042.9194
G1 X39.233 Y116.216 E1042.96146
G1 X86.218 Y69.232 E1047.07738
G1 X85.539 Y69.232 E1047.11944
G1 X39.233 Y115.537 E1051.17587
G1 X39.233 Y114.858 E1051.21793
G1 X84.86 Y69.232 E1055.21489
G1 X84.181 Y69.232 E1055.25695
G1 X39.233 Y114.18 E1059.19446
G1 X39.233 Y113.501 E1059.23652
G1 X83.502 Y69.232 E1063.11456
G1 X82.824 Y69.232 E1063.15655
G1 X39.233 Y112.822 E1066.97515
G1 X39.233 Y112.143 E1067.01721
G1 X82.145 Y69.232 E1070.77633
G1 X81.466 Y69.232 E1070.81839
G1 X39.233 Y111.464 E1074.51802
G1 X39.233 Y110.785 E1074.56008
G1 X80.787 Y69.232 E1078.20023
G1 X80.108 Y69.232 E1078.24229
G1 X39.233 Y110.107 E1081.82301
G1 X39.233 Y109.428 E1081.86507
G1 X79.43 Y69.232 E1085.38634
G1 X78.751 Y69.232 E1085.4284
G1 X39.233 Y108.749 E1088.8902
G1 X39.233 Y108.07 E1088.93226
G1 X78.072 Y69.232 E1092.33457
G1 X77.393 Y69.232 E1092.37663
G1 X39.233 Y107.391 E1095.71947
G1 X39.233 Y106.713 E1095.76146
G1 X76.714 Y69.232 E1099.04486
G1 X76.035 Y69.232 E1099.08692
G1 X39.233 Y106.034 E1102.31083
G1 X39.233 Y105.355 E1102.35289
G1 X75.357 Y69.232 E1105.51737
G1 X74.678 Y69.232 E1105.55943
G1 X39.233 Y104.676 E1108.66442
G1 X39.233 Y103.997 E1108.70648
G1 X73.999 Y69.232 E1111.75199
G1 X73.32 Y69.232 E1111.79405
G1 X39.233 Y103.318 E1114.78009
G1 X39.233 Y102.64 E1114.82208
G1 X72.641 Y69.232 E1117.74868
G1 X71.962 Y69.232 E1117.79074
G1 X39.233 Y101.961 E1120.65785
G1 X39.233 Y101.282 E1120.69991
G1 X71.284 Y69.232 E1123.50758
G1 X70.605 Y69.232 E1123.54964
G1 X39.233 Y100.603 E1126.29784
G1 X39.233 Y99.924 E1126.3399
G1 X69.926 Y69.232 E1129.02861
G1 X69.247 Y69.232 E1129.07067
G1 X39.233 Y99.245 E1131.6999
G1 X39.233 Y98.567 E1131.7419
G1 X68.568 Y69.232 E1134.31169
G1 X67.89 Y69.232 E1134.35369
G1 X39.233 Y97.888 E1136.86404
G1 X39.233 Y97.209 E1136.9061
G1 X67.211 Y69.232 E1139.35697
G1 X66.532 Y69.232 E1139.39903
G1 X39.233 Y96.53 E1141.79043
G1 X39.233 Y95.851 E1141.83249
G1 X65.853 Y69.232 E1144.1644
G1 X65.174 Y69.232 E1144.20646
G1 X39.233 Y95.173 E1146.47893
G1 X39.233 Y94.494 E1146.52099
G1 X64.495 Y69.232 E1148.73398
G1 X63.817 Y69.232 E1148.77598
G1 X39.233 Y93.815 E1150.92953
G1 X39.233 Y93.136 E1150.97159
G1 X63.138 Y69.232 E1153.06566
G1 X62.459 Y69.232 E1153.10772
G1 X39.233 Y92.457 E1155.14231
G1 X39.233 Y91.778 E1155.18437
G1 X61.78 Y69.232 E1157.15948
G1 X61.101 Y69.232 E1157.20154
G1 X39.233 Y91.1 E1159.11721
G1 X39.233 Y90.421 E1159.15927
G1 X60.422 Y69.232 E1161.01546
G1 X59.744 Y69.232 E1161.05746
G1 X39.233 Y89.742 E1162.85421
G1 X39.233 Y89.063 E1162.89627
G1 X59.065 Y69.232 E1164.63354
G1 X58.386 Y69.232 E1164.6756
G1 X39.233 Y88.384 E1166.35339
G1 X39.233 Y87.705 E1166.39545
G1 X57.707 Y69.232 E1168.01376
G1 X57.028 Y69.232 E1168.05582
G1 X39.233 Y87.027 E1169.61469
G1 X39.233 Y86.348 E1169.65675
G1 X46.164 Y79.417 E1170.26392
G1 X45.476 Y79.508 E1170.30691
G1 X45.406 Y79.497 E1170.31129
G1 X39.233 Y85.669 E1170.85202
G1 X39.233 Y84.99 E1170.89408
G1 X44.815 Y79.409 E1171.38302
G1 X44.702 Y79.393 E1171.39009
G1 X44.313 Y79.232 E1171.41617
G1 X39.233 Y84.311 E1171.86114
G1 X39.233 Y83.633 E1171.90314
G1 X43.863 Y79.002 E1172.30878
G1 X43.476 Y78.711 E1172.33877
G1 X39.233 Y82.954 E1172.71047
G1 X39.233 Y82.275 E1172.75253
G1 X43.158 Y78.35 E1173.09636
G1 X43.04 Y78.199 E1173.10823
G1 X42.888 Y77.942 E1173.12673
G1 X39.233 Y81.596 E1173.44687
G1 X39.233 Y80.917 E1173.48893
G1 X42.674 Y77.476 E1173.79037
G1 X42.593 Y77.281 E1173.80345
G1 X42.545 Y76.927 E1173.82557
G1 X39.233 Y80.238 E1174.11567
G1 X39.233 Y79.56 E1174.15767
G1 X42.525 Y76.268 E1174.44605
G1 X42.58 Y75.749 E1174.47838
G1 X42.737 Y75.377 E1174.50339
G1 X39.233 Y78.881 E1174.81035
G1 X39.233 Y78.202 E1174.85241
G1 X48.204 Y69.232 E1175.63824
G1 X47.525 Y69.232 E1175.68029
G1 X39.233 Y77.523 E1176.40664
G1 X39.233 Y76.844 E1176.4487
G1 X46.846 Y69.232 E1177.11557
G1 X46.167 Y69.232 E1177.15763
G1 X39.233 Y76.166 E1177.76506
G1 X39.233 Y75.487 E1177.80712
G1 X45.488 Y69.232 E1178.35507
G1 X44.81 Y69.232 E1178.39706
G1 X42.81 Y71.231 E1178.57222
G1 X42.926 Y70.96 E1178.59048
G1 X43.011 Y70.352 E1178.62851
G1 X44.131 Y69.232 E1178.72663
G1 X43.452 Y69.232 E1178.76869
G1 X42.969 Y69.715 E1178.811
G1 X42.956 Y69.628 E1178.81645
G0 F1890 X42.928 Y69.432
G0 X42.841 Y69.232
G0 F10500 X42.63 Y71.653
G1 F2100 X42.203 Y72.196 E1178.85924
G1 X41.637 Y72.639 E1178.90376
G1 X41.232 Y72.809 E1178.93097
G1 X39.233 Y74.808 E1179.10608
G1 X39.233 Y74.129 E1179.14814
G1 X40.318 Y73.045 E1179.24314
G1 X39.717 Y72.967 E1179.28069
G1 X39.233 Y73.45 E1179.32304
G1 X39.233 Y72.846 E1179.36045
G1 X39.234 Y72.847 E1179.36054
G0 F1890 X39.635 Y72.957
G0 F10500 X42.893 Y75.009
G1 F2100 X43.338 Y74.41 E1179.40677
G1 X43.991 Y73.893 E1179.45836
G1 X44.377 Y73.737 E1179.48415
G1 X48.882 Y69.232 E1179.87879
G1 X49.561 Y69.232 E1179.92085
G1 X45.27 Y73.523 E1180.29675
G1 X45.514 Y73.494 E1180.31197
G1 X45.927 Y73.545 E1180.33775
G1 X50.24 Y69.232 E1180.71557
G1 X50.919 Y69.232 E1180.75763
G1 X46.476 Y73.674 E1181.1468
G1 X46.961 Y73.869 E1181.17918
G1 X51.598 Y69.232 E1181.58539
G1 X52.277 Y69.232 E1181.62745
G1 X47.351 Y74.157 E1182.05893
G1 X47.601 Y74.344 E1182.07827
G1 X47.707 Y74.48 E1182.08895
G1 X52.955 Y69.232 E1182.54869
G1 X53.634 Y69.232 E1182.59075
G1 X48.005 Y74.861 E1183.08385
G1 X48.086 Y74.964 E1183.09197
G1 X48.235 Y75.31 E1183.11531
G1 X54.313 Y69.232 E1183.64775
G1 X54.992 Y69.232 E1183.68981
G1 X48.409 Y75.815 E1184.26649
G1 X48.501 Y76.402 E1184.30329
G1 X55.671 Y69.232 E1184.9314
G1 X56.35 Y69.232 E1184.97346
G1 X48.421 Y77.16 E1185.66801
G1 X48.407 Y77.275 E1185.67518
G1 X48.107 Y77.999 E1185.72373
G1 X47.656 Y78.596 E1185.77007
G1 X47.033 Y79.09 E1185.81933
G1 X46.556 Y79.284 E1185.85122
G0 F1890 X46.254 Y79.406
G0 X46.164 Y79.417
G1 F2100 E1183.85122
;MESH:NONMESH
G0 F300 X46.164 Y79.417 Z2.24
G0 F10500 X43.896 Y78.129
G0 X43.528 Y77.658
G0 X42.02 Y71.267
G0 X42.244 Y70.729
G0 X42.31 Y70.183
G0 X42.242 Y69.666
G0 X42.017 Y69.127
G0 X41.679 Y68.696
G0 X41.047 Y68.761
G0 X40.702 Y68.617
G0 X39.086 Y68.452
G0 X39.785 Y68.332
;TIME_ELAPSED:7134.028399
;LAYER:6
;TYPE:WALL-INNER
;MESH:Reloj carcasa piso.stl
G1 F1500 E1185.85122
G1 F1205 X40.215 Y68.306 E1185.8778
G1 F1212.6 X40.589 Y68.328 E1185.90076
G0 F10500 X41.314 Y68.456
G0 X39.782 Y68.582
G0 X38.49 Y69.084
G0 X38.539 Y69.203
G1 F1076.6 X38.824 Y68.83 E1185.93317
G1 F1072.6 X39.201 Y68.539 E1185.96617
G1 F1112 X39.709 Y68.334 E1186.00279
G1 F1082.7 X38.356 Y68.356 E1186.09569
G1 F1088.8 X38.329 Y69.742 E1186.19033
G1 F1125 X38.539 Y69.203 E1186.22855
G0 F10500 X38.328 Y69.82
G1 F1215.2 X38.306 Y70.215 E1186.25275
G1 F1202.5 X38.332 Y70.624 E1186.27808
G0 F10500 X38.452 Y71.314
G0 X43.921 Y78.103
G0 X44.365 Y78.442
G0 X44.934 Y78.678
G0 X45.517 Y78.751
G0 X46.628 Y78.511
G0 X46.545 Y78.309
G1 F1200 X46.035 Y78.514 E1186.31213
G1 X45.504 Y78.59 E1186.34536
G1 X44.954 Y78.515 E1186.37974
G1 X44.478 Y78.316 E1186.4117
G1 X44.043 Y77.997 E1186.44512
G1 X43.701 Y77.565 E1186.47925
G1 X43.478 Y77.027 E1186.51532
G1 X43.416 Y76.513 E1186.54739
G1 X43.475 Y75.979 E1186.58067
G1 X43.684 Y75.47 E1186.61475
G1 X44.01 Y75.04 E1186.64818
G1 X44.433 Y74.701 E1186.68176
G1 X44.987 Y74.477 E1186.71877
G1 X45.513 Y74.416 E1186.75158
G1 X46.021 Y74.476 E1186.78326
G1 X46.525 Y74.679 E1186.81692
G1 X46.962 Y75.008 E1186.8508
G1 X47.292 Y75.437 E1186.88433
G1 X47.504 Y75.917 E1186.91683
G1 X47.587 Y76.48 E1186.95208
G1 X47.522 Y77.021 E1186.98584
G1 X47.318 Y77.531 E1187.01986
G1 X46.996 Y77.95 E1187.05259
G1 X46.87 Y78.05 E1187.06256
G0 F1080 X46.545 Y78.309
G1 F2100 E1185.06256
G0 F10500 X46.628 Y78.511
G0 X47.75 Y143.483
G0 X47.678 Y144.065
G0 X47.17 Y145.09
G0 X46.997 Y144.957
G1 F1500 E1187.06256
G1 F1200 X46.569 Y145.296 E1187.09638
G1 X46.059 Y145.513 E1187.13071
G1 X45.546 Y145.586 E1187.16281
G1 X44.99 Y145.525 E1187.19745
G1 X44.473 Y145.321 E1187.23188
G1 X44.034 Y144.986 E1187.26609
G1 X43.703 Y144.564 E1187.29931
G1 X43.478 Y144.029 E1187.33526
G1 X43.416 Y143.513 E1187.36746
G1 X43.475 Y142.982 E1187.40055
G1 X43.679 Y142.475 E1187.4344
G1 X44.01 Y142.035 E1187.46851
G1 X44.439 Y141.706 E1187.502
G1 X44.919 Y141.495 E1187.53448
G1 X45.521 Y141.413 E1187.57211
G1 X46.028 Y141.482 E1187.60381
G1 X46.529 Y141.681 E1187.6372
G1 X46.95 Y141.999 E1187.66988
G1 X47.296 Y142.432 E1187.70421
G1 X47.511 Y142.939 E1187.73832
G1 X47.589 Y143.49 E1187.7728
G1 X47.515 Y144.044 E1187.80742
G1 X47.316 Y144.521 E1187.83943
G1 X47.242 Y144.622 E1187.84719
G0 F1080 X46.997 Y144.957
G0 F10500 X47.17 Y145.09
G0 X46.64 Y145.44
G0 X39.146 Y148.214
G0 X38.907 Y148.402
G0 X38.456 Y148.886
G0 X38.328 Y149.62
G1 F1215.2 X38.306 Y150.015 E1187.87139
G1 F1202.5 X38.332 Y150.424 E1187.89672
G0 F10500 X38.452 Y151.114
G0 X38.797 Y151.51
G0 X38.9 Y151.46
G1 F1125 X38.773 Y151.267 E1187.91199
G1 F1152 X38.551 Y150.991 E1187.93484
G1 F1149.7 X38.332 Y150.486 E1187.97043
G1 F1152 X38.329 Y151.671 E1188.04689
G1 X38.628 Y151.667 E1188.06619
G1 F1122.8 X38.843 Y151.628 E1188.08065
G1 F1097.1 X39.12 Y151.629 E1188.09942
G1 X38.915 Y151.472 E1188.11691
G0 F1080 X38.9 Y151.46
G1 F2100 E1186.11691
G0 F10500 X38.797 Y151.51
G0 X40.073 Y151.654
G0 X172.887 Y145.017
G0 X172.969 Y144.819
G1 F1500 E1188.11691
G1 F1200 X172.544 Y144.489 E1188.15024
G1 X172.218 Y144.089 E1188.18221
G1 X171.996 Y143.583 E1188.21644
G1 X171.913 Y143.021 E1188.25163
G1 X171.974 Y142.497 E1188.2843
G1 X172.201 Y141.942 E1188.32145
G1 X172.5 Y141.549 E1188.35203
G1 X172.928 Y141.206 E1188.38601
G1 X173.441 Y140.988 E1188.42054
G1 X174.026 Y140.911 E1188.45709
G1 X174.517 Y140.982 E1188.48782
G1 X174.998 Y141.167 E1188.51974
G1 X175.454 Y141.501 E1188.55475
G1 X175.796 Y141.93 E1188.58874
G1 X176.015 Y142.445 E1188.6234
G1 X176.084 Y142.985 E1188.65712
G1 X176.024 Y143.519 E1188.69041
G1 X175.825 Y144.016 E1188.72357
G1 X175.485 Y144.466 E1188.75851
G1 X175.077 Y144.79 E1188.79078
G1 X174.577 Y145.005 E1188.8245
G1 X174.028 Y145.09 E1188.85891
G1 X173.481 Y145.024 E1188.89304
G1 X173.355 Y144.973 E1188.90146
G0 F1080 X172.969 Y144.819
G0 F10500 X172.887 Y145.017
G0 X177.797 Y151.51
G0 X177.904 Y151.455
G1 F1161.3 X177.807 Y151.303 E1188.913
G1 F1195 X177.552 Y150.972 E1188.93899
G1 F1200 X177.358 Y150.517 E1188.96963
G1 X177.287 Y150.026 E1189.00036
G1 X177.345 Y149.531 E1189.03123
G1 X177.557 Y149.016 E1189.06573
G1 X177.849 Y148.655 E1189.09449
G1 X178.232 Y148.35 E1189.12482
G1 X178.703 Y148.153 E1189.15644
G1 X179.217 Y148.087 E1189.18854
G1 X179.683 Y148.148 E1189.21766
G1 X180.175 Y148.352 E1189.25065
G1 F1190.1 X180.527 Y148.627 E1189.27855
G1 F1161.3 X180.86 Y149.019 E1189.31147
G1 F1109.8 X181.085 Y149.501 E1189.3471
G1 F1084.7 X181.131 Y149.985 E1189.38041
G1 F1001.7 X181.09 Y150.505 E1189.41912
G1 F872.7 X180.926 Y151.041 E1189.46686
G1 F831.2 X180.537 Y151.55 E1189.52415
G1 X180.821 Y151.57 E1189.54961
G1 F827.6 X181.572 Y151.572 E1189.61707
G1 F826.4 X181.572 Y151.223 E1189.64846
G1 F923.1 X181.644 Y150.471 E1189.70929
G1 F1068.6 X181.657 Y149.985 E1189.74311
G1 F1066.7 X181.643 Y149.533 E1189.77462
G1 F1114.1 X181.68 Y148.317 E1189.85579
G1 F1200 X181.681 Y71.628 E1194.60619
G1 F1202.5 X181.681 Y71.523 E1194.61268
G1 X181.28 Y71.844 E1194.64443
G1 F1200 X180.817 Y72.042 E1194.67562
G1 X180.326 Y72.114 E1194.70636
G1 X179.822 Y72.053 E1194.73781
G1 X179.334 Y71.845 E1194.77067
G1 X178.962 Y71.565 E1194.79951
G1 X178.664 Y71.189 E1194.82923
G1 X178.464 Y70.733 E1194.86007
G1 X178.385 Y70.225 E1194.89192
G1 X178.446 Y69.723 E1194.92324
G1 X178.654 Y69.222 E1194.95684
G1 F1195 X178.93 Y68.869 E1194.98472
G1 F1182.8 X179.312 Y68.555 E1195.01579
G1 F1168.4 X179.817 Y68.331 E1195.05094
G1 F1180.3 X178.582 Y68.32 E1195.12872
G1 F1200 X41.867 Y68.32 E1203.59735
G1 F1187.6 X40.652 Y68.328 E1203.6734
G1 F1182.8 X41.173 Y68.549 E1203.70896
G1 F1192.5 X41.536 Y68.833 E1203.73769
G1 F1197.5 X41.842 Y69.217 E1203.76817
G1 F1200 X42.042 Y69.683 E1203.79958
G1 X42.115 Y70.183 E1203.83088
G1 X42.046 Y70.694 E1203.86282
G1 X41.839 Y71.185 E1203.89583
G1 X41.557 Y71.545 E1203.92416
G1 X41.187 Y71.837 E1203.95335
G1 X40.727 Y72.039 E1203.98447
G1 X40.223 Y72.114 E1204.01604
G1 X39.724 Y72.054 E1204.04717
G1 X39.227 Y71.849 E1204.08047
G1 F1195 X38.869 Y71.571 E1204.10867
G1 F1180.3 X38.556 Y71.188 E1204.13982
G1 F1163.6 X38.331 Y70.686 E1204.17496
G1 F1177.9 X38.321 Y71.671 E1204.23712
G1 F1197.5 X38.322 Y91.141 E1205.44567
G1 F1192.5 X38.324 Y110.611 E1206.65926
G1 F1185.2 X38.325 Y130.081 E1207.88037
G1 F1180.3 X38.327 Y149.551 E1209.10652
G1 X38.553 Y149.022 E1209.14275
G1 F1190.1 X38.833 Y148.664 E1209.17113
G1 F1200 X39.221 Y148.355 E1209.20186
G1 X39.686 Y148.156 E1209.23319
G1 X40.212 Y148.086 E1209.26606
G1 X40.69 Y148.151 E1209.29594
G1 X41.162 Y148.347 E1209.3276
G1 X41.525 Y148.63 E1209.35611
G1 X41.829 Y148.999 E1209.38572
G1 X42.035 Y149.477 E1209.41797
G1 X42.114 Y149.968 E1209.44877
G1 X42.055 Y150.475 E1209.48039
G1 X41.85 Y150.97 E1209.51358
G1 F1197.5 X41.622 Y151.27 E1209.53697
G1 F1161.3 X41.528 Y151.424 E1209.54851
G1 F1129.4 X41.258 Y151.634 E1209.57103
G1 X41.601 Y151.634 E1209.5936
G1 F1161.3 X41.821 Y151.676 E1209.60794
G1 F1195 X177.628 Y151.675 E1218.05537
G1 F1161.3 X177.843 Y151.634 E1218.06938
G1 F1131.6 X178.142 Y151.635 E1218.08902
G1 X177.921 Y151.468 E1218.10722
G0 F1080 X177.904 Y151.455
G1 F2100 E1216.10722
G0 F10500 X177.797 Y151.51
G0 X177.414 Y151.054
G0 X177.194 Y150.525
G0 X172.877 Y78.513
G0 X172.961 Y78.311
G1 F1500 E1218.10722
G1 F1200 X172.54 Y77.993 E1218.1399
G1 X172.205 Y77.571 E1218.17328
G1 X171.989 Y77.061 E1218.20758
G1 X171.911 Y76.509 E1218.24212
G1 X171.987 Y75.95 E1218.27706
G1 X172.204 Y75.443 E1218.31122
G1 X172.505 Y75.041 E1218.34233
G1 X172.935 Y74.701 E1218.37629
G1 X173.474 Y74.477 E1218.41244
G1 X174.013 Y74.416 E1218.44604
G1 X174.517 Y74.476 E1218.47748
G1 X175.03 Y74.682 E1218.51173
G1 X175.464 Y75.01 E1218.54542
G1 X175.791 Y75.435 E1218.57864
G1 X176.015 Y75.944 E1218.61309
G1 X176.084 Y76.485 E1218.64687
G1 X176.024 Y77.02 E1218.68022
G1 X175.82 Y77.527 E1218.71407
G1 X175.495 Y77.958 E1218.74751
G1 X175.086 Y78.283 E1218.77987
G1 X174.553 Y78.513 E1218.81583
G1 X174.013 Y78.588 E1218.8496
G1 X173.475 Y78.521 E1218.88318
G1 X173.346 Y78.468 E1218.89182
G0 F1080 X172.961 Y78.311
G0 F10500 X172.877 Y78.513
G0 X173.434 Y78.678
G0 X174.017 Y78.751
G0 X174.57 Y78.676
G0 X175.14 Y78.44
G0 X175.603 Y78.079
G0 X175.942 Y77.635
G0 X176.178 Y77.065
G0 X178.292 Y69.68
G0 X178.512 Y69.15
G0 X178.687 Y68.923
G0 X179.186 Y68.452
G0 X179.885 Y68.332
G1 F1205 X180.315 Y68.306 E1218.91839
G1 F1212.6 X180.689 Y68.328 E1218.94136
G0 F10500 X181.237 Y68.56
G1 F1321.1 X181.703 Y68.919 E1218.97446
G1 F1288.6 X181.71 Y68.28 E1219.01132
G1 F1246.8 X180.74 Y68.326 E1219.06922
G1 F1277.2 X181.237 Y68.56 E1219.10119
G1 F2100 E1217.10119
G0 F10500 X181.414 Y68.456
G0 X181.917 Y69.78
G0 X181.97 Y70.185
G0 X181.918 Y70.618
G0 X181.739 Y71.047
G0 X181.491 Y71.37
G0 X179.862 Y72.279
G0 X179.947 Y71.585
;TYPE:WALL-OUTER
G1 F1500 E1219.10119
G1 F1200 X179.573 Y71.429 E1219.12629
G1 X179.303 Y71.22 E1219.14744
G1 X179.085 Y70.948 E1219.16903
G1 X178.927 Y70.59 E1219.19327
G1 X178.87 Y70.218 E1219.21658
G1 X178.915 Y69.845 E1219.23986
G1 X179.073 Y69.465 E1219.26535
G1 X179.3 Y69.186 E1219.28763
G1 F1202.5 X179.567 Y68.974 E1219.3087
G1 X179.921 Y68.821 E1219.33254
G1 X180.315 Y68.773 E1219.35708
G1 F1200 X180.625 Y68.811 E1219.37642
G1 X181.029 Y68.97 E1219.40332
G1 X181.274 Y69.16 E1219.42252
G1 X181.526 Y69.465 E1219.44703
G1 X181.681 Y69.846 E1219.47251
G1 F1230.8 X181.716 Y70.185 E1219.49309
G1 F1233.4 X181.686 Y70.534 E1219.5142
G1 F1205 X181.529 Y70.929 E1219.54042
G1 X181.299 Y71.213 E1219.56296
G1 F1202.5 X181.032 Y71.428 E1219.58415
G1 X180.685 Y71.577 E1219.6075
G1 F1200 X180.317 Y71.63 E1219.63053
G1 X179.973 Y71.588 E1219.652
G0 F1080 X179.947 Y71.585
G1 F2100 E1217.652
G0 F10500 X179.862 Y72.279
G0 X175.603 Y78.079
G0 X175.14 Y78.44
G0 X174.57 Y78.676
G0 X174.017 Y78.751
G0 X172.941 Y78.539
G0 X173.208 Y77.895
G1 F1500 E1219.652
G1 F1200 X172.881 Y77.648 E1219.67738
G1 X172.625 Y77.326 E1219.70286
G1 X172.452 Y76.916 E1219.73043
G1 X172.397 Y76.53 E1219.75458
G1 X172.447 Y76.102 E1219.78127
G1 X172.62 Y75.682 E1219.80941
G1 X172.875 Y75.36 E1219.83485
G1 X173.179 Y75.119 E1219.85888
G1 X173.619 Y74.943 E1219.88824
G1 X174.013 Y74.893 E1219.91284
G1 X174.417 Y74.952 E1219.93813
G1 X174.77 Y75.094 E1219.9617
G1 X175.107 Y75.341 E1219.98758
G1 X175.378 Y75.679 E1220.01441
G1 X175.537 Y76.048 E1220.0393
G1 X175.604 Y76.485 E1220.06669
G1 X175.557 Y76.88 E1220.09133
G1 X175.399 Y77.289 E1220.11849
G1 X175.148 Y77.621 E1220.14427
G1 X174.817 Y77.88 E1220.1703
G1 X174.401 Y78.053 E1220.19821
G1 X174.011 Y78.107 E1220.2226
G1 X173.594 Y78.049 E1220.24868
G0 F1080 X173.584 Y78.048
G0 X173.208 Y77.895
G1 F2100 E1218.24868
G0 F10500 X172.941 Y78.539
G0 X171.75 Y143.017
G0 X171.824 Y143.569
G0 X172.06 Y144.14
G0 X172.351 Y144.514
G0 X172.944 Y145.04
G0 X173.21 Y144.398
G1 F1500 E1220.24868
G1 F1200 X172.88 Y144.147 E1220.27436
G1 X172.62 Y143.818 E1220.30034
G1 X172.455 Y143.428 E1220.32657
G1 X172.394 Y143.017 E1220.35231
G1 X172.444 Y142.614 E1220.37746
G1 X172.62 Y142.182 E1220.40636
G1 X172.855 Y141.878 E1220.43016
G1 X173.198 Y141.612 E1220.45704
G1 X173.555 Y141.46 E1220.48108
G1 X174.002 Y141.397 E1220.50904
G1 X174.398 Y141.447 E1220.53377
G1 X174.789 Y141.602 E1220.55982
G1 X175.12 Y141.851 E1220.58548
G1 X175.379 Y142.177 E1220.61127
G1 X175.547 Y142.573 E1220.63791
G1 X175.604 Y142.985 E1220.66368
G1 X175.557 Y143.38 E1220.68832
G1 X175.392 Y143.796 E1220.71604
G1 X175.155 Y144.111 E1220.74046
G1 X174.821 Y144.378 E1220.76695
G1 X174.425 Y144.546 E1220.79359
G1 X174.03 Y144.603 E1220.81831
G1 X173.604 Y144.556 E1220.84486
G1 X173.596 Y144.553 E1220.84539
G0 F1080 X173.21 Y144.398
G1 F2100 E1218.84539
G0 F10500 X172.944 Y145.04
G0 X177.792 Y151.525
G0 X177.843 Y152.145
G1 F1500 E1220.84539
G1 F1131.6 X178.12 Y152.146 E1220.86358
G1 F1014.1 X178.832 Y152.087 E1220.91595
G1 F933.5 X179.215 Y152.097 E1220.94646
G1 F930.5 X179.609 Y152.084 E1220.97795
G1 F1036 X180.821 Y152.158 E1221.06507
G1 F1197.5 X182.16 Y152.16 E1221.14819
G1 F1200 X182.16 Y71.938 E1226.11744
G1 F1202.5 X182.161 Y70.575 E1226.20169
G1 F1233.4 X182.172 Y70.185 E1226.2252
G1 F1230.8 X182.16 Y69.812 E1226.24774
G1 F1200 X182.16 Y67.84 E1226.36989
G1 X37.84 Y67.84 E1235.30961
G1 X37.84 Y152.16 E1240.5327
G1 F1197.5 X38.628 Y152.159 E1240.58161
G1 F1037.8 X39.832 Y152.087 E1240.668
G1 F933.5 X40.215 Y152.097 E1240.6985
G1 F930.5 X40.609 Y152.084 E1240.72999
G1 F1010.5 X41.29 Y152.145 E1240.78029
G1 F1129.4 X41.601 Y152.145 E1240.80076
G1 F1161.3 X41.821 Y152.158 E1240.81486
G1 F1195 X177.628 Y152.159 E1249.2623
G1 F1161.3 X177.843 Y152.145 E1249.27609
G0 F10500 X177.792 Y151.525
G0 X178.869 Y151.462
G1 F986.3 X178.489 Y151.27 E1249.30818
G1 F1097.1 X178.218 Y151.051 E1249.33178
G1 F1149.7 X177.971 Y150.729 E1249.35802
G1 F1175.5 X177.823 Y150.385 E1249.3817
G1 F1187.6 X177.77 Y150.015 E1249.40509
G1 F1197.5 X177.823 Y149.627 E1249.4294
G1 F1200 X177.975 Y149.267 E1249.45361
G1 X178.168 Y149.017 E1249.47317
G1 X178.461 Y148.778 E1249.49659
G1 X178.807 Y148.628 E1249.51995
G1 X179.214 Y148.571 E1249.54541
G1 X179.556 Y148.616 E1249.56678
G1 X179.933 Y148.772 E1249.59205
G1 X180.214 Y149 E1249.61447
G1 F1202.5 X180.426 Y149.264 E1249.6354
G1 X180.581 Y149.646 E1249.66088
G1 F1200 X180.628 Y149.985 E1249.68208
G1 X180.587 Y150.335 E1249.70391
G1 X180.425 Y150.733 E1249.73053
G1 F1163.6 X180.209 Y151.025 E1249.75373
G1 F1064.7 X179.919 Y151.283 E1249.78083
G1 F958.4 X179.564 Y151.456 E1249.81145
G1 F929 X179.259 Y151.489 E1249.836
G1 F932 X178.869 Y151.462 E1249.86718
G1 F2100 E1247.86718
G0 F10500 X177.824 Y151.529
G0 X46.752 Y145.429
G0 X46.324 Y144.879
G1 F1500 E1249.86718
G1 F1200 X45.927 Y145.047 E1249.89388
G1 X45.515 Y145.106 E1249.91966
G1 X45.086 Y145.048 E1249.94648
G1 X44.711 Y144.896 E1249.97154
G1 X44.389 Y144.655 E1249.99646
G1 X44.127 Y144.329 E1250.02236
G1 X43.943 Y143.881 E1250.05236
G1 X43.893 Y143.512 E1250.07543
G1 X43.945 Y143.102 E1250.10103
G1 X44.102 Y142.71 E1250.12719
G1 X44.354 Y142.377 E1250.15305
G1 X44.682 Y142.12 E1250.17887
G1 X45.074 Y141.955 E1250.20521
G1 X45.528 Y141.897 E1250.23356
G1 X45.911 Y141.951 E1250.25752
G1 X46.292 Y142.105 E1250.28298
G1 X46.603 Y142.338 E1250.30705
G1 X46.869 Y142.665 E1250.33316
G1 X47.044 Y143.068 E1250.36037
G1 X47.103 Y143.47 E1250.38554
G1 X47.056 Y143.896 E1250.41209
G1 X46.897 Y144.287 E1250.43824
G1 X46.649 Y144.62 E1250.46396
G0 F1080 X46.648 Y144.622
G0 X46.324 Y144.879
G1 F2100 E1248.46396
G0 F10500 X46.752 Y145.429
G0 X41.572 Y151.528
G0 X40.914 Y151.271
G1 F1500 E1250.46396
G1 F979.6 X40.564 Y151.456 E1250.494
G1 F929 X40.259 Y151.489 E1250.51854
G1 F932 X39.869 Y151.462 E1250.54972
G1 F966.4 X39.485 Y151.281 E1250.58237
G1 F1072.6 X39.218 Y151.051 E1250.60679
G1 F1166 X38.973 Y150.73 E1250.63254
G1 F1202.5 X38.823 Y150.384 E1250.65585
G1 X38.77 Y150.017 E1250.67877
G1 X38.814 Y149.65 E1250.70162
G1 X38.973 Y149.269 E1250.72714
G1 X39.16 Y149.026 E1250.74609
G1 F1200 X39.467 Y148.772 E1250.77077
G1 X39.815 Y148.624 E1250.7942
G1 X40.211 Y148.57 E1250.81895
G1 X40.541 Y148.614 E1250.83958
G1 X40.919 Y148.767 E1250.86484
G1 X41.193 Y148.976 E1250.88618
G1 X41.433 Y149.282 E1250.91027
G1 X41.574 Y149.613 E1250.93256
G1 X41.63 Y149.982 E1250.95568
G1 X41.585 Y150.353 E1250.97883
G1 X41.43 Y150.728 E1251.00396
G1 F1163.6 X41.209 Y151.025 E1251.02761
G1 F1129.4 X40.966 Y151.219 E1251.04807
G1 F1090.9 X40.914 Y151.271 E1251.05309
G1 F2100 E1249.05309
G0 F10500 X41.572 Y151.528
G0 X41.988 Y151.05
G0 X42.208 Y150.52
G0 X46.751 Y78.43
G0 X46.323 Y77.88
G1 F1500 E1251.05309
G1 F1200 X45.905 Y78.052 E1251.08108
G1 X45.527 Y78.104 E1251.10472
G1 X45.102 Y78.056 E1251.13121
G1 X44.712 Y77.897 E1251.1573
G1 X44.378 Y77.647 E1251.18314
G1 X44.119 Y77.321 E1251.20894
G1 X43.943 Y76.881 E1251.23829
G1 X43.893 Y76.512 E1251.26136
G1 X43.945 Y76.1 E1251.28708
G1 X44.11 Y75.7 E1251.31388
G1 X44.346 Y75.388 E1251.33811
G1 X44.679 Y75.119 E1251.36463
G1 X45.092 Y74.949 E1251.3923
G1 X45.511 Y74.893 E1251.41848
G1 X45.902 Y74.946 E1251.44292
G1 X46.29 Y75.102 E1251.46883
G1 X46.621 Y75.352 E1251.49452
G1 X46.878 Y75.68 E1251.52033
G1 X47.045 Y76.072 E1251.54673
G1 X47.106 Y76.485 E1251.57259
G1 X47.048 Y76.915 E1251.59946
G1 X46.895 Y77.292 E1251.62467
G1 X46.662 Y77.602 E1251.64869
G1 X46.644 Y77.616 E1251.6501
G0 F1080 X46.323 Y77.88
G1 F2100 E1249.6501
G0 F10500 X46.751 Y78.43
G0 X46.07 Y78.676
G0 X45.517 Y78.751
G0 X44.934 Y78.678
G0 X44.365 Y78.442
G0 X43.921 Y78.103
G0 X43.597 Y77.687
G0 X41.371 Y71.971
G0 X40.94 Y71.421
G1 F1500 E1251.6501
G1 F1200 X40.571 Y71.578 E1251.67494
G1 X40.217 Y71.63 E1251.6971
G1 X39.847 Y71.585 E1251.72019
G1 X39.467 Y71.428 E1251.74566
G1 X39.186 Y71.2 E1251.76808
G1 F1202.5 X38.974 Y70.933 E1251.78915
G1 X38.823 Y70.583 E1251.81271
G1 X38.77 Y70.217 E1251.83557
G1 X38.814 Y69.85 E1251.85842
G1 X38.973 Y69.469 E1251.88394
G1 X39.16 Y69.226 E1251.9029
G1 X39.466 Y68.974 E1251.9274
G1 X39.821 Y68.821 E1251.95129
G1 X40.215 Y68.773 E1251.97583
G1 F1200 X40.525 Y68.811 E1251.99518
G1 F1202.5 X40.927 Y68.97 E1252.0219
G1 X41.174 Y69.16 E1252.04116
G1 F1200 X41.425 Y69.463 E1252.06553
G1 X41.577 Y69.815 E1252.08928
G1 X41.63 Y70.184 E1252.11238
G1 X41.584 Y70.55 E1252.13523
G1 X41.431 Y70.922 E1252.16014
G1 X41.217 Y71.2 E1252.18187
G1 X41.068 Y71.319 E1252.19369
G0 F1080 X40.94 Y71.421
G1 F2100 E1250.19369
G0 F10500 X41.371 Y71.971
G0 X173.382 Y78.945
;TYPE:SKIN
G1 F1500 E1252.19369
G1 F2100 X174.008 Y79.02 E1252.23274
G1 X174.636 Y78.943 E1252.27193
G1 X175.293 Y78.673 E1252.31593
G1 X175.811 Y78.262 E1252.35689
G1 X176.2 Y77.741 E1252.39717
G1 X176.45 Y77.101 E1252.43973
G1 X176.519 Y76.448 E1252.4804
G1 X176.432 Y75.821 E1252.51961
G1 X176.172 Y75.21 E1252.56074
G1 X175.766 Y74.699 E1252.60117
G1 X175.25 Y74.307 E1252.64131
G1 X174.636 Y74.058 E1252.68235
G1 X174.014 Y73.974 E1252.72123
G1 X173.377 Y74.055 E1252.76101
G1 X172.863 Y74.263 E1252.79536
G1 X172.611 Y74.41 E1252.81343
G1 X172.199 Y74.732 E1252.84582
G1 X171.821 Y75.224 E1252.88425
G1 X171.568 Y75.835 E1252.92521
G1 X171.477 Y76.523 E1252.9682
G1 X171.57 Y77.171 E1253.00875
G1 X171.825 Y77.777 E1253.04948
G1 X172.252 Y78.32 E1253.09227
G1 X172.739 Y78.684 E1253.12993
G1 X172.997 Y78.789 E1253.14719
G0 F1890 X173.382 Y78.945
G1 F2100 E1251.14719
G0 F10500 X176.938 Y150.638
G1 F1500 E1253.14719
G1 F2100 X177.115 Y151.054 E1253.17519
G1 X177.229 Y151.248 E1253.18913
G1 X42.202 Y151.246 E1261.5532
G1 X42.415 Y150.736 E1261.58743
G1 X42.496 Y150.424 E1261.6074
G1 X42.55 Y149.973 E1261.63554
G1 X42.462 Y149.384 E1261.67243
G1 X42.204 Y148.785 E1261.71282
G1 X41.847 Y148.339 E1261.74821
G1 X41.372 Y147.966 E1261.78562
G1 X40.784 Y147.729 E1261.82489
G1 X40.212 Y147.649 E1261.86067
G1 X39.566 Y147.736 E1261.90105
G1 X39.114 Y147.932 E1261.93156
G1 X38.754 Y148.148 E1261.95757
G1 X38.754 Y72.059 E1266.6708
G1 X39.132 Y72.276 E1266.6978
G1 X39.486 Y72.423 E1266.72154
G1 X39.773 Y72.495 E1266.73987
G1 X40.231 Y72.551 E1266.76845
G1 X40.842 Y72.459 E1266.80673
G1 X41.393 Y72.224 E1266.84383
G1 X41.871 Y71.843 E1266.8817
G1 X42.215 Y71.405 E1266.9162
G1 X42.464 Y70.813 E1266.95598
G1 X42.551 Y70.18 E1266.99556
G1 X42.463 Y69.565 E1267.03404
G1 X42.283 Y69.141 E1267.06258
G1 X42.052 Y68.754 E1267.09049
G1 X178.472 Y68.752 E1275.54085
G1 X178.282 Y68.995 E1275.55996
G1 X178.024 Y69.608 E1275.60115
G1 X177.95 Y70.226 E1275.63971
G1 X178.037 Y70.822 E1275.67702
G1 X178.288 Y71.413 E1275.71679
G1 X178.655 Y71.862 E1275.75271
G1 X179.107 Y72.225 E1275.78862
G1 X179.715 Y72.477 E1275.82939
G1 X180.321 Y72.55 E1275.8672
G1 X180.93 Y72.464 E1275.9053
G1 X181.247 Y72.329 E1275.92664
G1 X181.247 Y148.302 E1280.63269
G1 X181.219 Y148.756 E1280.66086
G1 X180.806 Y148.296 E1280.69916
G1 X180.518 Y148.071 E1280.7218
G1 X180.244 Y147.915 E1280.74133
G1 X179.799 Y147.729 E1280.7712
G1 X179.219 Y147.65 E1280.80746
G1 X178.605 Y147.728 E1280.8458
G1 X177.999 Y147.985 E1280.88658
G1 X177.539 Y148.345 E1280.92276
G1 X177.157 Y148.85 E1280.96198
G1 X176.923 Y149.417 E1280.99998
G1 X176.85 Y150.026 E1281.03797
G1 X176.879 Y150.227 E1281.05055
G0 F1890 X176.938 Y150.638
G0 F10500 X172.264 Y144.828
G1 F2100 X172.655 Y145.12 E1281.08078
G1 X172.873 Y145.245 E1281.09634
G1 X173.376 Y145.449 E1281.12997
G1 X174.027 Y145.521 E1281.17054
G1 X174.667 Y145.434 E1281.21055
G1 X175.288 Y145.168 E1281.25239
G1 X175.798 Y144.77 E1281.29247
G1 X176.198 Y144.235 E1281.33385
G1 X176.45 Y143.6 E1281.37616
G1 X176.519 Y142.949 E1281.41672
G1 X176.432 Y142.321 E1281.45599
G1 X176.22 Y141.828 E1281.48923
G1 X176.089 Y141.61 E1281.50498
G1 X175.761 Y141.189 E1281.53804
G1 X175.236 Y140.796 E1281.57866
G1 X174.624 Y140.561 E1281.61927
G1 X174.01 Y140.481 E1281.65763
G1 X173.338 Y140.565 E1281.69958
G1 X172.724 Y140.821 E1281.74078
G1 X172.192 Y141.244 E1281.78289
G1 X171.82 Y141.728 E1281.8207
G1 X171.556 Y142.376 E1281.86404
G1 X171.482 Y143.028 E1281.90469
G1 X171.568 Y143.675 E1281.94512
G1 X171.854 Y144.323 E1281.98899
G1 X172.002 Y144.505 E1282.00352
G0 F1890 X172.264 Y144.828
G1 F2100 E1280.00352
G0 F10500 X47.309 Y145.263
G1 F1500 E1282.00352
G1 F2100 X47.699 Y144.743 E1282.04379
G1 X47.934 Y144.157 E1282.0829
G1 X48.023 Y143.475 E1282.1255
G1 X47.925 Y142.812 E1282.16702
G1 X47.67 Y142.212 E1282.2074
G1 X47.242 Y141.676 E1282.24989
G1 X46.74 Y141.304 E1282.28859
G1 X46.118 Y141.054 E1282.33012
G1 X45.519 Y140.979 E1282.36751
G1 X44.819 Y141.064 E1282.41119
G1 X44.211 Y141.336 E1282.45245
G1 X43.692 Y141.736 E1282.49304
G1 X43.297 Y142.263 E1282.53383
G1 X43.049 Y142.882 E1282.57514
G1 X42.983 Y143.526 E1282.61524
G1 X43.056 Y144.134 E1282.65317
G1 X43.331 Y144.786 E1282.697
G1 X43.729 Y145.294 E1282.73698
G1 X44.245 Y145.69 E1282.77727
G1 X44.848 Y145.938 E1282.81766
G1 X45.522 Y146.026 E1282.85976
G1 X46.183 Y145.931 E1282.90113
G1 X46.787 Y145.674 E1282.94179
G1 X46.982 Y145.52 E1282.95718
G0 F1890 X47.309 Y145.263
G1 F2100 E1280.95718
G0 F10500 X47.678 Y144.065
G0 X47.717 Y143.736
G0 X46.802 Y78.663
G1 F1500 E1282.95718
G1 F2100 X47.307 Y78.261 E1282.99716
G1 X47.689 Y77.753 E1283.03653
G1 X47.942 Y77.133 E1283.07801
G1 X48.023 Y76.443 E1283.12105
G1 X47.919 Y75.794 E1283.16176
G1 X47.672 Y75.21 E1283.20104
G1 X47.264 Y74.691 E1283.24193
G1 X46.739 Y74.299 E1283.28252
G1 X46.132 Y74.054 E1283.32306
G1 X45.513 Y73.975 E1283.36172
G1 X44.879 Y74.054 E1283.4013
G1 X44.216 Y74.327 E1283.44571
G1 X43.688 Y74.743 E1283.48735
G1 X43.31 Y75.254 E1283.52672
G1 X43.052 Y75.872 E1283.5682
G1 X42.98 Y76.552 E1283.61056
G1 X43.057 Y77.13 E1283.64668
G1 X43.261 Y77.634 E1283.68036
G1 X43.41 Y77.89 E1283.69871
G1 X43.736 Y78.308 E1283.73154
G1 X44.232 Y78.681 E1283.76999
G1 X44.83 Y78.929 E1283.81009
G1 X45.502 Y79.024 E1283.85213
G1 X46.158 Y78.934 E1283.89314
G1 X46.419 Y78.824 E1283.91069
G0 F1890 X46.802 Y78.663
G1 F2100 E1281.91069
G0 F10500 X39.233 Y147.166
G1 F1500 E1283.91069
G1 F2100 X39.366 Y147.298 E1283.92229
G1 X39.437 Y147.268 E1283.92707
G1 X39.945 Y147.199 E1283.95883
G1 X39.233 Y146.487 E1284.0212
G1 X39.233 Y145.808 E1284.06326
G1 X40.65 Y147.225 E1284.18739
G1 X40.905 Y147.261 E1284.20334
G1 X41.611 Y147.547 E1284.25053
G1 X41.775 Y147.672 E1284.2633
G1 X39.233 Y145.13 E1284.48598
G1 X39.233 Y144.451 E1284.52804
G1 X45.548 Y150.765 E1285.0812
G1 X46.227 Y150.765 E1285.12326
G1 X39.233 Y143.772 E1285.7359
G1 X39.233 Y143.093 E1285.77796
G1 X46.905 Y150.765 E1286.45004
G1 X47.584 Y150.765 E1286.4921
G1 X39.233 Y142.414 E1287.22366
G1 X39.233 Y141.736 E1287.26566
G1 X48.263 Y150.765 E1288.05666
G1 X48.942 Y150.765 E1288.09872
G1 X44.484 Y146.307 E1288.48925
G1 X44.747 Y146.412 E1288.50679
G1 X45.341 Y146.486 E1288.54387
G1 X49.621 Y150.765 E1288.91876
G1 X50.3 Y150.765 E1288.96082
G1 X45.978 Y146.444 E1289.33939
G1 X46.311 Y146.395 E1289.36024
G1 X46.521 Y146.308 E1289.37432
G1 X50.978 Y150.765 E1289.76476
G1 X51.657 Y150.765 E1289.80682
G1 X47.004 Y146.112 E1290.21443
G1 X47.385 Y145.814 E1290.24439
G1 X52.336 Y150.765 E1290.67811
G1 X53.015 Y150.765 E1290.72017
G1 X47.738 Y145.489 E1291.1824
G1 X48.028 Y145.1 E1291.21245
G1 X53.694 Y150.765 E1291.70876
G1 X54.372 Y150.765 E1291.75076
G1 X48.252 Y144.645 E1292.28688
G1 X48.4 Y144.278 E1292.31139
G1 X48.419 Y144.133 E1292.32045
G1 X55.051 Y150.765 E1292.90142
G1 X55.73 Y150.765 E1292.94348
G1 X48.518 Y143.553 E1293.57526
G1 X48.403 Y142.759 E1293.62496
G1 X56.409 Y150.765 E1294.3263
G1 X57.088 Y150.765 E1294.36836
G1 X39.233 Y132.911 E1295.93244
G1 X39.233 Y132.232 E1295.9745
G1 X57.767 Y150.765 E1297.59806
G1 X58.445 Y150.765 E1297.64006
G1 X39.233 Y131.553 E1299.32306
G1 X39.233 Y130.874 E1299.36512
G1 X59.124 Y150.765 E1301.10761
G1 X59.803 Y150.765 E1301.14967
G1 X39.233 Y130.196 E1302.95159
G1 X39.233 Y129.517 E1302.99365
G1 X60.482 Y150.765 E1304.85505
G1 X61.161 Y150.765 E1304.89711
G1 X39.233 Y128.838 E1306.81799
G1 X39.233 Y128.159 E1306.86005
G1 X61.84 Y150.765 E1308.84042
G1 X62.518 Y150.765 E1308.88242
G1 X39.233 Y127.48 E1310.92222
G1 X39.233 Y126.801 E1310.96428
G1 X63.197 Y150.765 E1313.06356
G1 X63.876 Y150.765 E1313.10562
G1 X39.233 Y126.123 E1315.26435
G1 X39.233 Y125.444 E1315.3064
G1 X64.555 Y150.765 E1317.52461
G1 X65.234 Y150.765 E1317.56667
G1 X39.233 Y124.765 E1319.84435
G1 X39.233 Y124.086 E1319.88641
G1 X65.912 Y150.765 E1322.22354
G1 X66.591 Y150.765 E1322.2656
G1 X39.233 Y123.407 E1324.6622
G1 X39.233 Y122.728 E1324.70426
G1 X67.27 Y150.765 E1327.16035
G1 X67.949 Y150.765 E1327.2024
G1 X39.233 Y122.05 E1329.71793
G1 X39.233 Y121.371 E1329.75999
G1 X68.628 Y150.765 E1332.33499
G1 X69.307 Y150.765 E1332.37705
G1 X39.233 Y120.692 E1335.01154
G1 X39.233 Y120.013 E1335.0536
G1 X69.985 Y150.765 E1337.74752
G1 X70.664 Y150.765 E1337.78958
G1 X39.233 Y119.334 E1340.54299
G1 X39.233 Y118.656 E1340.58499
G1 X71.343 Y150.765 E1343.39783
G1 X72.022 Y150.765 E1343.43989
G1 X39.233 Y117.977 E1346.31221
G1 X39.233 Y117.298 E1346.35427
G1 X72.701 Y150.765 E1349.28608
G1 X73.38 Y150.765 E1349.32814
G1 X39.233 Y116.619 E1352.31943
G1 X39.233 Y115.94 E1352.36149
G1 X74.058 Y150.765 E1355.41221
G1 X74.737 Y150.765 E1355.45427
G1 X39.233 Y115.261 E1358.56448
G1 X39.233 Y114.583 E1358.60648
G1 X75.416 Y150.765 E1361.77612
G1 X76.095 Y150.765 E1361.81818
G1 X39.233 Y113.904 E1365.04731
G1 X39.233 Y113.225 E1365.08937
G1 X76.774 Y150.765 E1368.37797
G1 X77.452 Y150.765 E1368.41997
G1 X39.233 Y112.546 E1371.76802
G1 X39.233 Y111.867 E1371.81008
G1 X78.131 Y150.765 E1375.2176
G1 X78.81 Y150.765 E1375.25966
G1 X39.233 Y111.189 E1378.72663
G1 X39.233 Y110.51 E1378.76869
G1 X79.489 Y150.765 E1382.29513
G1 X80.168 Y150.765 E1382.33719
G1 X39.233 Y109.831 E1385.92312
G1 X39.233 Y109.152 E1385.96518
G1 X80.847 Y150.765 E1389.61059
G1 X81.525 Y150.765 E1389.65258
G1 X39.233 Y108.473 E1393.35743
G1 X39.233 Y107.794 E1393.39949
G1 X82.204 Y150.765 E1397.16382
G1 X82.883 Y150.765 E1397.20588
G1 X39.233 Y107.116 E1401.02964
G1 X39.233 Y106.437 E1401.0717
G1 X83.562 Y150.765 E1404.95495
G1 X84.241 Y150.765 E1404.99701
G1 X39.233 Y105.758 E1408.93974
G1 X39.233 Y105.079 E1408.9818
G1 X84.919 Y150.765 E1412.98396
G1 X85.598 Y150.765 E1413.02602
G1 X39.233 Y104.4 E1417.08767
G1 X39.233 Y103.721 E1417.12973
G1 X86.277 Y150.765 E1421.25086
G1 X86.956 Y150.765 E1421.29292
G1 X39.233 Y103.043 E1425.47349
G1 X39.233 Y102.364 E1425.51555
G1 X87.635 Y150.766 E1429.75564
G1 X88.314 Y150.766 E1429.7977
G1 X39.233 Y101.685 E1434.09727
G1 X39.233 Y101.006 E1434.13933
G1 X88.993 Y150.766 E1438.49839
G1 X89.672 Y150.766 E1438.54045
G1 X39.233 Y100.327 E1442.95898
G1 X39.233 Y99.649 E1443.00098
G1 X90.351 Y150.766 E1447.47895
G1 X91.03 Y150.766 E1447.52101
G1 X39.233 Y98.97 E1452.05847
G1 X39.233 Y98.291 E1452.10053
G1 X91.708 Y150.766 E1456.69742
G1 X92.387 Y150.766 E1456.73948
G1 X39.233 Y97.612 E1461.39586
G1 X39.233 Y96.933 E1461.43792
G1 X93.066 Y150.766 E1466.15377
G1 X93.745 Y150.766 E1466.19583
G1 X39.233 Y96.254 E1470.97117
G1 X39.233 Y95.576 E1471.01317
G1 X94.424 Y150.766 E1475.84794
G1 X95.103 Y150.766 E1475.89
G1 X39.233 Y94.897 E1480.78426
G1 X39.233 Y94.218 E1480.82632
G1 X95.781 Y150.766 E1485.78001
G1 X96.46 Y150.766 E1485.82207
G1 X39.233 Y93.539 E1490.83525
G1 X39.233 Y92.86 E1490.87731
G1 X97.139 Y150.766 E1495.94997
G1 X97.818 Y150.766 E1495.99203
G1 X39.233 Y92.181 E1501.12417
G1 X39.233 Y91.503 E1501.16616
G1 X98.497 Y150.766 E1506.35774
G1 X99.175 Y150.766 E1506.39974
G1 X39.233 Y90.824 E1511.65075
G1 X39.233 Y90.145 E1511.69281
G1 X99.854 Y150.766 E1517.00331
G1 X100.533 Y150.766 E1517.04537
G1 X39.233 Y89.466 E1522.41534
G1 X39.233 Y88.787 E1522.4574
G1 X101.212 Y150.766 E1527.88686
G1 X101.891 Y150.766 E1527.92892
G1 X39.233 Y88.109 E1533.41782
G1 X39.233 Y87.43 E1533.45988
G1 X102.57 Y150.766 E1539.00826
G1 X103.248 Y150.766 E1539.05025
G1 X39.233 Y86.751 E1544.65807
G1 X39.233 Y86.072 E1544.70013
G1 X103.927 Y150.766 E1550.36743
G1 X104.606 Y150.766 E1550.40949
G1 X39.233 Y85.393 E1556.13626
G1 X39.233 Y84.714 E1556.17832
G1 X105.285 Y150.766 E1561.96458
G1 X105.964 Y150.766 E1562.00664
G1 X39.233 Y84.036 E1567.85234
G1 X39.233 Y83.357 E1567.8944
G1 X106.643 Y150.766 E1573.79958
G1 X107.321 Y150.766 E1573.84158
G1 X39.233 Y82.678 E1579.8062
G1 X39.233 Y81.999 E1579.84826
G1 X108 Y150.766 E1585.87235
G1 X108.679 Y150.766 E1585.91441
G1 X39.233 Y81.32 E1591.99799
G1 X39.233 Y80.641 E1592.04005
G1 X109.358 Y150.766 E1598.18311
G1 X110.037 Y150.766 E1598.22517
G1 X39.233 Y79.963 E1604.42767
G1 X39.233 Y79.284 E1604.46973
G1 X110.715 Y150.766 E1610.73167
G1 X111.394 Y150.766 E1610.77373
G1 X39.233 Y78.605 E1617.09515
G1 X39.233 Y77.926 E1617.13721
G1 X112.073 Y150.766 E1623.51811
G1 X112.752 Y150.766 E1623.56017
G1 X39.233 Y77.247 E1630.00055
G1 X39.233 Y76.569 E1630.04254
G1 X113.431 Y150.766 E1636.54236
G1 X114.11 Y150.766 E1636.58442
G1 X39.233 Y75.89 E1643.14372
G1 X39.233 Y75.211 E1643.18578
G1 X114.788 Y150.766 E1649.80452
G1 X115.467 Y150.766 E1649.84658
G1 X39.233 Y74.532 E1656.5248
G1 X39.233 Y73.853 E1656.56686
G1 X42.289 Y76.909 E1656.83457
G0 F1890 X42.583 Y77.203
G0 F10500 X43.558 Y75.365
G0 X43.897 Y74.921
G0 X44.36 Y74.56
G0 X44.824 Y74.368
G0 X46.975 Y73.874
G1 F2100 X47.601 Y74.344 E1656.88306
G1 X48.088 Y74.965 E1656.93194
G1 X48.289 Y75.442 E1656.96401
G1 X123.613 Y150.766 E1663.56251
G1 X122.934 Y150.766 E1663.60457
G1 X48.487 Y76.319 E1670.12624
G1 X48.508 Y76.45 E1670.13446
G1 X48.446 Y76.956 E1670.16604
G1 X122.255 Y150.766 E1676.63187
G1 X121.577 Y150.766 E1676.67387
G1 X48.313 Y77.502 E1683.09191
G1 X48.113 Y77.981 E1683.12406
G1 X120.898 Y150.766 E1689.50015
G1 X120.219 Y150.766 E1689.54221
G1 X47.825 Y78.372 E1695.88403
G1 X47.656 Y78.596 E1695.90142
G1 X47.497 Y78.722 E1695.91398
G1 X119.54 Y150.766 E1702.22511
G1 X118.861 Y150.766 E1702.26717
G1 X47.118 Y79.023 E1708.55197
G1 X47.033 Y79.09 E1708.55867
G1 X46.659 Y79.242 E1708.58368
G1 X118.182 Y150.766 E1714.84925
G1 X117.504 Y150.766 E1714.89125
G1 X46.157 Y79.42 E1721.14132
G1 X45.557 Y79.498 E1721.17879
G1 X116.825 Y150.766 E1727.42198
G1 X116.146 Y150.766 E1727.46404
G1 X44.786 Y79.405 E1733.71534
G1 X44.702 Y79.393 E1733.72059
G1 X43.991 Y79.099 E1733.76825
G1 X43.397 Y78.652 E1733.8143
G1 X43.04 Y78.199 E1733.85003
G1 X42.824 Y77.833 E1733.87635
G1 X42.593 Y77.281 E1733.91342
G1 X42.495 Y76.557 E1733.95868
G1 X42.507 Y76.448 E1733.96547
G1 X39.233 Y73.174 E1734.25228
G1 X39.233 Y72.846 E1734.27259
G1 X39.718 Y72.98 E1734.30376
G1 X42.552 Y75.814 E1734.55202
G1 X42.755 Y75.338 E1734.58408
G1 X40.422 Y73.005 E1734.78845
G1 X41.011 Y72.915 E1734.82536
G1 X42.983 Y74.888 E1734.99816
G1 X43.273 Y74.499 E1735.02821
G1 X41.48 Y72.706 E1735.18528
G1 X41.637 Y72.639 E1735.19585
G1 X41.893 Y72.44 E1735.21594
G1 X43.631 Y74.178 E1735.36819
G1 X44.01 Y73.878 E1735.39813
G1 X42.258 Y72.126 E1735.55161
G1 X42.557 Y71.746 E1735.58156
G1 X44.498 Y73.688 E1735.75164
G1 X44.759 Y73.582 E1735.76909
G1 X45.039 Y73.549 E1735.78655
G1 X42.783 Y71.294 E1735.98414
G1 X42.926 Y70.96 E1736.00665
G1 X42.95 Y70.782 E1736.01777
G1 X45.683 Y73.515 E1736.25719
G1 X46.253 Y73.585 E1736.29276
G1 X46.551 Y73.704 E1736.31264
G1 X43.033 Y70.186 E1736.62082
G1 X42.923 Y69.397 E1736.67016
G1 X124.292 Y150.766 E1743.79822
G1 X124.971 Y150.766 E1743.84028
G1 X43.437 Y69.232 E1750.98279
G1 X44.116 Y69.232 E1751.02485
G1 X125.65 Y150.766 E1758.16735
G1 X126.328 Y150.766 E1758.20935
G1 X44.795 Y69.232 E1765.35181
G1 X45.474 Y69.232 E1765.39387
G1 X127.007 Y150.766 E1772.53634
G1 X127.686 Y150.766 E1772.5784
G1 X46.152 Y69.232 E1779.72091
G1 X46.831 Y69.232 E1779.76297
G1 X128.365 Y150.766 E1786.90547
G1 X129.044 Y150.766 E1786.94753
G1 X47.51 Y69.232 E1794.09004
G1 X48.189 Y69.232 E1794.1321
G1 X129.722 Y150.766 E1801.27456
G1 X130.401 Y150.766 E1801.31662
G1 X48.868 Y69.232 E1808.45909
G1 X49.546 Y69.232 E1808.50109
G1 X131.08 Y150.766 E1815.64359
G1 X131.759 Y150.766 E1815.68565
G1 X50.225 Y69.232 E1822.82816
G1 X50.904 Y69.232 E1822.87022
G1 X132.438 Y150.767 E1830.01277
G1 X133.117 Y150.767 E1830.05483
G1 X51.583 Y69.232 E1837.19738
G1 X52.262 Y69.232 E1837.23944
G1 X133.796 Y150.767 E1844.38199
G1 X134.475 Y150.767 E1844.42405
G1 X52.941 Y69.232 E1851.56661
G1 X53.619 Y69.232 E1851.6086
G1 X135.154 Y150.767 E1858.7512
G1 X135.833 Y150.767 E1858.79326
G1 X54.298 Y69.232 E1865.93585
G1 X54.977 Y69.232 E1865.97791
G1 X136.511 Y150.767 E1873.12047
G1 X137.19 Y150.767 E1873.16253
G1 X55.656 Y69.232 E1880.30508
G1 X56.335 Y69.232 E1880.34714
G1 X137.869 Y150.767 E1887.48969
G1 X138.548 Y150.767 E1887.53175
G1 X57.014 Y69.232 E1894.6743
G1 X57.692 Y69.232 E1894.7163
G1 X139.227 Y150.767 E1901.85889
G1 X139.906 Y150.767 E1901.90095
G1 X58.371 Y69.232 E1909.04355
G1 X59.05 Y69.232 E1909.08561
G1 X140.584 Y150.767 E1916.22816
G1 X141.263 Y150.767 E1916.27022
G1 X59.729 Y69.232 E1923.41277
G1 X60.408 Y69.232 E1923.45483
G1 X141.942 Y150.767 E1930.59738
G1 X142.621 Y150.767 E1930.63944
G1 X61.086 Y69.232 E1937.78204
G1 X61.765 Y69.232 E1937.8241
G1 X143.3 Y150.767 E1944.96669
G1 X143.978 Y150.767 E1945.00869
G1 X62.444 Y69.232 E1952.15124
G1 X63.123 Y69.232 E1952.1933
G1 X144.657 Y150.767 E1959.33585
G1 X145.336 Y150.767 E1959.37791
G1 X63.802 Y69.232 E1966.52046
G1 X64.481 Y69.232 E1966.56252
G1 X146.015 Y150.767 E1973.70507
G1 X146.694 Y150.767 E1973.74713
G1 X65.159 Y69.232 E1980.88973
G1 X65.838 Y69.232 E1980.93179
G1 X147.373 Y150.767 E1988.07438
G1 X148.051 Y150.767 E1988.11638
G1 X66.517 Y69.232 E1995.25893
G1 X67.196 Y69.232 E1995.30099
G1 X148.73 Y150.767 E2002.44355
G1 X149.409 Y150.767 E2002.48561
G1 X67.875 Y69.232 E2009.62816
G1 X68.554 Y69.232 E2009.67022
G1 X150.088 Y150.767 E2016.81277
G1 X150.767 Y150.767 E2016.85483
G1 X69.232 Y69.232 E2023.99742
G1 X69.911 Y69.232 E2024.03948
G1 X151.446 Y150.767 E2031.18208
G1 X152.124 Y150.767 E2031.22408
G1 X70.59 Y69.232 E2038.36663
G1 X71.269 Y69.232 E2038.40869
G1 X152.803 Y150.767 E2045.55124
G1 X153.482 Y150.767 E2045.5933
G1 X71.948 Y69.232 E2052.73585
G1 X72.626 Y69.232 E2052.77785
G1 X154.161 Y150.767 E2059.92044
G1 X154.84 Y150.767 E2059.9625
G1 X73.305 Y69.232 E2067.1051
G1 X73.984 Y69.232 E2067.14716
G1 X155.518 Y150.767 E2074.28971
G1 X156.197 Y150.767 E2074.33177
G1 X74.663 Y69.232 E2081.47432
G1 X75.342 Y69.232 E2081.51638
G1 X156.876 Y150.767 E2088.65893
G1 X157.555 Y150.767 E2088.70099
G1 X76.021 Y69.232 E2095.84354
G1 X76.699 Y69.232 E2095.88554
G1 X158.234 Y150.767 E2103.02814
G1 X158.913 Y150.767 E2103.0702
G1 X77.378 Y69.232 E2110.21279
G1 X78.057 Y69.232 E2110.25485
G1 X159.591 Y150.767 E2117.3974
G1 X160.27 Y150.767 E2117.43946
G1 X78.736 Y69.232 E2124.58201
G1 X79.415 Y69.232 E2124.62407
G1 X160.949 Y150.767 E2131.76663
G1 X161.628 Y150.767 E2131.80869
G1 X80.093 Y69.232 E2138.95128
G1 X80.772 Y69.232 E2138.99334
G1 X162.307 Y150.767 E2146.13594
G1 X162.985 Y150.767 E2146.17793
G1 X81.451 Y69.232 E2153.32048
G1 X82.13 Y69.232 E2153.36254
G1 X163.664 Y150.767 E2160.5051
G1 X164.343 Y150.767 E2160.54716
G1 X82.809 Y69.232 E2167.68971
G1 X83.488 Y69.232 E2167.73177
G1 X165.022 Y150.767 E2174.87432
G1 X165.701 Y150.767 E2174.91638
G1 X84.166 Y69.232 E2182.05897
G1 X84.845 Y69.232 E2182.10103
G1 X166.38 Y150.767 E2189.24363
G1 X167.058 Y150.767 E2189.28563
G1 X85.524 Y69.232 E2196.42818
G1 X86.203 Y69.232 E2196.47024
G1 X167.737 Y150.767 E2203.61279
G1 X168.416 Y150.767 E2203.65485
G1 X86.882 Y69.232 E2210.7974
G1 X87.561 Y69.232 E2210.83946
G1 X169.095 Y150.767 E2217.98201
G1 X169.774 Y150.767 E2218.02407
G1 X88.239 Y69.232 E2225.16667
G1 X88.918 Y69.232 E2225.20873
G1 X170.453 Y150.767 E2232.35132
G1 X171.131 Y150.767 E2232.39332
G1 X89.597 Y69.232 E2239.53587
G1 X90.276 Y69.232 E2239.57793
G1 X171.81 Y150.767 E2246.72048
G1 X172.489 Y150.767 E2246.76254
G1 X90.955 Y69.232 E2253.90509
G1 X91.633 Y69.232 E2253.94709
G1 X173.168 Y150.767 E2261.08969
G1 X173.847 Y150.767 E2261.13175
G1 X92.312 Y69.232 E2268.27434
G1 X92.991 Y69.232 E2268.3164
G1 X174.525 Y150.767 E2275.45895
G1 X175.204 Y150.767 E2275.50101
G1 X93.67 Y69.232 E2282.64356
G1 X94.349 Y69.232 E2282.68562
G1 X175.883 Y150.767 E2289.82818
G1 X176.469 Y150.767 E2289.86447
G1 X176.454 Y150.658 E2289.87129
G1 X95.028 Y69.232 E2297.00434
G1 X95.706 Y69.232 E2297.04633
G1 X176.38 Y149.906 E2304.11351
G1 X176.453 Y149.3 E2304.15131
G1 X172.947 Y145.794 E2304.45845
G1 X173.253 Y145.917 E2304.47887
G1 X173.816 Y145.984 E2304.51399
G1 X176.65 Y148.818 E2304.76226
G1 X176.744 Y148.59 E2304.77753
G1 X176.899 Y148.388 E2304.79331
G1 X174.457 Y145.946 E2305.00723
G1 X174.803 Y145.9 E2305.02885
G1 X175.003 Y145.813 E2305.04236
G1 X177.198 Y148.009 E2305.23469
G1 X177.577 Y147.708 E2305.26467
G1 X175.486 Y145.618 E2305.4478
G1 X175.868 Y145.321 E2305.47777
G1 X178.008 Y147.461 E2305.66524
G1 X178.483 Y147.257 E2305.69726
G1 X176.224 Y144.998 E2305.89515
G1 X176.514 Y144.609 E2305.92521
G1 X179.088 Y147.183 E2306.1507
G1 X179.218 Y147.166 E2306.15882
G1 X179.831 Y147.247 E2306.19712
G1 X176.746 Y144.162 E2306.46737
G1 X176.94 Y143.678 E2306.49967
G1 X180.766 Y147.504 E2306.83483
G1 X180.766 Y146.825 E2306.87689
G1 X176.988 Y143.047 E2307.20785
G1 X177 Y142.944 E2307.21428
G1 X176.911 Y142.291 E2307.2551
G1 X180.766 Y146.146 E2307.5928
G1 X180.766 Y145.468 E2307.6348
G1 X104.531 Y69.232 E2314.31315
G1 X105.21 Y69.232 E2314.35521
G1 X180.766 Y144.789 E2320.97408
G1 X180.766 Y144.11 E2321.01614
G1 X105.889 Y69.232 E2327.57553
G1 X106.568 Y69.232 E2327.61759
G1 X180.766 Y143.431 E2334.11749
G1 X180.766 Y142.752 E2334.15955
G1 X107.246 Y69.232 E2340.60002
G1 X107.925 Y69.232 E2340.64208
G1 X180.766 Y142.074 E2347.02311
G1 X180.766 Y141.395 E2347.06517
G1 X108.604 Y69.232 E2353.38672
G1 X109.283 Y69.232 E2353.42878
G1 X180.766 Y140.716 E2359.69085
G1 X180.766 Y140.037 E2359.73291
G1 X109.962 Y69.232 E2365.9355
G1 X110.641 Y69.233 E2365.97756
G1 X180.766 Y139.358 E2372.12062
G1 X180.766 Y138.679 E2372.16268
G1 X111.32 Y69.233 E2378.24626
G1 X111.999 Y69.233 E2378.28832
G1 X180.766 Y138.001 E2384.31246
G1 X180.766 Y137.322 E2384.35452
G1 X112.678 Y69.233 E2390.31918
G1 X113.356 Y69.233 E2390.36118
G1 X180.766 Y136.643 E2396.2664
G1 X180.766 Y135.964 E2396.30846
G1 X114.035 Y69.233 E2402.1542
G1 X114.714 Y69.233 E2402.19626
G1 X180.766 Y135.285 E2407.98252
G1 X180.766 Y134.606 E2408.02458
G1 X115.393 Y69.233 E2413.75136
G1 X116.072 Y69.233 E2413.79342
G1 X180.766 Y133.928 E2419.46076
G1 X180.766 Y133.249 E2419.50282
G1 X116.751 Y69.233 E2425.11068
G1 X117.429 Y69.233 E2425.15268
G1 X180.766 Y132.57 E2430.7011
G1 X180.766 Y131.891 E2430.74316
G1 X118.108 Y69.233 E2436.2321
G1 X118.787 Y69.233 E2436.27416
G1 X180.766 Y131.212 E2441.70362
G1 X180.766 Y130.534 E2441.74561
G1 X119.466 Y69.233 E2447.11563
G1 X120.145 Y69.233 E2447.15769
G1 X180.766 Y129.855 E2452.46823
G1 X180.766 Y129.176 E2452.51029
G1 X120.824 Y69.233 E2457.76135
G1 X121.502 Y69.233 E2457.80335
G1 X180.766 Y128.497 E2462.99497
G1 X180.766 Y127.818 E2463.03703
G1 X122.181 Y69.233 E2468.16917
G1 X122.86 Y69.233 E2468.21123
G1 X180.766 Y127.139 E2473.28389
G1 X180.766 Y126.461 E2473.32588
G1 X123.539 Y69.233 E2478.3391
G1 X124.218 Y69.233 E2478.38116
G1 X180.766 Y125.782 E2483.3349
G1 X180.766 Y125.103 E2483.37696
G1 X124.896 Y69.233 E2488.27126
G1 X125.575 Y69.233 E2488.31332
G1 X180.766 Y124.424 E2493.14814
G1 X180.766 Y123.745 E2493.1902
G1 X126.254 Y69.233 E2497.96554
G1 X126.933 Y69.233 E2498.0076
G1 X180.766 Y123.066 E2502.72345
G1 X180.766 Y122.388 E2502.76545
G1 X127.612 Y69.233 E2507.42187
G1 X128.291 Y69.233 E2507.46393
G1 X180.766 Y121.709 E2512.06087
G1 X180.766 Y121.03 E2512.10293
G1 X128.969 Y69.233 E2516.64043
G1 X129.648 Y69.233 E2516.68249
G1 X180.766 Y120.351 E2521.1605
G1 X180.766 Y119.672 E2521.20256
G1 X130.327 Y69.233 E2525.6211
G1 X131.006 Y69.233 E2525.66316
G1 X180.766 Y118.994 E2530.02226
G1 X180.766 Y118.315 E2530.06432
G1 X131.685 Y69.233 E2534.36394
G1 X132.364 Y69.233 E2534.406
G1 X180.766 Y117.636 E2538.64613
G1 X180.766 Y116.957 E2538.68819
G1 X133.042 Y69.233 E2542.86889
G1 X133.721 Y69.233 E2542.91095
G1 X180.766 Y116.278 E2547.03217
G1 X180.766 Y115.599 E2547.07422
G1 X134.4 Y69.233 E2551.13596
G1 X135.079 Y69.233 E2551.17802
G1 X180.766 Y114.921 E2555.18032
G1 X180.766 Y114.242 E2555.22238
G1 X135.758 Y69.233 E2559.16519
G1 X136.436 Y69.233 E2559.20719
G1 X180.766 Y113.563 E2563.09057
G1 X180.766 Y112.884 E2563.13263
G1 X137.115 Y69.233 E2566.95653
G1 X137.794 Y69.233 E2566.99859
G1 X180.766 Y112.205 E2570.763
G1 X180.766 Y111.527 E2570.805
G1 X138.473 Y69.233 E2574.50998
G1 X139.152 Y69.233 E2574.55204
G1 X180.766 Y110.848 E2578.19753
G1 X180.766 Y110.169 E2578.23959
G1 X139.831 Y69.233 E2581.82561
G1 X140.509 Y69.233 E2581.8676
G1 X180.766 Y109.49 E2585.39418
G1 X180.766 Y108.811 E2585.43624
G1 X141.188 Y69.233 E2588.90334
G1 X141.867 Y69.233 E2588.9454
G1 X180.766 Y108.132 E2592.35301
G1 X180.766 Y107.454 E2592.39501
G1 X142.546 Y69.233 E2595.74318
G1 X143.225 Y69.233 E2595.78524
G1 X180.766 Y106.775 E2599.07394
G1 X180.766 Y106.096 E2599.116
G1 X143.904 Y69.233 E2602.34521
G1 X144.582 Y69.233 E2602.38721
G1 X180.766 Y105.417 E2605.55699
G1 X180.766 Y104.738 E2605.59905
G1 X145.261 Y69.233 E2608.70934
G1 X145.94 Y69.233 E2608.7514
G1 X180.766 Y104.059 E2611.80221
G1 X180.766 Y103.381 E2611.84421
G1 X146.619 Y69.233 E2614.83559
G1 X147.298 Y69.233 E2614.87765
G1 X180.766 Y102.702 E2617.80954
G1 X180.766 Y102.023 E2617.8516
G1 X147.976 Y69.233 E2620.72406
G1 X148.655 Y69.233 E2620.76612
G1 X180.766 Y101.344 E2623.57909
G1 X180.766 Y100.665 E2623.62115
G1 X149.334 Y69.233 E2626.37464
G1 X150.013 Y69.233 E2626.4167
G1 X180.766 Y99.987 E2629.11076
G1 X180.766 Y99.308 E2629.15282
G1 X150.692 Y69.233 E2631.78739
G1 X151.371 Y69.233 E2631.82945
G1 X180.766 Y98.629 E2634.40454
G1 X180.766 Y97.95 E2634.4466
G1 X152.049 Y69.233 E2636.96226
G1 X152.728 Y69.233 E2637.00432
G1 X180.766 Y97.271 E2639.46049
G1 X180.766 Y96.592 E2639.50255
G1 X153.407 Y69.233 E2641.89924
G1 X154.086 Y69.233 E2641.9413
G1 X180.766 Y95.914 E2644.27856
G1 X180.766 Y95.235 E2644.32062
G1 X154.765 Y69.233 E2646.59839
G1 X155.443 Y69.233 E2646.64039
G1 X180.766 Y94.556 E2648.85872
G1 X180.766 Y93.877 E2648.90078
G1 X156.122 Y69.233 E2651.05963
G1 X156.801 Y69.233 E2651.10169
G1 X180.766 Y93.198 E2653.20107
G1 X180.766 Y92.519 E2653.24313
G1 X157.48 Y69.233 E2655.28302
G1 X158.159 Y69.233 E2655.32508
G1 X180.766 Y91.841 E2657.30553
G1 X180.766 Y91.162 E2657.34759
G1 X158.838 Y69.233 E2659.26856
G1 X159.516 Y69.233 E2659.31056
G1 X180.766 Y90.483 E2661.17209
G1 X180.766 Y89.804 E2661.21415
G1 X160.195 Y69.233 E2663.0162
G1 X160.874 Y69.233 E2663.05826
G1 X180.766 Y89.125 E2664.80083
G1 X180.766 Y88.447 E2664.84283
G1 X161.553 Y69.233 E2666.52597
G1 X162.232 Y69.233 E2666.56803
G1 X180.766 Y87.768 E2668.19168
G1 X180.766 Y87.089 E2668.23374
G1 X172.984 Y79.306 E2668.9155
G1 X173.243 Y79.411 E2668.93281
G1 X173.838 Y79.482 E2668.96993
G1 X180.766 Y86.41 E2669.57683
G1 X180.766 Y85.731 E2669.61889
G1 X174.479 Y79.444 E2670.16964
G1 X174.755 Y79.41 E2670.18687
G1 X175.017 Y79.303 E2670.2044
G1 X180.766 Y85.052 E2670.70802
G1 X180.766 Y84.374 E2670.75002
G1 X175.507 Y79.114 E2671.21076
G1 X175.886 Y78.814 E2671.2407
G1 X180.766 Y83.695 E2671.66824
G1 X180.766 Y83.016 E2671.7103
G1 X176.24 Y78.489 E2672.10683
G1 X176.529 Y78.1 E2672.13684
G1 X180.766 Y82.337 E2672.50801
G1 X180.766 Y81.658 E2672.55007
G1 X176.753 Y77.645 E2672.90162
G1 X176.947 Y77.16 E2672.93397
G1 X180.766 Y80.979 E2673.26852
G1 X180.766 Y80.301 E2673.31052
G1 X176.99 Y76.525 E2673.64131
G1 X177 Y76.443 E2673.64642
G1 X176.908 Y75.764 E2673.68887
G1 X180.766 Y79.622 E2674.02683
G1 X180.766 Y78.943 E2674.06889
G1 X171.056 Y69.233 E2674.9195
G1 X171.735 Y69.233 E2674.96156
G1 X180.766 Y78.264 E2675.75269
G1 X180.766 Y77.585 E2675.79475
G1 X172.414 Y69.233 E2676.5264
G1 X173.093 Y69.233 E2676.56846
G1 X180.766 Y76.907 E2677.24067
G1 X180.766 Y76.228 E2677.28273
G1 X173.772 Y69.233 E2677.89546
G1 X174.451 Y69.233 E2677.93752
G1 X180.766 Y75.549 E2678.49077
G1 X180.766 Y74.87 E2678.53283
G1 X175.129 Y69.233 E2679.02664
G1 X175.808 Y69.233 E2679.0687
G1 X177.305 Y70.73 E2679.19984
G0 F1890 X177.599 Y71.024
G0 F10500 X177.166 Y69.233
G1 F2100 X177.541 Y69.608 E2679.23269
G1 X177.555 Y69.483 E2679.24048
G1 X177.661 Y69.233 E2679.2573
G1 X176.487 Y69.233 E2679.33002
G1 X177.468 Y70.214 E2679.41596
G1 X177.569 Y70.953 E2679.46216
G1 X177.854 Y71.629 E2679.50761
G1 X178.313 Y72.2 E2679.55299
G1 X178.531 Y72.378 E2679.57042
G0 F1890 X178.853 Y72.641
G0 F10500 X179.471 Y72.896
G1 F2100 X180.766 Y74.191 E2679.68386
G1 X180.766 Y73.512 E2679.72592
G1 X180.292 Y73.038 E2679.76745
G1 X180.633 Y72.99 E2679.78878
G0 F1890 X180.766 Y72.972
G0 F10500 X176.908 Y75.764
G1 F2100 X176.9 Y75.696 E2679.79302
G1 X176.589 Y74.961 E2679.84246
G1 X176.1 Y74.348 E2679.89103
G1 X175.486 Y73.882 E2679.93878
G1 X174.72 Y73.576 E2679.98987
G1 X170.378 Y69.233 E2680.37028
G1 X169.699 Y69.233 E2680.41234
G1 X173.961 Y73.495 E2680.7857
G1 X173.359 Y73.573 E2680.8233
G1 X169.02 Y69.233 E2681.20345
G1 X168.341 Y69.233 E2681.24551
G1 X172.835 Y73.727 E2681.63919
G1 X172.403 Y73.974 E2681.67001
G1 X167.662 Y69.233 E2682.08533
G1 X166.983 Y69.233 E2682.12739
G1 X172.015 Y74.265 E2682.5682
G1 X171.855 Y74.39 E2682.58078
G1 X171.685 Y74.613 E2682.59815
G1 X166.305 Y69.233 E2683.06945
G1 X165.626 Y69.233 E2683.11151
G1 X171.394 Y75.002 E2683.61684
G1 X171.196 Y75.482 E2683.649
G1 X164.947 Y69.233 E2684.19642
G1 X164.268 Y69.233 E2684.23848
G1 X171.058 Y76.023 E2684.8333
G1 X170.988 Y76.504 E2684.8634
G1 X171.01 Y76.654 E2684.8728
G1 X163.589 Y69.233 E2685.52289
G1 X162.911 Y69.233 E2685.56488
G1 X171.191 Y77.514 E2686.29027
G1 X171.401 Y78.02 E2686.3242
G1 X171.92 Y78.671 E2686.37578
G1 X172.183 Y78.868 E2686.39613
G0 F1890 X172.516 Y79.117
G1 F2100 E2684.39613
G0 F10500 X176.911 Y142.291
G1 F1500 E2686.39613
G1 F2100 X176.898 Y142.192 E2686.40232
G1 X176.639 Y141.593 E2686.44274
G1 X176.491 Y141.349 E2686.46042
G1 X176.1 Y140.842 E2686.50008
G1 X175.467 Y140.373 E2686.54888
G1 X174.696 Y140.076 E2686.60006
G1 X103.852 Y69.232 E2692.8061
G1 X103.173 Y69.232 E2692.84816
G1 X173.946 Y140.005 E2699.04799
G1 X173.343 Y140.081 E2699.08564
G1 X102.495 Y69.232 E2705.29208
G1 X101.816 Y69.232 E2705.33414
G1 X172.837 Y140.253 E2711.55569
G1 X172.364 Y140.459 E2711.58765
G1 X101.137 Y69.232 E2717.82725
G1 X100.458 Y69.232 E2717.86931
G1 X172.006 Y140.78 E2724.13703
G1 X171.835 Y140.919 E2724.15068
G1 X171.674 Y141.127 E2724.16697
G1 X99.779 Y69.232 E2730.46509
G1 X99.101 Y69.232 E2730.50708
G1 X171.386 Y141.518 E2736.83941
G1 X171.189 Y141.999 E2736.8716
G1 X98.422 Y69.232 E2743.24611
G1 X97.743 Y69.232 E2743.28817
G1 X171.056 Y142.546 E2749.71055
G1 X170.998 Y143.039 E2749.7413
G1 X171.019 Y143.187 E2749.75056
G1 X97.064 Y69.232 E2756.22913
G1 X96.385 Y69.232 E2756.27119
G1 X171.217 Y144.064 E2762.82659
G1 X171.441 Y144.574 E2762.8611
G1 X171.925 Y145.174 E2762.90885
G1 X172.349 Y145.492 E2762.94168
G0 F1890 X172.353 Y145.495
G0 X172.709 Y145.699
G1 F2100 E2760.94168
G0 F10500 X48.403 Y142.759
G1 F1500 E2762.94168
G1 F2100 X48.392 Y142.677 E2762.9468
G1 X48.08 Y141.95 E2762.99581
G1 X47.597 Y141.341 E2763.04396
G1 X47.009 Y140.901 E2763.08945
G1 X46.228 Y140.584 E2763.14166
G1 X39.233 Y133.59 E2763.75439
G1 X39.233 Y134.268 E2763.79639
G1 X45.466 Y140.501 E2764.34241
G1 X44.863 Y140.577 E2764.38005
G1 X39.233 Y134.947 E2764.87325
G1 X39.233 Y135.626 E2764.91531
G1 X44.354 Y140.747 E2765.36392
G1 X43.882 Y140.954 E2765.39584
G1 X39.233 Y136.305 E2765.8031
G1 X39.233 Y136.984 E2765.84516
G1 X43.513 Y141.264 E2766.2201
G1 X43.345 Y141.397 E2766.23337
G1 X43.184 Y141.613 E2766.25006
G1 X39.233 Y137.663 E2766.59613
G1 X39.233 Y138.341 E2766.63813
G1 X42.887 Y141.995 E2766.95822
G1 X42.693 Y142.48 E2766.99058
G1 X39.233 Y139.02 E2767.29368
G1 X39.233 Y139.699 E2767.33574
G1 X42.552 Y143.018 E2767.62649
G1 X42.487 Y143.631 E2767.66467
G1 X39.233 Y140.378 E2767.94969
G1 X39.233 Y141.057 E2767.99175
G1 X42.692 Y144.515 E2768.29472
G1 X42.918 Y145.033 E2768.32972
G1 X43.392 Y145.638 E2768.37733
G1 X43.69 Y145.867 E2768.40061
G0 F1890 X44.019 Y146.121
G0 F10500 X42.166 Y147.969
G1 F2100 X42.578 Y148.474 E2768.44098
G1 X44.869 Y150.765 E2768.64168
G1 X44.19 Y150.765 E2768.68374
G1 X42.969 Y149.544 E2768.7907
G1 X43.033 Y149.959 E2768.81671
G1 X42.999 Y150.253 E2768.83504
G1 X43.511 Y150.765 E2768.8799
G1 X43.042 Y150.765 E2768.90895
G0 F1890 X42.905 Y150.765
G0 X42.972 Y150.494
G1 F2100 E2766.90895
;MESH:NONMESH
G0 F300 X42.972 Y150.494 Z2.56
G0 F10500 X38.53 Y70.215
G0 X38.571 Y69.865
G0 X39.086 Y68.452
G0 X39.785 Y68.332
;TIME_ELAPSED:7934.619125
;LAYER:7
;TYPE:WALL-INNER
;MESH:Reloj carcasa piso.stl
G1 F1500 E2768.90895
G1 F1205 X40.215 Y68.306 E2768.93552
G1 F1212.6 X40.589 Y68.328 E2768.95849
G0 F10500 X41.314 Y68.456
G0 X39.782 Y68.582
G0 X38.49 Y69.084
G0 X38.539 Y69.203
G1 F1076.6 X38.824 Y68.83 E2768.9909
G1 F1072.6 X39.201 Y68.539 E2769.0239
G1 F1112 X39.709 Y68.334 E2769.06052
G1 F1082.7 X38.356 Y68.356 E2769.15342
G1 F1088.8 X38.329 Y69.742 E2769.24806
G1 F1125 X38.539 Y69.203 E2769.28628
G0 F10500 X38.328 Y69.82
G1 F1215.2 X38.306 Y70.215 E2769.31048
G1 F1202.5 X38.332 Y70.624 E2769.33581
G0 F10500 X38.452 Y71.314
G0 X43.921 Y78.103
G0 X44.365 Y78.442
G0 X44.934 Y78.678
G0 X45.517 Y78.751
G0 X46.628 Y78.511
G0 X46.545 Y78.309
G1 F1200 X46.035 Y78.514 E2769.36986
G1 X45.504 Y78.59 E2769.40308
G1 X44.954 Y78.515 E2769.43747
G1 X44.478 Y78.316 E2769.46943
G1 X44.043 Y77.997 E2769.50284
G1 X43.701 Y77.565 E2769.53697
G1 X43.478 Y77.027 E2769.57305
G1 X43.416 Y76.513 E2769.60512
G1 X43.475 Y75.979 E2769.6384
G1 X43.684 Y75.47 E2769.67248
G1 X44.01 Y75.04 E2769.7059
G1 X44.433 Y74.701 E2769.73948
G1 X44.987 Y74.477 E2769.7765
G1 X45.513 Y74.416 E2769.8093
G1 X46.021 Y74.476 E2769.84099
G1 X46.525 Y74.679 E2769.87464
G1 X46.962 Y75.008 E2769.90853
G1 X47.292 Y75.437 E2769.94205
G1 X47.504 Y75.917 E2769.97456
G1 X47.589 Y76.489 E2770.01038
G1 X47.521 Y77.022 E2770.04366
G1 X47.318 Y77.531 E2770.0776
G1 X46.996 Y77.95 E2770.11034
G1 X46.87 Y78.05 E2770.1203
G0 F1080 X46.545 Y78.309
G1 F2100 E2768.1203
G0 F10500 X46.628 Y78.511
G0 X47.75 Y143.483
G0 X47.678 Y144.065
G0 X47.17 Y145.09
G0 X46.997 Y144.957
G1 F1500 E2770.1203
G1 F1200 X46.569 Y145.296 E2770.15412
G1 X46.059 Y145.513 E2770.18846
G1 X45.546 Y145.586 E2770.22055
G1 X44.99 Y145.525 E2770.2552
G1 X44.473 Y145.321 E2770.28963
G1 X44.034 Y144.986 E2770.32383
G1 X43.703 Y144.564 E2770.35706
G1 X43.478 Y144.029 E2770.39301
G1 X43.416 Y143.513 E2770.4252
G1 X43.475 Y142.982 E2770.45829
G1 X43.679 Y142.475 E2770.49215
G1 X44.01 Y142.035 E2770.52625
G1 X44.439 Y141.706 E2770.55974
G1 X44.919 Y141.495 E2770.59222
G1 X45.521 Y141.413 E2770.62986
G1 X46.028 Y141.482 E2770.66155
G1 X46.529 Y141.681 E2770.69494
G1 X46.95 Y141.999 E2770.72762
G1 X47.296 Y142.432 E2770.76196
G1 X47.511 Y142.939 E2770.79607
G1 X47.589 Y143.49 E2770.83054
G1 X47.515 Y144.044 E2770.86516
G1 X47.316 Y144.521 E2770.89718
G1 X47.242 Y144.622 E2770.90493
G0 F1080 X46.997 Y144.957
G0 F10500 X47.17 Y145.09
G0 X46.64 Y145.44
G0 X39.146 Y148.214
G0 X38.907 Y148.402
G0 X38.456 Y148.886
G0 X38.328 Y149.62
G1 F1215.2 X38.306 Y150.015 E2770.92913
G1 F1202.5 X38.332 Y150.424 E2770.95447
G0 F10500 X38.452 Y151.114
G0 X38.797 Y151.51
G0 X38.9 Y151.46
G1 F1125 X38.773 Y151.267 E2770.96973
G1 F1152 X38.551 Y150.991 E2770.99259
G1 F1149.7 X38.332 Y150.486 E2771.02817
G1 F1152 X38.329 Y151.671 E2771.10464
G1 X38.628 Y151.667 E2771.12393
G1 F1122.8 X38.843 Y151.628 E2771.1384
G1 F1097.1 X39.12 Y151.629 E2771.15716
G1 X38.915 Y151.472 E2771.17466
G0 F1080 X38.9 Y151.46
G1 F2100 E2769.17466
G0 F10500 X38.797 Y151.51
G0 X40.073 Y151.654
G0 X172.887 Y145.017
G0 X172.969 Y144.819
G1 F1500 E2771.17466
G1 F1200 X172.544 Y144.489 E2771.20799
G1 X172.218 Y144.089 E2771.23995
G1 X171.996 Y143.583 E2771.27418
G1 X171.913 Y143.021 E2771.30937
G1 X171.974 Y142.497 E2771.34205
G1 X172.201 Y141.942 E2771.37919
G1 X172.5 Y141.549 E2771.40978
G1 X172.928 Y141.206 E2771.44375
G1 X173.441 Y140.988 E2771.47828
G1 X174.026 Y140.911 E2771.51483
G1 X174.517 Y140.982 E2771.54556
G1 X174.998 Y141.167 E2771.57748
G1 X175.454 Y141.501 E2771.6125
G1 X175.796 Y141.93 E2771.64648
G1 X176.015 Y142.445 E2771.68115
G1 X176.084 Y142.985 E2771.71487
G1 X176.024 Y143.519 E2771.74816
G1 X175.825 Y144.016 E2771.78132
G1 X175.485 Y144.466 E2771.81625
G1 X175.077 Y144.79 E2771.84853
G1 X174.577 Y145.005 E2771.88224
G1 X174.028 Y145.09 E2771.91665
G1 X173.481 Y145.024 E2771.95078
G1 X173.355 Y144.973 E2771.9592
G0 F1080 X172.969 Y144.819
G0 F10500 X172.887 Y145.017
G0 X177.797 Y151.51
G0 X177.904 Y151.455
G1 F1161.3 X177.807 Y151.303 E2771.97074
G1 F1195 X177.552 Y150.972 E2771.99673
G1 F1200 X177.358 Y150.517 E2772.02737
G1 X177.287 Y150.026 E2772.0581
G1 X177.345 Y149.531 E2772.08898
G1 X177.557 Y149.016 E2772.12347
G1 X177.849 Y148.655 E2772.15223
G1 X178.232 Y148.35 E2772.18256
G1 X178.703 Y148.153 E2772.21419
G1 X179.217 Y148.087 E2772.24629
G1 X179.683 Y148.148 E2772.2754
G1 X180.175 Y148.352 E2772.30839
G1 F1190.1 X180.527 Y148.627 E2772.33629
G1 F1161.3 X180.86 Y149.019 E2772.36921
G1 F1109.8 X181.085 Y149.501 E2772.40484
G1 F1084.7 X181.131 Y149.985 E2772.43816
G1 F1001.7 X181.09 Y150.505 E2772.47686
G1 F872.7 X180.926 Y151.041 E2772.5246
G1 F831.2 X180.537 Y151.55 E2772.5819
G1 X180.821 Y151.57 E2772.60736
G1 F827.6 X181.572 Y151.572 E2772.67481
G1 F826.4 X181.572 Y151.223 E2772.7062
G1 F923.1 X181.644 Y150.471 E2772.76704
G1 F1068.6 X181.657 Y149.985 E2772.80085
G1 F1066.7 X181.643 Y149.533 E2772.83237
G1 F1114.1 X181.68 Y148.317 E2772.91353
G1 F1200 X181.681 Y71.628 E2777.66393
G1 F1202.5 X181.681 Y71.523 E2777.67042
G1 X181.28 Y71.844 E2777.70217
G1 F1200 X180.817 Y72.042 E2777.73337
G1 X180.326 Y72.114 E2777.76411
G1 X179.822 Y72.053 E2777.79555
G1 X179.334 Y71.845 E2777.82841
G1 X178.962 Y71.565 E2777.85725
G1 X178.664 Y71.189 E2777.88697
G1 X178.464 Y70.733 E2777.91782
G1 X178.385 Y70.225 E2777.94966
G1 X178.446 Y69.723 E2777.98099
G1 X178.654 Y69.222 E2778.01459
G1 F1195 X178.93 Y68.869 E2778.04246
G1 F1182.8 X179.312 Y68.555 E2778.07354
G1 F1168.4 X179.817 Y68.331 E2778.10869
G1 F1180.3 X178.582 Y68.32 E2778.18646
G1 F1200 X41.867 Y68.32 E2786.65509
G1 F1187.6 X40.652 Y68.328 E2786.73114
G1 F1182.8 X41.173 Y68.549 E2786.76671
G1 F1192.5 X41.536 Y68.833 E2786.79544
G1 F1197.5 X41.842 Y69.217 E2786.82591
G1 F1200 X42.042 Y69.683 E2786.85733
G1 X42.115 Y70.183 E2786.88863
G1 X42.046 Y70.694 E2786.92057
G1 X41.839 Y71.185 E2786.95357
G1 X41.557 Y71.545 E2786.9819
G1 X41.187 Y71.837 E2787.0111
G1 X40.727 Y72.039 E2787.04222
G1 X40.223 Y72.114 E2787.07378
G1 X39.724 Y72.054 E2787.10491
G1 X39.227 Y71.849 E2787.13822
G1 F1195 X38.869 Y71.571 E2787.16641
G1 F1180.3 X38.556 Y71.188 E2787.19756
G1 F1163.6 X38.331 Y70.686 E2787.2327
G1 F1177.9 X38.321 Y71.671 E2787.29486
G1 F1197.5 X38.322 Y91.141 E2788.50342
G1 F1192.5 X38.324 Y110.611 E2789.717
G1 F1185.2 X38.325 Y130.081 E2790.93812
G1 F1180.3 X38.327 Y149.551 E2792.16426
G1 X38.553 Y149.022 E2792.20049
G1 F1190.1 X38.833 Y148.664 E2792.22888
G1 F1200 X39.221 Y148.355 E2792.2596
G1 X39.686 Y148.156 E2792.29093
G1 X40.212 Y148.086 E2792.3238
G1 X40.69 Y148.151 E2792.35368
G1 X41.162 Y148.347 E2792.38534
G1 X41.525 Y148.63 E2792.41385
G1 X41.829 Y148.999 E2792.44347
G1 X42.035 Y149.477 E2792.47571
G1 X42.114 Y149.968 E2792.50652
G1 X42.055 Y150.475 E2792.53813
G1 X41.85 Y150.97 E2792.57132
G1 F1197.5 X41.622 Y151.27 E2792.59471
G1 F1161.3 X41.528 Y151.424 E2792.60626
G1 F1129.4 X41.258 Y151.634 E2792.62877
G1 X41.601 Y151.634 E2792.65135
G1 F1161.3 X41.821 Y151.676 E2792.66568
G1 F1195 X177.628 Y151.675 E2801.11312
G1 F1161.3 X177.843 Y151.634 E2801.12713
G1 F1131.6 X178.142 Y151.635 E2801.14677
G1 X177.921 Y151.468 E2801.16496
G0 F1080 X177.904 Y151.455
G1 F2100 E2799.16496
G0 F10500 X177.797 Y151.51
G0 X177.414 Y151.054
G0 X177.194 Y150.525
G0 X172.877 Y78.513
G0 X172.961 Y78.311
G1 F1500 E2801.16496
G1 F1200 X172.54 Y77.993 E2801.19765
G1 X172.205 Y77.571 E2801.23102
G1 X171.989 Y77.061 E2801.26533
G1 X171.911 Y76.509 E2801.29986
G1 X171.987 Y75.95 E2801.33481
G1 X172.204 Y75.443 E2801.36897
G1 X172.505 Y75.041 E2801.40008
G1 X172.935 Y74.701 E2801.43403
G1 X173.474 Y74.477 E2801.47019
G1 X174.013 Y74.416 E2801.50379
G1 X174.517 Y74.476 E2801.53523
G1 X175.03 Y74.682 E2801.56947
G1 X175.464 Y75.01 E2801.60317
G1 X175.791 Y75.435 E2801.63639
G1 X176.015 Y75.944 E2801.67083
G1 X176.084 Y76.485 E2801.70462
G1 X176.024 Y77.02 E2801.73796
G1 X175.82 Y77.527 E2801.77182
G1 X175.495 Y77.958 E2801.80525
G1 X175.086 Y78.283 E2801.83761
G1 X174.553 Y78.513 E2801.87357
G1 X174.013 Y78.588 E2801.90734
G1 X173.475 Y78.521 E2801.94093
G1 X173.346 Y78.468 E2801.94957
G0 F1080 X172.961 Y78.311
G0 F10500 X172.877 Y78.513
G0 X173.434 Y78.678
G0 X174.017 Y78.751
G0 X174.57 Y78.676
G0 X175.14 Y78.44
G0 X175.603 Y78.079
G0 X175.942 Y77.635
G0 X176.178 Y77.065
G0 X178.292 Y69.68
G0 X178.512 Y69.15
G0 X178.687 Y68.923
G0 X179.186 Y68.452
G0 X179.885 Y68.332
G1 F1205 X180.315 Y68.306 E2801.97614
G1 F1212.6 X180.689 Y68.328 E2801.9991
G0 F10500 X181.237 Y68.56
G1 F1321.1 X181.703 Y68.919 E2802.0322
G1 F1288.6 X181.71 Y68.28 E2802.06906
G1 F1246.8 X180.74 Y68.326 E2802.12696
G1 F1277.2 X181.237 Y68.56 E2802.15893
G1 F2100 E2800.15893
G0 F10500 X181.414 Y68.456
G0 X181.917 Y69.78
G0 X181.97 Y70.185
G0 X181.918 Y70.618
G0 X181.739 Y71.047
G0 X181.491 Y71.37
G0 X179.862 Y72.279
G0 X179.947 Y71.585
;TYPE:WALL-OUTER
G1 F1500 E2802.15893
G1 F1200 X179.573 Y71.429 E2802.18404
G1 X179.303 Y71.22 E2802.20519
G1 X179.085 Y70.948 E2802.22678
G1 X178.927 Y70.59 E2802.25102
G1 X178.87 Y70.218 E2802.27433
G1 X178.915 Y69.845 E2802.2976
G1 X179.073 Y69.465 E2802.32309
G1 X179.3 Y69.186 E2802.34537
G1 F1202.5 X179.567 Y68.974 E2802.36645
G1 X179.921 Y68.821 E2802.39029
G1 X180.315 Y68.773 E2802.41482
G1 F1200 X180.625 Y68.811 E2802.43417
G1 X181.029 Y68.97 E2802.46106
G1 X181.274 Y69.16 E2802.48027
G1 X181.526 Y69.465 E2802.50477
G1 X181.681 Y69.846 E2802.53025
G1 F1230.8 X181.716 Y70.185 E2802.55084
G1 F1233.4 X181.686 Y70.534 E2802.57195
G1 F1205 X181.529 Y70.929 E2802.59817
G1 X181.299 Y71.213 E2802.62071
G1 F1202.5 X181.032 Y71.428 E2802.6419
G1 X180.685 Y71.577 E2802.66524
G1 F1200 X180.317 Y71.63 E2802.68827
G1 X179.973 Y71.588 E2802.70974
G0 F1080 X179.947 Y71.585
G1 F2100 E2800.70974
G0 F10500 X179.862 Y72.279
G0 X175.603 Y78.079
G0 X175.14 Y78.44
G0 X174.57 Y78.676
G0 X174.017 Y78.751
G0 X172.941 Y78.539
G0 X173.208 Y77.895
G1 F1500 E2802.70974
G1 F1200 X172.881 Y77.648 E2802.73512
G1 X172.625 Y77.326 E2802.76061
G1 X172.456 Y76.932 E2802.78716
G1 X172.397 Y76.53 E2802.81233
G1 X172.447 Y76.102 E2802.83902
G1 X172.62 Y75.682 E2802.86716
G1 X172.875 Y75.36 E2802.8926
G1 X173.179 Y75.119 E2802.91663
G1 X173.619 Y74.943 E2802.94599
G1 X174.013 Y74.893 E2802.97059
G1 X174.417 Y74.952 E2802.99588
G1 X174.77 Y75.094 E2803.01945
G1 X175.107 Y75.341 E2803.04533
G1 X175.378 Y75.679 E2803.07217
G1 X175.537 Y76.048 E2803.09706
G1 X175.604 Y76.485 E2803.12444
G1 X175.557 Y76.88 E2803.14908
G1 X175.399 Y77.289 E2803.17624
G1 X175.148 Y77.621 E2803.20202
G1 X174.817 Y77.88 E2803.22806
G1 X174.401 Y78.053 E2803.25596
G1 X174.011 Y78.107 E2803.28035
G1 X173.594 Y78.049 E2803.30643
G0 F1080 X173.584 Y78.048
G0 X173.208 Y77.895
G1 F2100 E2801.30643
G0 F10500 X172.941 Y78.539
G0 X171.75 Y143.017
G0 X171.824 Y143.569
G0 X172.06 Y144.14
G0 X172.351 Y144.514
G0 X172.944 Y145.04
G0 X173.21 Y144.398
G1 F1500 E2803.30643
G1 F1200 X172.88 Y144.147 E2803.33211
G1 X172.62 Y143.818 E2803.35809
G1 X172.455 Y143.428 E2803.38432
G1 X172.394 Y143.017 E2803.41006
G1 X172.444 Y142.614 E2803.43521
G1 X172.62 Y142.182 E2803.46411
G1 X172.855 Y141.878 E2803.48791
G1 X173.198 Y141.612 E2803.5148
G1 X173.555 Y141.46 E2803.53883
G1 X174.002 Y141.397 E2803.56679
G1 X174.398 Y141.447 E2803.59152
G1 X174.789 Y141.602 E2803.61757
G1 X175.12 Y141.851 E2803.64323
G1 X175.379 Y142.177 E2803.66902
G1 X175.547 Y142.573 E2803.69567
G1 X175.604 Y142.985 E2803.72143
G1 X175.557 Y143.38 E2803.74607
G1 X175.392 Y143.796 E2803.77379
G1 X175.155 Y144.111 E2803.79821
G1 X174.821 Y144.378 E2803.8247
G1 X174.425 Y144.546 E2803.85134
G1 X174.03 Y144.603 E2803.87606
G1 X173.604 Y144.556 E2803.90261
G1 X173.596 Y144.553 E2803.90314
G0 F1080 X173.21 Y144.398
G1 F2100 E2801.90314
G0 F10500 X172.944 Y145.04
G0 X177.792 Y151.525
G0 X177.843 Y152.145
G1 F1500 E2803.90314
G1 F1131.6 X178.12 Y152.146 E2803.92134
G1 F1014.1 X178.832 Y152.087 E2803.97371
G1 F933.5 X179.215 Y152.097 E2804.00421
G1 F930.5 X179.609 Y152.084 E2804.0357
G1 F1036 X180.821 Y152.158 E2804.12283
G1 F1197.5 X182.16 Y152.16 E2804.20594
G1 F1200 X182.16 Y71.938 E2809.17519
G1 F1202.5 X182.161 Y70.575 E2809.25944
G1 F1233.4 X182.172 Y70.185 E2809.28295
G1 F1230.8 X182.16 Y69.812 E2809.30549
G1 F1200 X182.16 Y67.84 E2809.42765
G1 X37.84 Y67.84 E2818.36736
G1 X37.84 Y152.16 E2823.59045
G1 F1197.5 X38.628 Y152.159 E2823.63936
G1 F1037.8 X39.832 Y152.087 E2823.72575
G1 F933.5 X40.215 Y152.097 E2823.75625
G1 F930.5 X40.609 Y152.084 E2823.78775
G1 F1010.5 X41.29 Y152.145 E2823.83804
G1 F1129.4 X41.601 Y152.145 E2823.85851
G1 F1161.3 X41.821 Y152.158 E2823.87261
G1 F1195 X177.628 Y152.159 E2832.32005
G1 F1161.3 X177.843 Y152.145 E2832.33384
G0 F10500 X177.792 Y151.525
G0 X178.869 Y151.462
G1 F986.3 X178.489 Y151.27 E2832.36593
G1 F1097.1 X178.218 Y151.051 E2832.38953
G1 F1149.7 X177.971 Y150.729 E2832.41577
G1 F1175.5 X177.823 Y150.385 E2832.43945
G1 F1187.6 X177.77 Y150.015 E2832.46285
G1 F1197.5 X177.823 Y149.627 E2832.48715
G1 F1200 X177.975 Y149.267 E2832.51136
G1 X178.168 Y149.017 E2832.53092
G1 X178.461 Y148.778 E2832.55435
G1 X178.807 Y148.628 E2832.57771
G1 X179.214 Y148.571 E2832.60316
G1 X179.556 Y148.616 E2832.62453
G1 X179.933 Y148.772 E2832.6498
G1 X180.214 Y149 E2832.67222
G1 F1202.5 X180.426 Y149.264 E2832.69315
G1 X180.581 Y149.646 E2832.71863
G1 F1200 X180.628 Y149.985 E2832.73983
G1 X180.587 Y150.335 E2832.76166
G1 X180.425 Y150.733 E2832.78828
G1 F1163.6 X180.209 Y151.025 E2832.81148
G1 F1064.7 X179.919 Y151.283 E2832.83858
G1 F958.4 X179.564 Y151.456 E2832.86921
G1 F929 X179.259 Y151.489 E2832.89375
G1 F932 X178.869 Y151.462 E2832.92493
G1 F2100 E2830.92493
G0 F10500 X177.824 Y151.529
G0 X46.752 Y145.429
G0 X46.324 Y144.879
G1 F1500 E2832.92493
G1 F1200 X45.927 Y145.047 E2832.95163
G1 X45.515 Y145.106 E2832.97741
G1 X45.086 Y145.048 E2833.00423
G1 X44.711 Y144.896 E2833.02929
G1 X44.389 Y144.655 E2833.05421
G1 X44.127 Y144.329 E2833.08012
G1 X43.943 Y143.881 E2833.11012
G1 X43.893 Y143.512 E2833.13318
G1 X43.945 Y143.102 E2833.15878
G1 X44.102 Y142.71 E2833.18494
G1 X44.354 Y142.377 E2833.21081
G1 X44.682 Y142.12 E2833.23662
G1 X45.074 Y141.955 E2833.26296
G1 X45.528 Y141.897 E2833.29131
G1 X45.911 Y141.951 E2833.31527
G1 X46.292 Y142.105 E2833.34073
G1 X46.603 Y142.338 E2833.3648
G1 X46.869 Y142.665 E2833.39091
G1 X47.044 Y143.068 E2833.41813
G1 X47.103 Y143.47 E2833.44329
G1 X47.056 Y143.896 E2833.46984
G1 X46.897 Y144.287 E2833.49599
G1 X46.649 Y144.62 E2833.52171
G0 F1080 X46.648 Y144.622
G0 X46.324 Y144.879
G1 F2100 E2831.52171
G0 F10500 X46.752 Y145.429
G0 X41.572 Y151.528
G0 X40.914 Y151.271
G1 F1500 E2833.52171
G1 F979.6 X40.564 Y151.456 E2833.55175
G1 F929 X40.259 Y151.489 E2833.57629
G1 F932 X39.869 Y151.462 E2833.60747
G1 F966.4 X39.485 Y151.281 E2833.64012
G1 F1072.6 X39.218 Y151.051 E2833.66454
G1 F1166 X38.973 Y150.73 E2833.69029
G1 F1202.5 X38.823 Y150.384 E2833.7136
G1 X38.77 Y150.017 E2833.73652
G1 X38.814 Y149.65 E2833.75937
G1 X38.973 Y149.269 E2833.78489
G1 X39.16 Y149.026 E2833.80384
G1 F1200 X39.467 Y148.772 E2833.82852
G1 X39.815 Y148.624 E2833.85195
G1 X40.211 Y148.57 E2833.87671
G1 X40.541 Y148.614 E2833.89733
G1 X40.919 Y148.767 E2833.92259
G1 X41.193 Y148.976 E2833.94393
G1 X41.433 Y149.282 E2833.96802
G1 X41.574 Y149.613 E2833.99031
G1 X41.63 Y149.982 E2834.01343
G1 X41.585 Y150.353 E2834.03658
G1 X41.43 Y150.728 E2834.06171
G1 F1163.6 X41.209 Y151.025 E2834.08536
G1 F1129.4 X40.966 Y151.219 E2834.10583
G1 F1090.9 X40.914 Y151.271 E2834.11084
G1 F2100 E2832.11084
G0 F10500 X41.572 Y151.528
G0 X41.988 Y151.05
G0 X42.208 Y150.52
G0 X46.568 Y78.536
G0 X46.301 Y77.889
G1 F1500 E2834.11084
G1 F1200 X45.905 Y78.052 E2834.13736
G1 X45.527 Y78.104 E2834.161
G1 X45.102 Y78.056 E2834.18749
G1 X44.712 Y77.897 E2834.21358
G1 X44.378 Y77.647 E2834.23942
G1 X44.119 Y77.321 E2834.26521
G1 X43.943 Y76.881 E2834.29457
G1 X43.893 Y76.512 E2834.31764
G1 X43.945 Y76.1 E2834.34336
G1 X44.11 Y75.7 E2834.37016
G1 X44.346 Y75.388 E2834.39439
G1 X44.679 Y75.119 E2834.42091
G1 X45.092 Y74.949 E2834.44858
G1 X45.511 Y74.893 E2834.47476
G1 X45.902 Y74.946 E2834.4992
G1 X46.29 Y75.102 E2834.52511
G1 X46.621 Y75.352 E2834.5508
G1 X46.878 Y75.68 E2834.57661
G1 X47.045 Y76.072 E2834.60301
G1 X47.106 Y76.485 E2834.62887
G1 X47.048 Y76.915 E2834.65574
G1 X46.895 Y77.292 E2834.68095
G1 X46.645 Y77.622 E2834.70659
G1 X46.629 Y77.634 E2834.70783
G0 F1080 X46.301 Y77.889
G1 F2100 E2832.70783
G0 F10500 X46.568 Y78.536
G0 X45.517 Y78.751
G0 X44.934 Y78.678
G0 X44.365 Y78.442
G0 X43.921 Y78.103
G0 X43.597 Y77.687
G0 X41.371 Y71.971
G0 X40.94 Y71.421
G1 F1500 E2834.70783
G1 F1200 X40.571 Y71.578 E2834.73267
G1 X40.217 Y71.63 E2834.75483
G1 X39.847 Y71.585 E2834.77792
G1 X39.467 Y71.428 E2834.80339
G1 X39.186 Y71.2 E2834.82581
G1 F1202.5 X38.974 Y70.933 E2834.84688
G1 X38.823 Y70.583 E2834.87044
G1 X38.77 Y70.217 E2834.8933
G1 X38.814 Y69.85 E2834.91615
G1 X38.973 Y69.469 E2834.94167
G1 X39.16 Y69.226 E2834.96062
G1 X39.466 Y68.974 E2834.98513
G1 X39.821 Y68.821 E2835.00902
G1 X40.215 Y68.773 E2835.03356
G1 F1200 X40.525 Y68.811 E2835.05291
G1 F1202.5 X40.927 Y68.97 E2835.07963
G1 X41.174 Y69.16 E2835.09889
G1 F1200 X41.425 Y69.463 E2835.12326
G1 X41.577 Y69.815 E2835.14701
G1 X41.63 Y70.184 E2835.17011
G1 X41.584 Y70.55 E2835.19295
G1 X41.431 Y70.922 E2835.21787
G1 X41.217 Y71.2 E2835.2396
G1 X41.091 Y71.301 E2835.24961
G0 F1080 X40.94 Y71.421
G1 F2100 E2833.24961
G0 F10500 X41.371 Y71.971
G0 X173.382 Y78.945
;TYPE:SKIN
G1 F1500 E2835.24961
G1 F2100 X174.008 Y79.02 E2835.28866
G1 X174.636 Y78.943 E2835.32785
G1 X175.293 Y78.673 E2835.37185
G1 X175.811 Y78.262 E2835.41281
G1 X176.2 Y77.741 E2835.45309
G1 X176.45 Y77.101 E2835.49565
G1 X176.519 Y76.448 E2835.53632
G1 X176.432 Y75.821 E2835.57553
G1 X176.172 Y75.21 E2835.61666
G1 X175.766 Y74.699 E2835.65709
G1 X175.25 Y74.307 E2835.69723
G1 X174.636 Y74.058 E2835.73827
G1 X174.014 Y73.974 E2835.77715
G1 X173.377 Y74.055 E2835.81693
G1 X172.863 Y74.263 E2835.85128
G1 X172.585 Y74.428 E2835.8713
G1 X172.199 Y74.732 E2835.90174
G1 X171.821 Y75.224 E2835.94017
G1 X171.568 Y75.835 E2835.98113
G1 X171.477 Y76.523 E2836.02412
G1 X171.57 Y77.171 E2836.06467
G1 X171.825 Y77.777 E2836.1054
G1 X172.252 Y78.32 E2836.14819
G1 X172.739 Y78.684 E2836.18585
G1 X172.997 Y78.789 E2836.2031
G0 F1890 X173.382 Y78.945
G1 F2100 E2834.2031
G0 F10500 X176.938 Y150.638
G1 F1500 E2836.2031
G1 F2100 X177.115 Y151.054 E2836.23111
G1 X177.229 Y151.248 E2836.24505
G1 X42.202 Y151.246 E2844.60911
G1 X42.415 Y150.736 E2844.64335
G1 X42.496 Y150.424 E2844.66332
G1 X42.55 Y149.973 E2844.69145
G1 X42.462 Y149.384 E2844.72834
G1 X42.204 Y148.785 E2844.76874
G1 X41.847 Y148.339 E2844.80413
G1 X41.372 Y147.966 E2844.84154
G1 X40.784 Y147.729 E2844.88081
G1 X40.212 Y147.649 E2844.91659
G1 X39.566 Y147.736 E2844.95697
G1 X39.114 Y147.932 E2844.98748
G1 X38.754 Y148.148 E2845.01349
G1 X38.754 Y72.059 E2849.72672
G1 X39.132 Y72.276 E2849.75372
G1 X39.486 Y72.423 E2849.77746
G1 X39.773 Y72.495 E2849.79579
G1 X40.231 Y72.551 E2849.82437
G1 X40.842 Y72.459 E2849.86265
G1 X41.393 Y72.224 E2849.89975
G1 X41.871 Y71.843 E2849.93762
G1 X42.215 Y71.405 E2849.97212
G1 X42.464 Y70.813 E2850.0119
G1 X42.551 Y70.18 E2850.05148
G1 X42.463 Y69.565 E2850.08996
G1 X42.283 Y69.141 E2850.11849
G1 X42.052 Y68.754 E2850.14641
G1 X178.472 Y68.752 E2858.59677
G1 X178.282 Y68.995 E2858.61587
G1 X178.024 Y69.608 E2858.65707
G1 X177.95 Y70.226 E2858.69563
G1 X178.037 Y70.822 E2858.73294
G1 X178.288 Y71.413 E2858.77271
G1 X178.655 Y71.862 E2858.80863
G1 X179.107 Y72.225 E2858.84454
G1 X179.715 Y72.477 E2858.88531
G1 X180.321 Y72.55 E2858.92312
G1 X180.93 Y72.464 E2858.96122
G1 X181.247 Y72.329 E2858.98256
G1 X181.247 Y148.302 E2863.68861
G1 X181.219 Y148.756 E2863.71678
G1 X180.806 Y148.296 E2863.75508
G1 X180.518 Y148.071 E2863.77771
G1 X180.244 Y147.915 E2863.79725
G1 X179.799 Y147.729 E2863.82712
G1 X179.219 Y147.65 E2863.86338
G1 X178.605 Y147.728 E2863.90172
G1 X177.999 Y147.985 E2863.94249
G1 X177.539 Y148.345 E2863.97868
G1 X177.157 Y148.85 E2864.0179
G1 X176.923 Y149.417 E2864.05589
G1 X176.85 Y150.026 E2864.09389
G1 X176.879 Y150.227 E2864.10647
G0 F1890 X176.938 Y150.638
G0 F10500 X172.264 Y144.828
G1 F2100 X172.655 Y145.12 E2864.1367
G1 X172.873 Y145.245 E2864.15226
G1 X173.376 Y145.449 E2864.18589
G1 X174.027 Y145.521 E2864.22646
G1 X174.667 Y145.434 E2864.26647
G1 X175.288 Y145.168 E2864.30831
G1 X175.798 Y144.77 E2864.34839
G1 X176.198 Y144.235 E2864.38976
G1 X176.45 Y143.6 E2864.43208
G1 X176.519 Y142.949 E2864.47263
G1 X176.432 Y142.321 E2864.51191
G1 X176.22 Y141.828 E2864.54515
G1 X176.089 Y141.61 E2864.5609
G1 X175.761 Y141.189 E2864.59396
G1 X175.236 Y140.796 E2864.63458
G1 X174.624 Y140.561 E2864.67519
G1 X174.01 Y140.481 E2864.71355
G1 X173.338 Y140.565 E2864.7555
G1 X172.724 Y140.821 E2864.7967
G1 X172.192 Y141.244 E2864.8388
G1 X171.82 Y141.728 E2864.87662
G1 X171.556 Y142.376 E2864.91996
G1 X171.482 Y143.028 E2864.96061
G1 X171.568 Y143.675 E2865.00104
G1 X171.854 Y144.323 E2865.04491
G1 X172.002 Y144.505 E2865.05944
G0 F1890 X172.264 Y144.828
G1 F2100 E2863.05944
G0 F10500 X47.309 Y145.263
G1 F1500 E2865.05944
G1 F2100 X47.699 Y144.743 E2865.09971
G1 X47.934 Y144.157 E2865.13882
G1 X48.023 Y143.475 E2865.18142
G1 X47.925 Y142.812 E2865.22293
G1 X47.67 Y142.212 E2865.26332
G1 X47.242 Y141.676 E2865.30581
G1 X46.74 Y141.304 E2865.34451
G1 X46.118 Y141.054 E2865.38603
G1 X45.519 Y140.979 E2865.42343
G1 X44.819 Y141.064 E2865.46711
G1 X44.211 Y141.336 E2865.50837
G1 X43.692 Y141.736 E2865.54895
G1 X43.297 Y142.263 E2865.58975
G1 X43.049 Y142.882 E2865.63106
G1 X42.983 Y143.526 E2865.67116
G1 X43.056 Y144.134 E2865.70909
G1 X43.331 Y144.786 E2865.75292
G1 X43.729 Y145.294 E2865.7929
G1 X44.245 Y145.69 E2865.83319
G1 X44.848 Y145.938 E2865.87358
G1 X45.522 Y146.026 E2865.91568
G1 X46.183 Y145.931 E2865.95705
G1 X46.787 Y145.674 E2865.99771
G1 X46.982 Y145.52 E2866.0131
G0 F1890 X47.309 Y145.263
G1 F2100 E2864.0131
G0 F10500 X47.678 Y144.065
G0 X47.717 Y143.736
G0 X46.802 Y78.663
G1 F1500 E2866.0131
G1 F2100 X47.307 Y78.261 E2866.05308
G1 X47.689 Y77.753 E2866.09245
G1 X47.942 Y77.133 E2866.13393
G1 X48.023 Y76.443 E2866.17697
G1 X47.919 Y75.794 E2866.21768
G1 X47.672 Y75.21 E2866.25696
G1 X47.264 Y74.691 E2866.29785
G1 X46.739 Y74.299 E2866.33844
G1 X46.132 Y74.054 E2866.37898
G1 X45.513 Y73.975 E2866.41764
G1 X44.879 Y74.054 E2866.45721
G1 X44.216 Y74.327 E2866.50163
G1 X43.688 Y74.743 E2866.54327
G1 X43.31 Y75.254 E2866.58264
G1 X43.052 Y75.872 E2866.62412
G1 X42.98 Y76.552 E2866.66648
G1 X43.057 Y77.13 E2866.7026
G1 X43.261 Y77.634 E2866.73628
G1 X43.41 Y77.89 E2866.75463
G1 X43.736 Y78.308 E2866.78746
G1 X44.232 Y78.681 E2866.8259
G1 X44.83 Y78.929 E2866.86601
G1 X45.502 Y79.024 E2866.90805
G1 X46.158 Y78.934 E2866.94906
G1 X46.419 Y78.824 E2866.96661
G0 F1890 X46.802 Y78.663
G1 F2100 E2864.96661
G0 F10500 X177.547 Y69.543
G1 F1500 E2866.96661
G1 F2100 X177.465 Y70.235 E2867.00977
G1 X177.473 Y70.296 E2867.01358
G1 X174.248 Y73.522 E2867.29614
G1 X174.765 Y73.594 E2867.32847
G1 X174.829 Y73.619 E2867.33273
G1 X177.559 Y70.889 E2867.57188
G1 X177.569 Y70.953 E2867.5759
G1 X177.748 Y71.379 E2867.60452
G1 X175.313 Y73.814 E2867.81783
G1 X175.486 Y73.882 E2867.82934
G1 X175.735 Y74.071 E2867.84871
G1 X177.997 Y71.808 E2868.0469
G1 X178.3 Y72.184 E2868.07682
G1 X176.117 Y74.367 E2868.26805
G1 X176.418 Y74.746 E2868.29803
G1 X178.671 Y72.492 E2868.49544
G1 X178.853 Y72.641 E2868.51001
G1 X179.1 Y72.742 E2868.52654
G1 X176.676 Y75.166 E2868.73889
G1 X176.878 Y75.643 E2868.77097
G1 X179.581 Y72.94 E2869.00776
G1 X179.59 Y72.945 E2869.0084
G1 X180.183 Y73.017 E2869.0454
G1 X176.971 Y76.228 E2869.32673
G1 X177 Y76.443 E2869.34017
G1 X176.949 Y76.929 E2869.37044
G1 X180.766 Y73.113 E2869.70477
G1 X180.766 Y73.792 E2869.74683
G1 X176.648 Y77.909 E2870.10753
G1 X176.621 Y77.978 E2870.11212
G1 X176.158 Y78.599 E2870.16011
G1 X175.535 Y79.092 E2870.20932
G1 X175.419 Y79.139 E2870.21707
G1 X174.755 Y79.41 E2870.26149
G1 X174.429 Y79.449 E2870.28183
G1 X103.112 Y150.767 E2876.52936
G1 X102.433 Y150.767 E2876.57142
G1 X173.731 Y79.468 E2882.81728
G1 X173.243 Y79.411 E2882.84771
G1 X173.149 Y79.372 E2882.85402
G1 X101.754 Y150.767 E2889.10833
G1 X101.075 Y150.767 E2889.15039
G1 X172.665 Y79.177 E2895.42179
G1 X172.516 Y79.117 E2895.43174
G1 X172.248 Y78.915 E2895.45253
G1 X100.397 Y150.767 E2901.74683
G1 X99.718 Y150.767 E2901.78889
G1 X171.872 Y78.612 E2908.10974
G1 X171.572 Y78.234 E2908.13963
G1 X99.039 Y150.767 E2914.49364
G1 X98.36 Y150.767 E2914.5357
G1 X171.315 Y77.812 E2920.92667
G1 X171.115 Y77.333 E2920.95883
G1 X97.681 Y150.767 E2927.39176
G1 X97.003 Y150.767 E2927.43376
G1 X171.024 Y76.745 E2933.91816
G1 X170.988 Y76.504 E2933.93326
G1 X171.055 Y76.035 E2933.9626
G1 X96.324 Y150.767 E2940.5092
G1 X95.645 Y150.767 E2940.55126
G1 X171.382 Y75.029 E2947.18598
G1 X171.401 Y74.983 E2947.18907
G1 X171.854 Y74.391 E2947.23524
G1 X172.299 Y74.042 E2947.27027
G1 X172.473 Y73.938 E2947.28283
G1 X172.662 Y73.826 E2947.29644
G1 X173.224 Y73.59 E2947.3342
G1 X173.54 Y73.55 E2947.35393
G1 X177.253 Y69.837 E2947.67919
G0 F1890 X177.547 Y69.543
G1 F2100 E2945.67919
G0 F10500 X180.766 Y147.105
G1 F1500 E2947.67919
G1 F2100 X180.406 Y147.464 E2947.71068
G1 X180.766 Y147.662 E2947.73613
G1 X180.766 Y146.426 E2947.8127
G1 X179.928 Y147.263 E2947.88606
G1 X179.331 Y147.182 E2947.92338
G1 X180.766 Y145.747 E2948.04909
G1 X180.766 Y145.068 E2948.09115
G1 X178.582 Y147.252 E2948.28247
G1 X178.455 Y147.269 E2948.29041
G1 X177.747 Y147.573 E2948.33814
G1 X177.168 Y148.034 E2948.38398
G1 X176.744 Y148.59 E2948.42729
G1 X176.613 Y148.907 E2948.44854
G0 F1890 X176.454 Y149.291
G0 F10500 X176.464 Y150.728
G1 F2100 X176.469 Y150.767 E2948.45098
G1 X175.745 Y150.767 E2948.49582
G1 X176.379 Y150.134 E2948.55132
G1 X176.365 Y150.035 E2948.55751
G1 X176.441 Y149.393 E2948.59756
G1 X175.066 Y150.767 E2948.71797
G1 X174.388 Y150.767 E2948.75996
G1 X180.766 Y144.389 E2949.31869
G1 X180.766 Y143.71 E2949.36075
G1 X173.709 Y150.767 E2949.97895
G1 X173.03 Y150.767 E2950.02101
G1 X180.766 Y143.032 E2950.69865
G1 X180.766 Y142.353 E2950.74071
G1 X172.351 Y150.767 E2951.47784
G1 X171.672 Y150.767 E2951.5199
G1 X180.766 Y141.674 E2952.3165
G1 X180.766 Y140.995 E2952.35856
G1 X170.993 Y150.767 E2953.21465
G1 X170.315 Y150.767 E2953.25665
G1 X175.18 Y145.902 E2953.68283
G0 F1890 X175.474 Y145.608
G0 F10500 X176.178 Y143.565
G0 X176.25 Y142.983
G0 X176.176 Y142.431
G0 X175.94 Y141.86
G0 X175.579 Y141.397
G0 X175.135 Y141.058
G0 X174.677 Y140.869
G0 X172.564 Y140.372
G1 F2100 X172.449 Y140.422 E2953.6906
G1 X171.835 Y140.919 E2953.73953
G1 X171.401 Y141.48 E2953.78346
G1 X171.363 Y141.574 E2953.78974
G1 X162.169 Y150.767 E2954.59511
G1 X162.848 Y150.767 E2954.63717
G1 X171.054 Y142.561 E2955.35603
G1 X170.998 Y143.039 E2955.38584
G1 X171.029 Y143.265 E2955.39997
G1 X163.526 Y150.767 E2956.0572
G1 X164.205 Y150.767 E2956.09926
G1 X171.122 Y143.85 E2956.7052
G1 X171.329 Y144.322 E2956.73712
G1 X164.884 Y150.767 E2957.30172
G1 X165.563 Y150.767 E2957.34378
G1 X171.582 Y144.749 E2957.87101
G1 X171.884 Y145.125 E2957.90088
G1 X166.242 Y150.767 E2958.39513
G1 X166.921 Y150.767 E2958.43719
G1 X172.251 Y145.437 E2958.9041
G1 X172.683 Y145.683 E2958.9349
G1 X167.599 Y150.767 E2959.38026
G1 X168.278 Y150.767 E2959.42232
G1 X173.165 Y145.881 E2959.85039
G1 X173.253 Y145.917 E2959.85628
G1 X173.749 Y145.975 E2959.88721
G1 X168.957 Y150.767 E2960.307
G1 X169.636 Y150.767 E2960.34906
G1 X174.458 Y145.946 E2960.77143
G1 X174.803 Y145.9 E2960.79299
G1 X175.532 Y145.583 E2960.84223
G1 X176.145 Y145.103 E2960.89046
G1 X176.63 Y144.452 E2960.94075
G1 X180.766 Y140.316 E2961.30307
G1 X180.766 Y139.638 E2961.34506
G1 X176.947 Y143.456 E2961.67957
G1 X177 Y142.944 E2961.71145
G1 X176.974 Y142.75 E2961.72358
G1 X180.766 Y138.959 E2962.05572
G1 X180.766 Y138.28 E2962.09778
G1 X176.885 Y142.16 E2962.43772
G1 X176.68 Y141.687 E2962.46965
G1 X180.766 Y137.601 E2962.82759
G1 X180.766 Y136.922 E2962.86965
G1 X176.425 Y141.263 E2963.24993
G1 X176.129 Y140.88 E2963.27991
G1 X180.766 Y136.243 E2963.68612
G1 X180.766 Y135.565 E2963.72812
G1 X175.748 Y140.582 E2964.16766
G1 X175.467 Y140.373 E2964.18935
G1 X175.33 Y140.321 E2964.19843
G1 X180.766 Y134.886 E2964.67459
G1 X180.766 Y134.207 E2964.71665
G1 X174.84 Y140.133 E2965.23578
G1 X174.74 Y140.093 E2965.24245
G1 X174.262 Y140.031 E2965.2723
G1 X180.766 Y133.528 E2965.84202
G1 X180.766 Y132.849 E2965.88408
G1 X173.56 Y140.055 E2966.51534
G1 X173.194 Y140.1 E2966.53818
G1 X172.564 Y140.372 E2966.58069
G1 X180.766 Y132.17 E2967.29919
G1 X180.766 Y131.492 E2967.34119
G1 X161.49 Y150.767 E2969.02976
G1 X160.811 Y150.767 E2969.07182
G1 X180.766 Y130.813 E2970.81986
G1 X180.766 Y130.134 E2970.86192
G1 X160.132 Y150.767 E2972.66945
G1 X159.453 Y150.767 E2972.71151
G1 X180.766 Y129.455 E2974.57852
G1 X180.766 Y128.776 E2974.62058
G1 X158.775 Y150.767 E2976.54702
G1 X158.096 Y150.767 E2976.58908
G1 X180.766 Y128.098 E2978.57497
G1 X180.766 Y127.419 E2978.61703
G1 X157.417 Y150.767 E2980.66239
G1 X156.738 Y150.767 E2980.70445
G1 X180.766 Y126.74 E2982.8093
G1 X180.766 Y126.061 E2982.85136
G1 X156.059 Y150.767 E2985.01569
G1 X155.381 Y150.767 E2985.05769
G1 X180.766 Y125.382 E2987.28145
G1 X180.766 Y124.703 E2987.32351
G1 X154.702 Y150.767 E2989.60676
G1 X154.023 Y150.767 E2989.64882
G1 X180.766 Y124.025 E2991.99151
G1 X180.766 Y123.346 E2992.03357
G1 X153.344 Y150.767 E2994.43573
G1 X152.665 Y150.767 E2994.47779
G1 X180.766 Y122.667 E2996.93944
G1 X180.766 Y121.988 E2996.9815
G1 X151.986 Y150.767 E2999.50263
G1 X151.308 Y150.767 E2999.54463
G1 X180.766 Y121.309 E3002.1252
G1 X180.766 Y120.631 E3002.16719
G1 X150.629 Y150.767 E3004.8072
G1 X149.95 Y150.767 E3004.84926
G1 X180.766 Y119.952 E3007.54874
G1 X180.766 Y119.273 E3007.5908
G1 X149.271 Y150.767 E3010.34977
G1 X148.592 Y150.767 E3010.39183
G1 X180.766 Y118.594 E3013.21028
G1 X180.766 Y117.915 E3013.25234
G1 X147.914 Y150.767 E3016.13023
G1 X147.235 Y150.767 E3016.17229
G1 X180.766 Y117.236 E3019.10966
G1 X180.766 Y116.558 E3019.15166
G1 X146.556 Y150.767 E3022.14846
G1 X145.877 Y150.767 E3022.19052
G1 X180.766 Y115.879 E3025.24681
G1 X180.766 Y115.2 E3025.28887
G1 X145.198 Y150.767 E3028.40464
G1 X144.519 Y150.767 E3028.4467
G1 X180.766 Y114.521 E3031.62195
G1 X180.766 Y113.842 E3031.66401
G1 X143.841 Y150.767 E3034.8987
G1 X143.162 Y150.767 E3034.94076
G1 X180.766 Y113.163 E3038.23493
G1 X180.766 Y112.485 E3038.27693
G1 X142.483 Y150.767 E3041.63053
G1 X141.804 Y150.767 E3041.67259
G1 X180.766 Y111.806 E3045.08568
G1 X180.766 Y111.127 E3045.12774
G1 X141.125 Y150.767 E3048.60031
G1 X140.446 Y150.767 E3048.64237
G1 X180.766 Y110.448 E3052.17442
G1 X180.766 Y109.769 E3052.21648
G1 X139.768 Y150.767 E3055.80797
G1 X139.089 Y150.767 E3055.85003
G1 X180.766 Y109.091 E3059.50096
G1 X180.766 Y108.412 E3059.54302
G1 X138.41 Y150.767 E3063.25343
G1 X137.731 Y150.767 E3063.29549
G1 X180.766 Y107.733 E3067.06538
G1 X180.766 Y107.054 E3067.10744
G1 X137.052 Y150.767 E3070.93681
G1 X136.374 Y150.767 E3070.97881
G1 X180.766 Y106.375 E3074.86762
G1 X180.766 Y105.696 E3074.90968
G1 X135.695 Y150.767 E3078.85797
G1 X135.016 Y150.767 E3078.90003
G1 X180.766 Y105.018 E3082.90776
G1 X180.766 Y104.339 E3082.94982
G1 X134.337 Y150.767 E3087.01703
G1 X133.658 Y150.767 E3087.05909
G1 X180.766 Y103.66 E3091.18578
G1 X180.766 Y102.981 E3091.22784
G1 X132.979 Y150.767 E3095.41401
G1 X132.301 Y150.767 E3095.45601
G1 X180.766 Y102.302 E3099.70162
G1 X180.766 Y101.623 E3099.74368
G1 X131.622 Y150.767 E3104.04877
G1 X130.944 Y150.767 E3104.09077
G1 X180.766 Y100.945 E3108.45526
G1 X180.766 Y100.266 E3108.49732
G1 X130.265 Y150.767 E3112.92128
G1 X129.586 Y150.767 E3112.96334
G1 X180.766 Y99.587 E3117.44679
G1 X180.766 Y98.908 E3117.48885
G1 X128.907 Y150.767 E3122.03178
G1 X128.228 Y150.767 E3122.07384
G1 X180.766 Y98.229 E3126.67626
G1 X180.766 Y97.551 E3126.71825
G1 X127.55 Y150.767 E3131.38006
G1 X126.871 Y150.767 E3131.42212
G1 X180.766 Y96.872 E3136.14341
G1 X180.766 Y96.193 E3136.18547
G1 X126.192 Y150.767 E3140.96624
G1 X125.513 Y150.767 E3141.0083
G1 X180.766 Y95.514 E3145.84855
G1 X180.766 Y94.835 E3145.89061
G1 X124.834 Y150.767 E3150.79034
G1 X124.155 Y150.767 E3150.8324
G1 X180.766 Y94.156 E3155.79161
G1 X180.766 Y93.478 E3155.83361
G1 X123.477 Y150.767 E3160.85222
G1 X122.798 Y150.767 E3160.89428
G1 X180.766 Y92.799 E3165.97236
G1 X180.766 Y92.12 E3166.01442
G1 X122.119 Y150.767 E3171.15199
G1 X121.44 Y150.767 E3171.19405
G1 X180.766 Y91.441 E3176.39111
G1 X180.766 Y90.762 E3176.43317
G1 X120.761 Y150.767 E3181.6897
G1 X120.082 Y150.767 E3181.73176
G1 X180.766 Y90.083 E3187.04777
G1 X180.766 Y89.405 E3187.08977
G1 X119.404 Y150.767 E3192.46518
G1 X118.725 Y150.767 E3192.50724
G1 X180.766 Y88.726 E3197.94213
G1 X180.766 Y88.047 E3197.98419
G1 X118.046 Y150.767 E3203.47856
G1 X117.367 Y150.767 E3203.52062
G1 X180.766 Y87.368 E3209.07447
G1 X180.766 Y86.689 E3209.11653
G1 X116.688 Y150.767 E3214.72987
G1 X116.01 Y150.767 E3214.77187
G1 X180.766 Y86.011 E3220.44459
G1 X180.766 Y85.332 E3220.48665
G1 X115.331 Y150.767 E3226.21886
G1 X114.652 Y150.767 E3226.26092
G1 X180.766 Y84.653 E3232.05261
G1 X180.766 Y83.974 E3232.09467
G1 X113.973 Y150.767 E3237.94585
G1 X113.294 Y150.767 E3237.98791
G1 X180.766 Y83.295 E3243.89856
G1 X180.766 Y82.616 E3243.94062
G1 X112.615 Y150.767 E3249.91076
G1 X111.937 Y150.767 E3249.95275
G1 X180.766 Y81.938 E3255.98228
G1 X180.766 Y81.259 E3256.02434
G1 X111.258 Y150.767 E3262.11335
G1 X110.579 Y150.767 E3262.15541
G1 X180.766 Y80.58 E3268.30391
G1 X180.766 Y79.901 E3268.34597
G1 X109.9 Y150.767 E3274.55394
G1 X109.221 Y150.767 E3274.596
G1 X180.766 Y79.222 E3280.86346
G1 X180.766 Y78.544 E3280.90545
G1 X108.543 Y150.767 E3287.2323
G1 X107.864 Y150.767 E3287.27436
G1 X180.766 Y77.865 E3293.66069
G1 X180.766 Y77.186 E3293.70275
G1 X107.185 Y150.767 E3300.14857
G1 X106.506 Y150.767 E3300.19062
G1 X180.766 Y76.507 E3306.69592
G1 X180.766 Y75.828 E3306.73798
G1 X105.827 Y150.767 E3313.30275
G1 X105.148 Y150.767 E3313.34481
G1 X180.766 Y75.149 E3319.96907
G1 X180.766 Y74.471 E3320.01107
G1 X104.47 Y150.767 E3326.69472
G1 X103.791 Y150.767 E3326.73678
G1 X175.125 Y79.433 E3332.98575
G0 F1890 X175.419 Y79.139
G0 F10500 X173.434 Y78.678
G0 X172.865 Y78.442
G0 X172.421 Y78.103
G0 X172.06 Y77.64
G0 X171.824 Y77.069
G0 X171.75 Y76.517
G0 X171.807 Y76.047
G0 X172.473 Y73.938
G1 F2100 X177.179 Y69.232 E3333.398
G1 X176.5 Y69.232 E3333.44006
G1 X94.966 Y150.767 E3340.58261
G1 X94.287 Y150.767 E3340.62467
G1 X175.822 Y69.232 E3347.76727
G1 X175.143 Y69.232 E3347.80933
G1 X93.608 Y150.767 E3354.95192
G1 X92.93 Y150.767 E3354.99392
G1 X174.464 Y69.232 E3362.13647
G1 X173.785 Y69.232 E3362.17853
G1 X92.251 Y150.767 E3369.32109
G1 X91.572 Y150.767 E3369.36314
G1 X173.106 Y69.232 E3376.5057
G1 X172.427 Y69.232 E3376.54776
G1 X90.893 Y150.767 E3383.69031
G1 X90.214 Y150.767 E3383.73237
G1 X171.749 Y69.232 E3390.87496
G1 X171.07 Y69.232 E3390.91702
G1 X89.535 Y150.767 E3398.05962
G1 X88.857 Y150.767 E3398.10162
G1 X170.391 Y69.232 E3405.24417
G1 X169.712 Y69.232 E3405.28623
G1 X88.178 Y150.767 E3412.42878
G1 X87.499 Y150.767 E3412.47084
G1 X169.033 Y69.232 E3419.61339
G1 X168.355 Y69.232 E3419.65539
G1 X86.821 Y150.766 E3426.7979
G1 X86.142 Y150.766 E3426.83995
G1 X167.676 Y69.232 E3433.98246
G1 X166.997 Y69.232 E3434.02452
G1 X85.463 Y150.766 E3441.16703
G1 X84.784 Y150.766 E3441.20909
G1 X166.318 Y69.232 E3448.3516
G1 X165.639 Y69.232 E3448.39366
G1 X84.106 Y150.766 E3455.53612
G1 X83.427 Y150.766 E3455.57818
G1 X164.96 Y69.232 E3462.72064
G1 X164.282 Y69.232 E3462.76264
G1 X82.748 Y150.766 E3469.90515
G1 X82.069 Y150.766 E3469.94721
G1 X163.603 Y69.232 E3477.08972
G1 X162.924 Y69.232 E3477.13178
G1 X81.39 Y150.766 E3484.27429
G1 X80.711 Y150.766 E3484.31635
G1 X162.245 Y69.232 E3491.45885
G1 X161.566 Y69.232 E3491.50091
G1 X80.033 Y150.766 E3498.64338
G1 X79.354 Y150.766 E3498.68544
G1 X160.888 Y69.232 E3505.82794
G1 X160.209 Y69.232 E3505.87
G1 X78.675 Y150.766 E3513.01251
G1 X77.996 Y150.766 E3513.05457
G1 X159.53 Y69.232 E3520.19708
G1 X158.851 Y69.232 E3520.23914
G1 X77.317 Y150.766 E3527.38165
G1 X76.639 Y150.766 E3527.42364
G1 X158.172 Y69.232 E3534.56611
G1 X157.493 Y69.232 E3534.60817
G1 X75.96 Y150.766 E3541.75063
G1 X75.281 Y150.766 E3541.79269
G1 X156.815 Y69.232 E3548.9352
G1 X156.136 Y69.232 E3548.97726
G1 X74.602 Y150.766 E3556.11977
G1 X73.923 Y150.766 E3556.16183
G1 X155.457 Y69.232 E3563.30433
G1 X154.778 Y69.232 E3563.34639
G1 X73.244 Y150.766 E3570.4889
G1 X72.566 Y150.766 E3570.5309
G1 X154.099 Y69.232 E3577.67336
G1 X153.42 Y69.232 E3577.71542
G1 X71.887 Y150.766 E3584.85789
G1 X71.208 Y150.766 E3584.89995
G1 X152.742 Y69.232 E3592.04245
G1 X152.063 Y69.232 E3592.08451
G1 X70.529 Y150.766 E3599.22702
G1 X69.85 Y150.766 E3599.26908
G1 X151.384 Y69.232 E3606.41159
G1 X150.705 Y69.232 E3606.45365
G1 X69.172 Y150.766 E3613.59611
G1 X68.493 Y150.766 E3613.63817
G1 X150.026 Y69.232 E3620.78064
G1 X149.348 Y69.232 E3620.82263
G1 X67.814 Y150.766 E3627.96514
G1 X67.135 Y150.766 E3628.0072
G1 X148.669 Y69.232 E3635.14971
G1 X147.99 Y69.232 E3635.19177
G1 X66.456 Y150.766 E3642.33428
G1 X65.777 Y150.766 E3642.37634
G1 X147.311 Y69.232 E3649.51884
G1 X146.632 Y69.232 E3649.5609
G1 X65.099 Y150.766 E3656.70337
G1 X64.42 Y150.766 E3656.74543
G1 X145.953 Y69.232 E3663.88789
G1 X145.275 Y69.232 E3663.92989
G1 X63.741 Y150.766 E3671.0724
G1 X63.062 Y150.766 E3671.11446
G1 X144.596 Y69.232 E3678.25697
G1 X143.917 Y69.232 E3678.29902
G1 X62.383 Y150.766 E3685.44153
G1 X61.704 Y150.766 E3685.48359
G1 X143.238 Y69.232 E3692.6261
G1 X142.559 Y69.232 E3692.66816
G1 X61.026 Y150.766 E3699.81062
G1 X60.347 Y150.766 E3699.85268
G1 X141.88 Y69.232 E3706.99515
G1 X141.202 Y69.232 E3707.03715
G1 X59.668 Y150.766 E3714.17965
G1 X58.989 Y150.766 E3714.22171
G1 X140.523 Y69.232 E3721.36422
G1 X139.844 Y69.232 E3721.40628
G1 X58.31 Y150.766 E3728.54879
G1 X57.632 Y150.766 E3728.59079
G1 X139.165 Y69.232 E3735.73325
G1 X138.486 Y69.232 E3735.77531
G1 X56.953 Y150.766 E3742.91777
G1 X56.274 Y150.766 E3742.95983
G1 X137.808 Y69.232 E3750.10234
G1 X137.129 Y69.232 E3750.1444
G1 X55.595 Y150.766 E3757.28691
G1 X54.916 Y150.766 E3757.32897
G1 X136.45 Y69.232 E3764.47148
G1 X135.771 Y69.232 E3764.51354
G1 X54.237 Y150.766 E3771.65604
G1 X53.559 Y150.766 E3771.69804
G1 X135.092 Y69.232 E3778.8405
G1 X134.413 Y69.232 E3778.88256
G1 X52.88 Y150.766 E3786.02503
G1 X52.201 Y150.766 E3786.06709
G1 X133.735 Y69.232 E3793.2096
G1 X133.056 Y69.232 E3793.25166
G1 X51.522 Y150.766 E3800.39416
G1 X50.843 Y150.766 E3800.43622
G1 X132.377 Y69.232 E3807.57873
G1 X131.698 Y69.232 E3807.62079
G1 X50.164 Y150.766 E3814.7633
G1 X49.486 Y150.766 E3814.8053
G1 X131.019 Y69.232 E3821.94776
G1 X130.34 Y69.232 E3821.98982
G1 X48.807 Y150.766 E3829.13228
G1 X48.128 Y150.766 E3829.17434
G1 X129.662 Y69.232 E3836.31685
G1 X128.983 Y69.232 E3836.35891
G1 X47.449 Y150.766 E3843.50142
G1 X46.77 Y150.766 E3843.54348
G1 X128.304 Y69.232 E3850.68599
G1 X127.625 Y69.232 E3850.72805
G1 X46.092 Y150.766 E3857.87051
G1 X45.413 Y150.766 E3857.91257
G1 X126.946 Y69.232 E3865.05503
G1 X126.268 Y69.232 E3865.09703
G1 X44.734 Y150.766 E3872.23954
G1 X44.055 Y150.766 E3872.2816
G1 X125.589 Y69.232 E3879.42411
G1 X124.91 Y69.232 E3879.46617
G1 X43.376 Y150.766 E3886.60867
G1 X42.905 Y150.765 E3886.63785
G1 X42.973 Y150.491 E3886.65534
G1 X124.231 Y69.232 E3893.77371
G1 X123.552 Y69.232 E3893.81577
G1 X48.329 Y144.456 E3900.40547
G1 X48.4 Y144.278 E3900.41734
G1 X48.492 Y143.614 E3900.45886
G1 X122.873 Y69.232 E3906.9748
G1 X122.195 Y69.232 E3907.0168
G1 X48.437 Y142.99 E3913.47812
G1 X48.392 Y142.677 E3913.4977
G1 X48.296 Y142.453 E3913.5128
G1 X121.516 Y69.232 E3919.92703
G1 X120.837 Y69.232 E3919.96909
G1 X48.097 Y141.972 E3926.34123
G1 X47.798 Y141.593 E3926.37113
G1 X120.158 Y69.232 E3932.71003
G1 X119.479 Y69.232 E3932.75209
G1 X47.467 Y141.245 E3939.0605
G1 X47.079 Y140.954 E3939.09054
G1 X118.801 Y69.232 E3945.3735
G1 X118.122 Y69.232 E3945.41556
G1 X46.613 Y140.741 E3951.67986
G1 X46.23 Y140.585 E3951.70548
G1 X46.106 Y140.569 E3951.71322
G1 X117.443 Y69.232 E3957.96246
G1 X116.764 Y69.232 E3958.00452
G1 X45.499 Y140.497 E3964.24744
G1 X44.696 Y140.598 E3964.29758
G1 X43.938 Y140.929 E3964.34881
G1 X43.345 Y141.397 E3964.39561
G1 X43.123 Y141.693 E3964.41853
G0 F1890 X42.874 Y142.026
G0 F10500 X42.596 Y142.721
G1 F2100 X39.233 Y146.084 E3964.71313
G1 X39.233 Y146.763 E3964.75519
G1 X42.488 Y143.509 E3965.04029
G1 X42.569 Y144.106 E3965.07761
G1 X39.402 Y147.273 E3965.35504
G1 X40.187 Y147.167 E3965.40411
G1 X42.736 Y144.618 E3965.62741
G1 X42.943 Y145.089 E3965.65927
G1 X40.81 Y147.223 E3965.84617
G1 X41.293 Y147.419 E3965.87846
G1 X43.252 Y145.46 E3966.05007
G1 X43.392 Y145.638 E3966.0641
G1 X43.596 Y145.794 E3966.08001
G1 X41.743 Y147.648 E3966.24238
G1 X42.128 Y147.941 E3966.27235
G1 X43.968 Y146.101 E3966.43353
G1 X44.454 Y146.294 E3966.46592
G1 X42.441 Y148.307 E3966.64227
G1 X42.61 Y148.513 E3966.65877
G1 X42.701 Y148.726 E3966.67312
G1 X44.986 Y146.441 E3966.87329
G1 X45.59 Y146.516 E3966.91099
G1 X42.915 Y149.191 E3967.14532
G1 X43.006 Y149.779 E3967.18218
G1 X46.447 Y146.338 E3967.48362
G1 X47.033 Y146.09 E3967.52303
G1 X47.655 Y145.601 E3967.57204
G1 X47.871 Y145.312 E3967.59439
G0 F1890 X48.12 Y144.979
G0 F10500 X47.676 Y142.931
G0 X47.44 Y142.36
G0 X47.079 Y141.897
G0 X46.72 Y141.623
G0 X44.722 Y140.596
G1 F2100 X116.085 Y69.232 E3973.84595
G1 X115.406 Y69.232 E3973.88801
G1 X39.233 Y145.405 E3980.56088
G1 X39.233 Y144.727 E3980.60288
G1 X114.728 Y69.232 E3987.21636
G1 X114.049 Y69.232 E3987.25842
G1 X39.233 Y144.048 E3993.81242
G1 X39.233 Y143.369 E3993.85448
G1 X113.37 Y69.232 E4000.349
G1 X112.691 Y69.232 E4000.39106
G1 X39.233 Y142.69 E4006.8261
G1 X39.233 Y142.011 E4006.86816
G1 X112.012 Y69.232 E4013.24372
G1 X111.333 Y69.232 E4013.28577
G1 X39.233 Y141.332 E4019.60185
G1 X39.233 Y140.654 E4019.64385
G1 X110.655 Y69.232 E4025.90053
G1 X109.977 Y69.232 E4025.94253
G1 X39.233 Y139.975 E4032.13977
G1 X39.233 Y139.296 E4032.18183
G1 X109.298 Y69.232 E4038.31959
G1 X108.619 Y69.232 E4038.36165
G1 X39.233 Y138.617 E4044.43993
G1 X39.233 Y137.938 E4044.48199
G1 X107.94 Y69.232 E4050.50079
G1 X107.261 Y69.232 E4050.54285
G1 X39.233 Y137.26 E4056.50221
G1 X39.233 Y136.581 E4056.54427
G1 X106.582 Y69.232 E4062.44415
G1 X105.904 Y69.232 E4062.48614
G1 X39.233 Y135.902 E4068.32659
G1 X39.233 Y135.223 E4068.36865
G1 X105.225 Y69.232 E4074.14961
G1 X104.546 Y69.232 E4074.19167
G1 X39.233 Y134.544 E4079.91314
G1 X39.233 Y133.865 E4079.9552
G1 X103.867 Y69.232 E4085.6172
G1 X103.188 Y69.232 E4085.65926
G1 X39.233 Y133.187 E4091.26182
G1 X39.233 Y132.508 E4091.30388
G1 X102.509 Y69.232 E4096.84696
G1 X101.831 Y69.232 E4096.88896
G1 X39.233 Y131.829 E4102.3726
G1 X39.233 Y131.15 E4102.41466
G1 X101.152 Y69.232 E4107.83881
G1 X100.473 Y69.232 E4107.88087
G1 X39.233 Y130.471 E4113.24555
G1 X39.233 Y129.792 E4113.28761
G1 X99.794 Y69.232 E4118.59281
G1 X99.115 Y69.232 E4118.63487
G1 X39.233 Y129.114 E4123.88063
G1 X39.233 Y128.435 E4123.92268
G1 X98.437 Y69.232 E4129.10901
G1 X97.758 Y69.232 E4129.15107
G1 X39.233 Y127.756 E4134.2779
G1 X39.233 Y127.077 E4134.31996
G1 X97.079 Y69.232 E4139.38732
G1 X96.4 Y69.232 E4139.42938
G1 X39.233 Y126.398 E4144.43726
G1 X39.233 Y125.72 E4144.47925
G1 X95.721 Y69.232 E4149.42769
G1 X95.042 Y69.232 E4149.46975
G1 X39.233 Y125.041 E4154.35871
G1 X39.233 Y124.362 E4154.40077
G1 X94.364 Y69.232 E4159.23029
G92 E0
G1 X93.685 Y69.232 E0.04206
G1 X39.233 Y123.683 E4.8121
G1 X39.233 Y123.004 E4.85416
G1 X93.006 Y69.232 E9.56471
G1 X92.327 Y69.232 E9.60677
G1 X39.233 Y122.325 E14.25785
G1 X39.233 Y121.647 E14.29985
G1 X91.648 Y69.232 E18.89148
G1 X90.969 Y69.232 E18.93354
G1 X39.233 Y120.968 E23.4657
G1 X39.233 Y120.289 E23.50776
G1 X90.291 Y69.232 E27.98048
G1 X89.612 Y69.232 E28.02254
G1 X39.233 Y119.61 E32.43577
G1 X39.233 Y118.931 E32.47783
G1 X88.933 Y69.232 E36.83159
G1 X88.254 Y69.232 E36.87365
G1 X39.233 Y118.253 E41.16796
G1 X39.233 Y117.574 E41.21002
G1 X87.575 Y69.232 E45.44486
G1 X86.897 Y69.232 E45.48686
G1 X39.233 Y116.895 E49.66226
G1 X39.233 Y116.216 E49.70432
G1 X86.218 Y69.232 E53.82023
G1 X85.539 Y69.232 E53.86229
G1 X39.233 Y115.537 E57.91873
G1 X39.233 Y114.858 E57.96079
G1 X84.86 Y69.232 E61.95774
G1 X84.181 Y69.232 E61.9998
G1 X39.233 Y114.18 E65.93732
G1 X39.233 Y113.501 E65.97938
G1 X83.502 Y69.232 E69.85741
G1 X82.824 Y69.232 E69.89941
G1 X39.233 Y112.822 E73.71801
G1 X39.233 Y112.143 E73.76007
G1 X82.145 Y69.232 E77.51918
G1 X81.466 Y69.232 E77.56124
G1 X39.233 Y111.464 E81.26087
G1 X39.233 Y110.785 E81.30293
G1 X80.787 Y69.232 E84.94309
G1 X80.108 Y69.232 E84.98515
G1 X39.233 Y110.107 E88.56586
G1 X39.233 Y109.428 E88.60792
G1 X79.43 Y69.232 E92.1292
G1 X78.751 Y69.232 E92.17126
G1 X39.233 Y108.749 E95.63305
G1 X39.233 Y108.07 E95.67511
G1 X78.072 Y69.232 E99.07743
G1 X77.393 Y69.232 E99.11949
G1 X39.233 Y107.391 E102.46232
G1 X39.233 Y106.713 E102.50432
G1 X76.714 Y69.232 E105.78771
G1 X76.035 Y69.232 E105.82977
G1 X39.233 Y106.034 E109.05369
G1 X39.233 Y105.355 E109.09575
G1 X75.357 Y69.232 E112.26022
G1 X74.678 Y69.232 E112.30228
G1 X39.233 Y104.676 E115.40728
G1 X39.233 Y103.997 E115.44934
G1 X73.999 Y69.232 E118.49485
G1 X73.32 Y69.232 E118.53691
G1 X39.233 Y103.318 E121.52294
G1 X39.233 Y102.64 E121.56494
G1 X72.641 Y69.232 E124.49153
G1 X71.962 Y69.232 E124.53359
G1 X39.233 Y101.961 E127.4007
G1 X39.233 Y101.282 E127.44276
G1 X71.284 Y69.232 E130.25044
G1 X70.605 Y69.232 E130.2925
G1 X39.233 Y100.603 E133.04069
G1 X39.233 Y99.924 E133.08275
G1 X69.926 Y69.232 E135.77146
G1 X69.247 Y69.232 E135.81352
G1 X39.233 Y99.245 E138.44275
G1 X39.233 Y98.567 E138.48475
G1 X68.568 Y69.232 E141.05454
G1 X67.89 Y69.232 E141.09654
G1 X39.233 Y97.888 E143.6069
G1 X39.233 Y97.209 E143.64896
G1 X67.211 Y69.232 E146.09983
G1 X66.532 Y69.232 E146.14189
G1 X39.233 Y96.53 E148.53328
G1 X39.233 Y95.851 E148.57534
G1 X65.853 Y69.232 E150.90725
G1 X65.174 Y69.232 E150.94931
G1 X39.233 Y95.173 E153.22178
G1 X39.233 Y94.494 E153.26384
G1 X64.495 Y69.232 E155.47683
G1 X63.817 Y69.232 E155.51883
G1 X39.233 Y93.815 E157.67239
G1 X39.233 Y93.136 E157.71445
G1 X63.138 Y69.232 E159.80852
G1 X62.459 Y69.232 E159.85058
G1 X39.233 Y92.457 E161.88517
G1 X39.233 Y91.778 E161.92723
G1 X61.78 Y69.232 E163.90234
G1 X61.101 Y69.232 E163.9444
G1 X39.233 Y91.1 E165.86007
G1 X39.233 Y90.421 E165.90213
G1 X60.422 Y69.232 E167.75832
G1 X59.744 Y69.232 E167.80032
G1 X39.233 Y89.742 E169.59707
G1 X39.233 Y89.063 E169.63913
G1 X59.065 Y69.232 E171.3764
G1 X58.386 Y69.232 E171.41846
G1 X39.233 Y88.384 E173.09625
G1 X39.233 Y87.705 E173.13831
G1 X57.707 Y69.232 E174.75662
G1 X57.028 Y69.232 E174.79868
G1 X39.233 Y87.027 E176.35755
G1 X39.233 Y86.348 E176.39961
G1 X46.164 Y79.417 E177.00677
G1 X45.476 Y79.508 E177.04976
G1 X45.406 Y79.497 E177.05415
G1 X39.233 Y85.669 E177.59487
G1 X39.233 Y84.99 E177.63693
G1 X44.815 Y79.409 E178.12588
G1 X44.702 Y79.393 E178.13295
G1 X44.313 Y79.232 E178.15903
G1 X39.233 Y84.311 E178.604
G1 X39.233 Y83.633 E178.646
G1 X43.863 Y79.002 E179.05164
G1 X43.476 Y78.711 E179.08163
G1 X39.233 Y82.954 E179.45332
G1 X39.233 Y82.275 E179.49538
G1 X43.158 Y78.35 E179.83922
G1 X43.04 Y78.199 E179.85109
G1 X42.888 Y77.942 E179.86958
G1 X39.233 Y81.596 E180.18972
G1 X39.233 Y80.917 E180.23178
G1 X42.674 Y77.476 E180.53322
G1 X42.593 Y77.281 E180.5463
G1 X42.545 Y76.927 E180.56843
G1 X39.233 Y80.238 E180.85852
G1 X39.233 Y79.56 E180.90052
G1 X42.525 Y76.268 E181.1889
G1 X42.58 Y75.749 E181.22123
G1 X42.737 Y75.377 E181.24624
G1 X39.233 Y78.881 E181.5532
G1 X39.233 Y78.202 E181.59526
G1 X48.204 Y69.232 E182.38109
G1 X47.525 Y69.232 E182.42315
G1 X39.233 Y77.523 E183.1495
G1 X39.233 Y76.844 E183.19156
G1 X46.846 Y69.232 E183.85843
G1 X46.167 Y69.232 E183.90048
G1 X39.233 Y76.166 E184.50791
G1 X39.233 Y75.487 E184.54997
G1 X45.488 Y69.232 E185.09792
G1 X44.81 Y69.232 E185.13992
G1 X42.81 Y71.231 E185.31508
G1 X42.926 Y70.96 E185.33334
G1 X43.011 Y70.352 E185.37137
G1 X44.131 Y69.232 E185.46948
G1 X43.452 Y69.232 E185.51154
G1 X42.969 Y69.715 E185.55385
G1 X42.956 Y69.628 E185.5593
G0 F1890 X42.928 Y69.432
G0 X42.841 Y69.232
G0 F10500 X42.63 Y71.653
G1 F2100 X42.203 Y72.196 E185.60209
G1 X41.637 Y72.639 E185.64661
G1 X41.232 Y72.809 E185.67382
G1 X39.233 Y74.808 E185.84894
G1 X39.233 Y74.129 E185.891
G1 X40.318 Y73.045 E185.986
G1 X39.717 Y72.967 E186.02354
G1 X39.233 Y73.45 E186.0659
G1 X39.233 Y72.846 E186.10331
G1 X39.234 Y72.847 E186.1034
G0 F1890 X39.635 Y72.957
G0 F10500 X42.893 Y75.009
G1 F2100 X43.338 Y74.41 E186.14962
G1 X43.991 Y73.893 E186.20121
G1 X44.377 Y73.737 E186.227
G1 X48.882 Y69.232 E186.62165
G1 X49.561 Y69.232 E186.66371
G1 X45.27 Y73.523 E187.0396
G1 X45.514 Y73.494 E187.05482
G1 X45.927 Y73.545 E187.0806
G1 X50.24 Y69.232 E187.45843
G1 X50.919 Y69.232 E187.50049
G1 X46.476 Y73.674 E187.88966
G1 X46.961 Y73.869 E187.92204
G1 X51.598 Y69.232 E188.32825
G1 X52.277 Y69.232 E188.37031
G1 X47.351 Y74.157 E188.80179
G1 X47.601 Y74.344 E188.82113
G1 X47.708 Y74.479 E188.8318
G1 X52.955 Y69.232 E189.29144
G1 X53.634 Y69.232 E189.3335
G1 X48.006 Y74.859 E189.82648
G1 X48.088 Y74.965 E189.83478
G1 X48.234 Y75.311 E189.85804
G1 X54.313 Y69.232 E190.39057
G1 X54.992 Y69.232 E190.43263
G1 X48.407 Y75.816 E191.00945
G1 X48.501 Y76.402 E191.04621
G1 X55.671 Y69.232 E191.67431
G1 X56.35 Y69.232 E191.71637
G1 X48.421 Y77.16 E192.41092
G1 X48.407 Y77.275 E192.4181
G1 X48.107 Y77.999 E192.46664
G1 X47.656 Y78.596 E192.51299
G1 X47.033 Y79.09 E192.56224
G1 X46.556 Y79.284 E192.59414
G0 F1890 X46.254 Y79.406
G0 X46.164 Y79.417
G1 F2100 E190.59414
;MESH:NONMESH
G0 F300 X46.164 Y79.417 Z2.88
G0 F10500 X43.896 Y78.129
G0 X43.528 Y77.658
G0 X42.02 Y71.267
G0 X42.244 Y70.729
G0 X42.31 Y70.183
G0 X42.242 Y69.666
G0 X42.017 Y69.127
G0 X41.679 Y68.696
G0 X41.047 Y68.761
G0 X40.702 Y68.617
G0 X39.086 Y68.452
G0 X39.785 Y68.332
;TIME_ELAPSED:8817.756135
;LAYER:8
;TYPE:WALL-INNER
;MESH:Reloj carcasa piso.stl
G1 F1500 E192.59414
G1 F1205 X40.215 Y68.306 E192.62071
G1 F1212.6 X40.589 Y68.328 E192.64368
G0 F10500 X41.314 Y68.456
G0 X39.782 Y68.582
G0 X38.49 Y69.084
G0 X38.539 Y69.203
G1 F1076.6 X38.824 Y68.83 E192.67608
G1 F1072.6 X39.201 Y68.539 E192.70909
G1 F1112 X39.709 Y68.334 E192.74571
G1 F1082.7 X38.356 Y68.356 E192.83861
G1 F1088.8 X38.329 Y69.742 E192.93325
G1 F1125 X38.539 Y69.203 E192.97147
G0 F10500 X38.328 Y69.82
G1 F1215.2 X38.306 Y70.215 E192.99567
G1 F1202.5 X38.332 Y70.624 E193.021
G0 F10500 X38.452 Y71.314
G0 X43.921 Y78.103
G0 X44.365 Y78.442
G0 X44.934 Y78.678
G0 X45.517 Y78.751
G0 X46.628 Y78.511
G0 X46.545 Y78.309
G1 F1200 X46.035 Y78.514 E193.05505
G1 X45.504 Y78.59 E193.08827
G1 X44.954 Y78.515 E193.12266
G1 X44.478 Y78.316 E193.15462
G1 X44.043 Y77.997 E193.18803
G1 X43.701 Y77.565 E193.22216
G1 X43.478 Y77.027 E193.25824
G1 X43.416 Y76.513 E193.29031
G1 X43.475 Y75.979 E193.32359
G1 X43.684 Y75.47 E193.35767
G1 X44.01 Y75.04 E193.39109
G1 X44.433 Y74.701 E193.42467
G1 X44.987 Y74.477 E193.46169
G1 X45.513 Y74.416 E193.49449
G1 X46.021 Y74.476 E193.52618
G1 X46.525 Y74.679 E193.55983
G1 X46.962 Y75.008 E193.59372
G1 X47.292 Y75.437 E193.62724
G1 X47.504 Y75.917 E193.65975
G1 X47.587 Y76.48 E193.695
G1 X47.522 Y77.021 E193.72875
G1 X47.318 Y77.531 E193.76277
G1 X46.996 Y77.95 E193.79551
G1 X46.87 Y78.05 E193.80547
G0 F1080 X46.545 Y78.309
G1 F2100 E191.80547
G0 F10500 X46.628 Y78.511
G0 X47.75 Y143.483
G0 X47.678 Y144.065
G0 X47.17 Y145.09
G0 X46.997 Y144.957
G1 F1500 E193.80547
G1 F1200 X46.569 Y145.296 E193.83929
G1 X46.059 Y145.513 E193.87362
G1 X45.546 Y145.586 E193.90572
G1 X44.99 Y145.525 E193.94037
G1 X44.473 Y145.321 E193.9748
G1 X44.034 Y144.986 E194.009
G1 X43.703 Y144.564 E194.04223
G1 X43.478 Y144.029 E194.07818
G1 X43.416 Y143.513 E194.11037
G1 X43.475 Y142.982 E194.14346
G1 X43.679 Y142.475 E194.17732
G1 X44.01 Y142.035 E194.21142
G1 X44.439 Y141.706 E194.24491
G1 X44.919 Y141.495 E194.27739
G1 X45.521 Y141.413 E194.31502
G1 X46.028 Y141.482 E194.34672
G1 X46.529 Y141.681 E194.38011
G1 X46.95 Y141.999 E194.41279
G1 X47.296 Y142.432 E194.44713
G1 X47.511 Y142.939 E194.48124
G1 X47.589 Y143.49 E194.51571
G1 X47.515 Y144.044 E194.55033
G1 X47.316 Y144.521 E194.58235
G1 X47.242 Y144.622 E194.5901
G0 F1080 X46.997 Y144.957
G0 F10500 X47.17 Y145.09
G0 X46.64 Y145.44
G0 X39.146 Y148.214
G0 X38.907 Y148.402
G0 X38.456 Y148.886
G0 X38.328 Y149.62
G1 F1215.2 X38.306 Y150.015 E194.6143
G1 F1202.5 X38.332 Y150.424 E194.63964
G0 F10500 X38.452 Y151.114
G0 X38.797 Y151.51
G0 X38.9 Y151.46
G1 F1125 X38.773 Y151.267 E194.6549
G1 F1152 X38.551 Y150.991 E194.67776
G1 F1149.7 X38.332 Y150.486 E194.71334
G1 F1152 X38.329 Y151.671 E194.78981
G1 X38.628 Y151.667 E194.8091
G1 F1122.8 X38.843 Y151.628 E194.82357
G1 F1097.1 X39.12 Y151.629 E194.84233
G1 X38.915 Y151.472 E194.85983
G0 F1080 X38.9 Y151.46
G1 F2100 E192.85983
G0 F10500 X38.797 Y151.51
G0 X40.073 Y151.654
G0 X172.887 Y145.017
G0 X172.969 Y144.819
G1 F1500 E194.85983
G1 F1200 X172.544 Y144.489 E194.89316
G1 X172.218 Y144.089 E194.92512
G1 X171.996 Y143.583 E194.95935
G1 X171.913 Y143.021 E194.99454
G1 X171.974 Y142.497 E195.02722
G1 X172.201 Y141.942 E195.06436
G1 X172.5 Y141.549 E195.09495
G1 X172.928 Y141.206 E195.12892
G1 X173.441 Y140.988 E195.16345
G1 X174.026 Y140.911 E195.2
G1 X174.517 Y140.982 E195.23073
G1 X174.998 Y141.167 E195.26265
G1 X175.454 Y141.501 E195.29767
G1 X175.796 Y141.93 E195.33165
G1 X176.015 Y142.445 E195.36632
G1 X176.084 Y142.985 E195.40004
G1 X176.024 Y143.519 E195.43333
G1 X175.825 Y144.016 E195.46649
G1 X175.485 Y144.466 E195.50142
G1 X175.077 Y144.79 E195.5337
G1 X174.577 Y145.005 E195.56741
G1 X174.028 Y145.09 E195.60182
G1 X173.481 Y145.024 E195.63595
G1 X173.355 Y144.973 E195.64437
G0 F1080 X172.969 Y144.819
G0 F10500 X172.887 Y145.017
G0 X177.797 Y151.51
G0 X177.904 Y151.455
G1 F1161.3 X177.807 Y151.303 E195.65591
G1 F1195 X177.552 Y150.972 E195.6819
G1 F1200 X177.358 Y150.517 E195.71254
G1 X177.287 Y150.026 E195.74327
G1 X177.345 Y149.531 E195.77414
G1 X177.557 Y149.016 E195.80864
G1 X177.849 Y148.655 E195.8374
G1 X178.232 Y148.35 E195.86773
G1 X178.703 Y148.153 E195.89936
G1 X179.217 Y148.087 E195.93146
G1 X179.683 Y148.148 E195.96057
G1 X180.175 Y148.352 E195.99356
G1 F1190.1 X180.527 Y148.627 E196.02146
G1 F1161.3 X180.86 Y149.019 E196.05438
G1 F1109.8 X181.085 Y149.501 E196.09001
G1 F1084.7 X181.131 Y149.985 E196.12333
G1 F1001.7 X181.09 Y150.505 E196.16203
G1 F872.7 X180.926 Y151.041 E196.20977
G1 F831.2 X180.537 Y151.55 E196.26707
G1 X180.821 Y151.57 E196.29253
G1 F827.6 X181.572 Y151.572 E196.35998
G1 F826.4 X181.572 Y151.223 E196.39137
G1 F923.1 X181.644 Y150.471 E196.45221
G1 F1068.6 X181.657 Y149.985 E196.48602
G1 F1066.7 X181.643 Y149.533 E196.51754
G1 F1114.1 X181.68 Y148.317 E196.5987
G1 F1200 X181.681 Y71.628 E201.3491
G1 F1202.5 X181.681 Y71.523 E201.35559
G1 X181.28 Y71.844 E201.38734
G1 F1200 X180.817 Y72.042 E201.41854
G1 X180.326 Y72.114 E201.44928
G1 X179.822 Y72.053 E201.48072
G1 X179.334 Y71.845 E201.51358
G1 X178.962 Y71.565 E201.54242
G1 X178.664 Y71.189 E201.57214
G1 X178.464 Y70.733 E201.60299
G1 X178.385 Y70.225 E201.63483
G1 X178.446 Y69.723 E201.66616
G1 X178.654 Y69.222 E201.69976
G1 F1195 X178.93 Y68.869 E201.72763
G1 F1182.8 X179.312 Y68.555 E201.75871
G1 F1168.4 X179.817 Y68.331 E201.79386
G1 F1180.3 X178.582 Y68.32 E201.87163
G1 F1200 X41.867 Y68.32 E210.34026
G1 F1187.6 X40.652 Y68.328 E210.41631
G1 F1182.8 X41.173 Y68.549 E210.45188
G1 F1192.5 X41.536 Y68.833 E210.48061
G1 F1197.5 X41.842 Y69.217 E210.51108
G1 F1200 X42.042 Y69.683 E210.5425
G1 X42.115 Y70.183 E210.5738
G1 X42.046 Y70.694 E210.60574
G1 X41.839 Y71.185 E210.63874
G1 X41.557 Y71.545 E210.66707
G1 X41.187 Y71.837 E210.69627
G1 X40.727 Y72.039 E210.72739
G1 X40.223 Y72.114 E210.75895
G1 X39.724 Y72.054 E210.79008
G1 X39.227 Y71.849 E210.82339
G1 F1195 X38.869 Y71.571 E210.85158
G1 F1180.3 X38.556 Y71.188 E210.88273
G1 F1163.6 X38.331 Y70.686 E210.91787
G1 F1177.9 X38.321 Y71.671 E210.98003
G1 F1197.5 X38.322 Y91.141 E212.18859
G1 F1192.5 X38.324 Y110.611 E213.40217
G1 F1185.2 X38.325 Y130.081 E214.62329
G1 F1180.3 X38.327 Y149.551 E215.84943
G1 X38.553 Y149.022 E215.88566
G1 F1190.1 X38.833 Y148.664 E215.91405
G1 F1200 X39.221 Y148.355 E215.94477
G1 X39.686 Y148.156 E215.9761
G1 X40.212 Y148.086 E216.00897
G1 X40.69 Y148.151 E216.03885
G1 X41.162 Y148.347 E216.07051
G1 X41.525 Y148.63 E216.09902
G1 X41.829 Y148.999 E216.12864
G1 X42.035 Y149.477 E216.16088
G1 X42.114 Y149.968 E216.19169
G1 X42.055 Y150.475 E216.2233
G1 X41.85 Y150.97 E216.25649
G1 F1197.5 X41.622 Y151.27 E216.27988
G1 F1161.3 X41.528 Y151.424 E216.29143
G1 F1129.4 X41.258 Y151.634 E216.31394
G1 X41.601 Y151.634 E216.33652
G1 F1161.3 X41.821 Y151.676 E216.35085
G1 F1195 X177.628 Y151.675 E224.79829
G1 F1161.3 X177.843 Y151.634 E224.8123
G1 F1131.6 X178.142 Y151.635 E224.83194
G1 X177.921 Y151.468 E224.85013
G0 F1080 X177.904 Y151.455
G1 F2100 E222.85013
G0 F10500 X177.797 Y151.51
G0 X177.414 Y151.054
G0 X177.194 Y150.525
G0 X172.877 Y78.513
G0 X172.961 Y78.311
G1 F1500 E224.85013
G1 F1200 X172.54 Y77.993 E224.88281
G1 X172.205 Y77.571 E224.91619
G1 X171.989 Y77.061 E224.9505
G1 X171.911 Y76.509 E224.98503
G1 X171.987 Y75.95 E225.01998
G1 X172.204 Y75.443 E225.05414
G1 X172.505 Y75.041 E225.08525
G1 X172.935 Y74.701 E225.1192
G1 X173.474 Y74.477 E225.15536
G1 X174.013 Y74.416 E225.18896
G1 X174.517 Y74.476 E225.2204
G1 X175.03 Y74.682 E225.25464
G1 X175.464 Y75.01 E225.28834
G1 X175.791 Y75.435 E225.32156
G1 X176.015 Y75.944 E225.356
G1 X176.084 Y76.485 E225.38979
G1 X176.024 Y77.02 E225.42313
G1 X175.82 Y77.527 E225.45699
G1 X175.495 Y77.958 E225.49042
G1 X175.086 Y78.283 E225.52278
G1 X174.553 Y78.513 E225.55874
G1 X174.013 Y78.588 E225.59251
G1 X173.475 Y78.521 E225.6261
G1 X173.346 Y78.468 E225.63473
G0 F1080 X172.961 Y78.311
G0 F10500 X172.877 Y78.513
G0 X173.434 Y78.678
G0 X174.017 Y78.751
G0 X174.57 Y78.676
G0 X175.14 Y78.44
G0 X175.603 Y78.079
G0 X175.942 Y77.635
G0 X176.178 Y77.065
G0 X178.292 Y69.68
G0 X178.512 Y69.15
G0 X178.687 Y68.923
G0 X179.186 Y68.452
G0 X179.885 Y68.332
G1 F1205 X180.315 Y68.306 E225.66131
G1 F1212.6 X180.689 Y68.328 E225.68427
G0 F10500 X181.237 Y68.56
G1 F1321.1 X181.703 Y68.919 E225.71737
G1 F1288.6 X181.71 Y68.28 E225.75423
G1 F1246.8 X180.74 Y68.326 E225.81213
G1 F1277.2 X181.237 Y68.56 E225.8441
G1 F2100 E223.8441
G0 F10500 X181.414 Y68.456
G0 X181.917 Y69.78
G0 X181.97 Y70.185
G0 X181.918 Y70.618
G0 X181.739 Y71.047
G0 X181.491 Y71.37
G0 X179.862 Y72.279
G0 X179.947 Y71.585
;TYPE:WALL-OUTER
G1 F1500 E225.8441
G1 F1200 X179.573 Y71.429 E225.8692
G1 X179.303 Y71.22 E225.89035
G1 X179.085 Y70.948 E225.91195
G1 X178.927 Y70.59 E225.93619
G1 X178.87 Y70.218 E225.9595
G1 X178.915 Y69.845 E225.98277
G1 X179.073 Y69.465 E226.00826
G1 X179.3 Y69.186 E226.03054
G1 F1202.5 X179.567 Y68.974 E226.05162
G1 X179.921 Y68.821 E226.07546
G1 X180.315 Y68.773 E226.09999
G1 F1200 X180.625 Y68.811 E226.11934
G1 X181.029 Y68.97 E226.14623
G1 X181.274 Y69.16 E226.16544
G1 X181.526 Y69.465 E226.18994
G1 X181.681 Y69.846 E226.21542
G1 F1230.8 X181.716 Y70.185 E226.23601
G1 F1233.4 X181.686 Y70.534 E226.25712
G1 F1205 X181.529 Y70.929 E226.28334
G1 X181.299 Y71.213 E226.30588
G1 F1202.5 X181.032 Y71.428 E226.32707
G1 X180.685 Y71.577 E226.35041
G1 F1200 X180.317 Y71.63 E226.37344
G1 X179.973 Y71.588 E226.39491
G0 F1080 X179.947 Y71.585
G1 F2100 E224.39491
G0 F10500 X179.862 Y72.279
G0 X175.603 Y78.079
G0 X175.14 Y78.44
G0 X174.57 Y78.676
G0 X174.017 Y78.751
G0 X172.941 Y78.539
G0 X173.208 Y77.895
G1 F1500 E226.39491
G1 F1200 X172.881 Y77.648 E226.42029
G1 X172.611 Y77.301 E226.44753
G1 X172.456 Y76.932 E226.47232
G1 X172.397 Y76.53 E226.49749
G1 X172.447 Y76.102 E226.52418
G1 X172.62 Y75.682 E226.55232
G1 X172.875 Y75.36 E226.57776
G1 X173.179 Y75.119 E226.60179
G1 X173.619 Y74.943 E226.63115
G1 X174.013 Y74.893 E226.65575
G1 X174.417 Y74.952 E226.68104
G1 X174.77 Y75.094 E226.70461
G1 X175.107 Y75.341 E226.73049
G1 X175.378 Y75.679 E226.75732
G1 X175.537 Y76.048 E226.78221
G1 X175.604 Y76.485 E226.8096
G1 X175.557 Y76.88 E226.83424
G1 X175.399 Y77.289 E226.8614
G1 X175.148 Y77.621 E226.88718
G1 X174.817 Y77.88 E226.91321
G1 X174.401 Y78.053 E226.94112
G1 X174.011 Y78.107 E226.96551
G1 X173.594 Y78.049 E226.99159
G0 F1080 X173.584 Y78.048
G0 X173.208 Y77.895
G1 F2100 E224.99159
G0 F10500 X172.941 Y78.539
G0 X171.75 Y143.017
G0 X171.824 Y143.569
G0 X172.06 Y144.14
G0 X172.351 Y144.514
G0 X172.944 Y145.04
G0 X173.21 Y144.398
G1 F1500 E226.99159
G1 F1200 X172.88 Y144.147 E227.01727
G1 X172.62 Y143.818 E227.04325
G1 X172.455 Y143.428 E227.06948
G1 X172.394 Y143.017 E227.09522
G1 X172.444 Y142.614 E227.12037
G1 X172.62 Y142.182 E227.14927
G1 X172.855 Y141.878 E227.17307
G1 X173.198 Y141.612 E227.19996
G1 X173.555 Y141.46 E227.22399
G1 X174.002 Y141.397 E227.25195
G1 X174.398 Y141.447 E227.27668
G1 X174.789 Y141.602 E227.30273
G1 X175.12 Y141.851 E227.32839
G1 X175.379 Y142.177 E227.35418
G1 X175.547 Y142.573 E227.38082
G1 X175.604 Y142.985 E227.40659
G1 X175.557 Y143.38 E227.43123
G1 X175.392 Y143.796 E227.45895
G1 X175.155 Y144.111 E227.48337
G1 X174.821 Y144.378 E227.50986
G1 X174.425 Y144.546 E227.5365
G1 X174.03 Y144.603 E227.56122
G1 X173.604 Y144.556 E227.58777
G1 X173.596 Y144.553 E227.5883
G0 F1080 X173.21 Y144.398
G1 F2100 E225.5883
G0 F10500 X172.944 Y145.04
G0 X177.792 Y151.525
G0 X177.843 Y152.145
G1 F1500 E227.5883
G1 F1131.6 X178.12 Y152.146 E227.6065
G1 F1014.1 X178.832 Y152.087 E227.65886
G1 F933.5 X179.215 Y152.097 E227.68937
G1 F930.5 X179.609 Y152.084 E227.72086
G1 F1036 X180.821 Y152.158 E227.80799
G1 F1197.5 X182.16 Y152.16 E227.8911
G1 F1200 X182.16 Y71.938 E232.86035
G1 F1202.5 X182.161 Y70.575 E232.9446
G1 F1233.4 X182.172 Y70.185 E232.96811
G1 F1230.8 X182.16 Y69.812 E232.99065
G1 F1200 X182.16 Y67.84 E233.1128
G1 X37.84 Y67.84 E242.05252
G1 X37.84 Y152.16 E247.27561
G1 F1197.5 X38.628 Y152.159 E247.32452
G1 F1037.8 X39.832 Y152.087 E247.41091
G1 F933.5 X40.215 Y152.097 E247.44141
G1 F930.5 X40.609 Y152.084 E247.4729
G1 F1010.5 X41.29 Y152.145 E247.5232
G1 F1129.4 X41.601 Y152.145 E247.54367
G1 F1161.3 X41.821 Y152.158 E247.55777
G1 F1195 X177.628 Y152.159 E256.00521
G1 F1161.3 X177.843 Y152.145 E256.019
G0 F10500 X177.792 Y151.525
G0 X178.869 Y151.462
G1 F986.3 X178.489 Y151.27 E256.05109
G1 F1097.1 X178.218 Y151.051 E256.07469
G1 F1149.7 X177.971 Y150.729 E256.10093
G1 F1175.5 X177.823 Y150.385 E256.12461
G1 F1187.6 X177.77 Y150.015 E256.14801
G1 F1197.5 X177.823 Y149.627 E256.17231
G1 F1200 X177.975 Y149.267 E256.19652
G1 X178.168 Y149.017 E256.21608
G1 X178.461 Y148.778 E256.2395
G1 X178.807 Y148.628 E256.26286
G1 X179.214 Y148.571 E256.28832
G1 X179.556 Y148.616 E256.30969
G1 X179.933 Y148.772 E256.33496
G1 X180.214 Y149 E256.35738
G1 F1202.5 X180.426 Y149.264 E256.37831
G1 X180.581 Y149.646 E256.40379
G1 F1200 X180.628 Y149.985 E256.42499
G1 X180.587 Y150.335 E256.44682
G1 X180.425 Y150.733 E256.47344
G1 F1163.6 X180.209 Y151.025 E256.49664
G1 F1064.7 X179.919 Y151.283 E256.52374
G1 F958.4 X179.564 Y151.456 E256.55437
G1 F929 X179.259 Y151.489 E256.57891
G1 F932 X178.869 Y151.462 E256.61009
G1 F2100 E254.61009
G0 F10500 X177.824 Y151.529
G0 X46.752 Y145.429
G0 X46.324 Y144.879
G1 F1500 E256.61009
G1 F1200 X45.927 Y145.047 E256.63679
G1 X45.515 Y145.106 E256.66257
G1 X45.086 Y145.048 E256.68939
G1 X44.711 Y144.896 E256.71445
G1 X44.389 Y144.655 E256.73937
G1 X44.127 Y144.329 E256.76527
G1 X43.943 Y143.881 E256.79527
G1 X43.893 Y143.512 E256.81834
G1 X43.945 Y143.102 E256.84394
G1 X44.102 Y142.71 E256.8701
G1 X44.354 Y142.377 E256.89597
G1 X44.682 Y142.12 E256.92178
G1 X45.074 Y141.955 E256.94812
G1 X45.528 Y141.897 E256.97647
G1 X45.911 Y141.951 E257.00043
G1 X46.292 Y142.105 E257.02589
G1 X46.603 Y142.338 E257.04996
G1 X46.869 Y142.665 E257.07607
G1 X47.044 Y143.068 E257.10329
G1 X47.103 Y143.47 E257.12845
G1 X47.056 Y143.896 E257.155
G1 X46.897 Y144.287 E257.18115
G1 X46.649 Y144.62 E257.20687
G0 F1080 X46.648 Y144.622
G0 X46.324 Y144.879
G1 F2100 E255.20687
G0 F10500 X46.752 Y145.429
G0 X41.572 Y151.528
G0 X40.914 Y151.271
G1 F1500 E257.20687
G1 F979.6 X40.564 Y151.456 E257.23691
G1 F929 X40.259 Y151.489 E257.26145
G1 F932 X39.869 Y151.462 E257.29263
G1 F966.4 X39.485 Y151.281 E257.32528
G1 F1072.6 X39.218 Y151.051 E257.3497
G1 F1166 X38.973 Y150.73 E257.37545
G1 F1202.5 X38.823 Y150.384 E257.39876
G1 X38.77 Y150.017 E257.42168
G1 X38.814 Y149.65 E257.44453
G1 X38.973 Y149.269 E257.47005
G1 X39.16 Y149.026 E257.489
G1 F1200 X39.467 Y148.772 E257.51368
G1 X39.815 Y148.624 E257.53711
G1 X40.211 Y148.57 E257.56186
G1 X40.541 Y148.614 E257.58249
G1 X40.919 Y148.767 E257.60775
G1 X41.193 Y148.976 E257.62909
G1 X41.433 Y149.282 E257.65318
G1 X41.574 Y149.613 E257.67547
G1 X41.63 Y149.982 E257.69859
G1 X41.585 Y150.353 E257.72174
G1 X41.43 Y150.728 E257.74687
G1 F1163.6 X41.209 Y151.025 E257.77052
G1 F1129.4 X40.966 Y151.219 E257.79098
G1 F1090.9 X40.914 Y151.271 E257.796
G1 F2100 E255.796
G0 F10500 X41.572 Y151.528
G0 X41.988 Y151.05
G0 X42.208 Y150.52
G0 X46.568 Y78.536
G0 X46.301 Y77.889
G1 F1500 E257.796
G1 F1200 X45.905 Y78.052 E257.82252
G1 X45.527 Y78.104 E257.84616
G1 X45.102 Y78.056 E257.87265
G1 X44.712 Y77.897 E257.89874
G1 X44.378 Y77.647 E257.92458
G1 X44.119 Y77.321 E257.95037
G1 X43.943 Y76.881 E257.97973
G1 X43.893 Y76.512 E258.00279
G1 X43.945 Y76.1 E258.02852
G1 X44.11 Y75.7 E258.05532
G1 X44.346 Y75.388 E258.07955
G1 X44.679 Y75.119 E258.10607
G1 X45.092 Y74.949 E258.13373
G1 X45.511 Y74.893 E258.15992
G1 X45.902 Y74.946 E258.18436
G1 X46.29 Y75.102 E258.21027
G1 X46.621 Y75.352 E258.23596
G1 X46.878 Y75.68 E258.26177
G1 X47.045 Y76.072 E258.28816
G1 X47.106 Y76.485 E258.31403
G1 X47.048 Y76.915 E258.3409
G1 X46.895 Y77.292 E258.3661
G1 X46.645 Y77.622 E258.39175
G1 X46.629 Y77.634 E258.39299
G0 F1080 X46.301 Y77.889
G1 F2100 E256.39299
G0 F10500 X46.568 Y78.536
G0 X45.517 Y78.751
G0 X44.934 Y78.678
G0 X44.365 Y78.442
G0 X43.921 Y78.103
G0 X43.597 Y77.687
G0 X41.371 Y71.971
G0 X40.94 Y71.421
G1 F1500 E258.39299
G1 F1200 X40.571 Y71.578 E258.41783
G1 X40.217 Y71.63 E258.43999
G1 X39.847 Y71.585 E258.46308
G1 X39.467 Y71.428 E258.48855
G1 X39.186 Y71.2 E258.51096
G1 F1202.5 X38.974 Y70.933 E258.53204
G1 X38.823 Y70.583 E258.5556
G1 X38.77 Y70.217 E258.57846
G1 X38.814 Y69.85 E258.60131
G1 X38.973 Y69.469 E258.62683
G1 X39.16 Y69.226 E258.64578
G1 X39.466 Y68.974 E258.67029
G1 X39.821 Y68.821 E258.69418
G1 X40.215 Y68.773 E258.71872
G1 F1200 X40.525 Y68.811 E258.73806
G1 F1202.5 X40.927 Y68.97 E258.76479
G1 X41.174 Y69.16 E258.78405
G1 F1200 X41.425 Y69.463 E258.80842
G1 X41.577 Y69.815 E258.83217
G1 X41.63 Y70.184 E258.85526
G1 X41.584 Y70.55 E258.87811
G1 X41.431 Y70.922 E258.90303
G1 X41.217 Y71.2 E258.92476
G1 X41.068 Y71.319 E258.93657
G0 F1080 X40.94 Y71.421
G1 F2100 E256.93657
G0 F10500 X41.371 Y71.971
G0 X173.382 Y78.945
;TYPE:SKIN
G1 F1500 E258.93657
G1 F2100 X174.008 Y79.02 E258.97563
G1 X174.636 Y78.943 E259.01482
G1 X175.293 Y78.673 E259.05882
G1 X175.811 Y78.262 E259.09978
G1 X176.2 Y77.741 E259.14005
G1 X176.45 Y77.101 E259.18262
G1 X176.519 Y76.448 E259.22329
G1 X176.432 Y75.821 E259.2625
G1 X176.172 Y75.21 E259.30363
G1 X175.766 Y74.699 E259.34406
G1 X175.25 Y74.307 E259.3842
G1 X174.636 Y74.058 E259.42524
G1 X174.014 Y73.974 E259.46412
G1 X173.377 Y74.055 E259.5039
G1 X172.863 Y74.263 E259.53824
G1 X172.611 Y74.41 E259.55632
G1 X172.199 Y74.732 E259.58871
G1 X171.821 Y75.224 E259.62714
G1 X171.568 Y75.835 E259.6681
G1 X171.477 Y76.523 E259.71109
G1 X171.57 Y77.171 E259.75164
G1 X171.82 Y77.774 E259.79208
G1 X172.252 Y78.32 E259.8352
G1 X172.739 Y78.684 E259.87287
G1 X172.997 Y78.789 E259.89012
G0 F1890 X173.382 Y78.945
G1 F2100 E257.89012
G0 F10500 X176.938 Y150.638
G1 F1500 E259.89012
G1 F2100 X177.115 Y151.054 E259.91812
G1 X177.229 Y151.248 E259.93206
G1 X42.202 Y151.246 E268.29613
G1 X42.415 Y150.736 E268.33037
G1 X42.496 Y150.424 E268.35033
G1 X42.55 Y149.973 E268.37847
G1 X42.462 Y149.384 E268.41536
G1 X42.204 Y148.785 E268.45576
G1 X41.847 Y148.339 E268.49115
G1 X41.372 Y147.966 E268.52856
G1 X40.784 Y147.729 E268.56783
G1 X40.212 Y147.649 E268.6036
G1 X39.566 Y147.736 E268.64398
G1 X39.114 Y147.932 E268.6745
G1 X38.754 Y148.148 E268.7005
G1 X38.754 Y72.059 E273.41374
G1 X39.132 Y72.276 E273.44074
G1 X39.486 Y72.423 E273.46448
G1 X39.773 Y72.495 E273.48281
G1 X40.231 Y72.551 E273.51139
G1 X40.842 Y72.459 E273.54966
G1 X41.393 Y72.224 E273.58677
G1 X41.871 Y71.843 E273.62463
G1 X42.215 Y71.405 E273.65913
G1 X42.464 Y70.813 E273.69891
G1 X42.551 Y70.18 E273.73849
G1 X42.463 Y69.565 E273.77698
G1 X42.283 Y69.141 E273.80551
G1 X42.052 Y68.754 E273.83343
G1 X178.472 Y68.752 E282.28378
G1 X178.282 Y68.995 E282.30289
G1 X178.024 Y69.608 E282.34409
G1 X177.95 Y70.226 E282.38264
G1 X178.037 Y70.822 E282.41995
G1 X178.288 Y71.413 E282.45973
G1 X178.655 Y71.862 E282.49565
G1 X179.107 Y72.225 E282.53156
G1 X179.715 Y72.477 E282.57233
G1 X180.321 Y72.55 E282.61014
G1 X180.93 Y72.464 E282.64823
G1 X181.247 Y72.329 E282.66958
G1 X181.247 Y148.302 E287.37562
G1 X181.219 Y148.756 E287.4038
G1 X180.806 Y148.296 E287.44209
G1 X180.518 Y148.071 E287.46473
G1 X180.244 Y147.915 E287.48426
G1 X179.799 Y147.729 E287.51414
G1 X179.219 Y147.65 E287.5504
G1 X178.605 Y147.728 E287.58874
G1 X177.999 Y147.985 E287.62951
G1 X177.539 Y148.345 E287.66569
G1 X177.157 Y148.85 E287.70492
G1 X176.923 Y149.417 E287.74291
G1 X176.85 Y150.026 E287.7809
G1 X176.879 Y150.227 E287.79348
G0 F1890 X176.938 Y150.638
G0 F10500 X172.264 Y144.828
G1 F2100 X172.655 Y145.12 E287.82371
G1 X172.873 Y145.245 E287.83928
G1 X173.376 Y145.449 E287.8729
G1 X174.027 Y145.521 E287.91347
G1 X174.667 Y145.434 E287.95348
G1 X175.288 Y145.168 E287.99533
G1 X175.798 Y144.77 E288.0354
G1 X176.198 Y144.235 E288.07678
G1 X176.45 Y143.6 E288.1191
G1 X176.519 Y142.949 E288.15965
G1 X176.432 Y142.321 E288.19892
G1 X176.22 Y141.828 E288.23216
G1 X176.089 Y141.61 E288.24792
G1 X175.761 Y141.189 E288.28098
G1 X175.236 Y140.796 E288.3216
G1 X174.624 Y140.561 E288.36221
G1 X174.01 Y140.481 E288.40056
G1 X173.338 Y140.565 E288.44251
G1 X172.724 Y140.821 E288.48372
G1 X172.192 Y141.244 E288.52582
G1 X171.82 Y141.728 E288.56363
G1 X171.556 Y142.376 E288.60698
G1 X171.482 Y143.028 E288.64762
G1 X171.568 Y143.675 E288.68805
G1 X171.854 Y144.323 E288.73193
G1 X172.002 Y144.505 E288.74646
G0 F1890 X172.264 Y144.828
G1 F2100 E286.74646
G0 F10500 X47.309 Y145.263
G1 F1500 E288.74646
G1 F2100 X47.699 Y144.743 E288.78672
G1 X47.934 Y144.157 E288.82583
G1 X48.023 Y143.475 E288.86844
G1 X47.925 Y142.812 E288.90995
G1 X47.67 Y142.212 E288.95033
G1 X47.242 Y141.676 E288.99282
G1 X46.74 Y141.304 E289.03153
G1 X46.118 Y141.054 E289.07305
G1 X45.519 Y140.979 E289.11044
G1 X44.819 Y141.064 E289.15412
G1 X44.211 Y141.336 E289.19538
G1 X43.692 Y141.736 E289.23597
G1 X43.297 Y142.263 E289.27677
G1 X43.049 Y142.882 E289.31807
G1 X42.983 Y143.526 E289.35817
G1 X43.056 Y144.134 E289.39611
G1 X43.331 Y144.786 E289.43994
G1 X43.729 Y145.294 E289.47991
G1 X44.245 Y145.69 E289.5202
G1 X44.848 Y145.938 E289.56059
G1 X45.522 Y146.026 E289.6027
G1 X46.183 Y145.931 E289.64406
G1 X46.787 Y145.674 E289.68472
G1 X46.982 Y145.52 E289.70011
G0 F1890 X47.309 Y145.263
G1 F2100 E287.70011
G0 F10500 X47.678 Y144.065
G0 X47.717 Y143.736
G0 X46.802 Y78.663
G1 F1500 E289.70011
G1 F2100 X47.307 Y78.261 E289.7401
G1 X47.689 Y77.753 E289.77947
G1 X47.942 Y77.133 E289.82095
G1 X48.023 Y76.443 E289.86398
G1 X47.919 Y75.794 E289.9047
G1 X47.672 Y75.21 E289.94397
G1 X47.264 Y74.691 E289.98487
G1 X46.739 Y74.299 E290.02545
G1 X46.132 Y74.054 E290.066
G1 X45.513 Y73.975 E290.10465
G1 X44.879 Y74.054 E290.14423
G1 X44.216 Y74.327 E290.18864
G1 X43.689 Y74.743 E290.23023
G1 X43.306 Y75.257 E290.26994
G1 X43.052 Y75.873 E290.31121
G1 X42.98 Y76.552 E290.35351
G1 X43.057 Y77.13 E290.38963
G1 X43.261 Y77.634 E290.42331
G1 X43.41 Y77.89 E290.44166
G1 X43.736 Y78.308 E290.47449
G1 X44.232 Y78.681 E290.51293
G1 X44.83 Y78.929 E290.55304
G1 X45.502 Y79.024 E290.59508
G1 X46.158 Y78.934 E290.63609
G1 X46.419 Y78.824 E290.65364
G0 F1890 X46.802 Y78.663
G1 F2100 E288.65364
G0 F10500 X177.555 Y69.483
;TYPE:SKIN
G1 F1500 E290.65364
G1 F2010 X177.661 Y69.233 E290.67046
G1 X177.202 Y69.233 E290.69889
G0 F1809 X177.166 Y69.233
G0 F10500 X177.541 Y69.608
G1 F2010 X177.166 Y69.233 E290.73174
G1 X176.487 Y69.233 E290.7738
G0 F10500 X178.847 Y71.678
G0 X180.766 Y72.972
G1 F2010 X180.322 Y73.034 E290.80157
G1 X180.283 Y73.029 E290.804
G1 X180.766 Y73.512 E290.84632
G1 X180.766 Y74.191 E290.88838
G0 F10500 X176.487 Y69.233
G1 F2010 X177.468 Y70.214 E290.97431
G1 X177.569 Y70.953 E291.02051
G1 X177.599 Y71.024 E291.02529
G0 F10500 X179.471 Y72.896
G1 F2010 X180.766 Y74.191 E291.13873
G0 F10500 X177.599 Y71.024
G1 F2010 X175.808 Y69.233 E291.29563
G0 F10500 X177.599 Y71.024
G1 F2010 X177.854 Y71.629 E291.3363
G1 X178.313 Y72.2 E291.38168
G1 X178.772 Y72.575 E291.41839
G0 F1809 X178.853 Y72.641
G0 F10500 X175.808 Y69.233
G1 F2010 X175.129 Y69.233 E291.46045
G1 X180.766 Y74.87 E291.95426
G1 X180.766 Y75.549 E291.99632
G1 X174.451 Y69.233 E292.54957
G1 X173.772 Y69.233 E292.59163
G1 X180.766 Y76.228 E293.20436
G1 X180.766 Y76.907 E293.24642
G1 X173.093 Y69.233 E293.91863
G1 X172.414 Y69.233 E293.96069
G1 X180.766 Y77.585 E294.69234
G1 X180.766 Y78.264 E294.7344
G1 X171.735 Y69.233 E295.52553
G1 X171.056 Y69.233 E295.56759
G1 X180.766 Y78.943 E296.4182
G1 X180.766 Y79.622 E296.46026
G0 F10500 X174.765 Y73.594
G1 F2010 X175.486 Y73.882 E296.50835
G1 X176.1 Y74.348 E296.5561
G1 X176.589 Y74.961 E296.60467
G1 X176.858 Y75.595 E296.64733
G0 F1809 X176.9 Y75.696
G0 X176.908 Y75.764
G0 F10500 X174.733 Y73.589
G1 F2010 X170.378 Y69.233 E297.02888
G1 X169.699 Y69.233 E297.07094
G1 X173.961 Y73.495 E297.4443
G1 X173.359 Y73.573 E297.4819
G1 X169.02 Y69.233 E297.86205
G1 X168.341 Y69.233 E297.90411
G1 X172.853 Y73.745 E298.29936
G1 X172.663 Y73.825 E298.31214
G1 X172.403 Y73.974 E298.3307
G1 X167.662 Y69.233 E298.74602
G1 X166.983 Y69.233 E298.78808
G1 X172.015 Y74.265 E299.22889
G1 X171.855 Y74.39 E299.24146
G1 X171.685 Y74.613 E299.25883
G1 X166.305 Y69.233 E299.73013
G1 X165.626 Y69.233 E299.77219
G1 X171.394 Y75.002 E300.27752
G1 X171.196 Y75.482 E300.30968
G1 X164.947 Y69.233 E300.85711
G1 X164.268 Y69.233 E300.89917
G1 X171.058 Y76.023 E301.49398
G1 X170.988 Y76.504 E301.52409
G1 X171.01 Y76.654 E301.53348
G1 X163.589 Y69.233 E302.18357
G1 X162.911 Y69.233 E302.22557
G0 F10500 X175.135 Y74.558
G0 X180.766 Y79.622
G1 F2010 X176.908 Y75.764 E302.56354
G1 X177 Y76.443 E302.60598
G1 X176.99 Y76.525 E302.6111
G1 X180.766 Y80.301 E302.94188
G1 X180.766 Y80.979 E302.98388
G1 X176.927 Y77.14 E303.32018
G1 X176.918 Y77.233 E303.32597
G1 X176.753 Y77.645 E303.35346
G1 X180.766 Y81.658 E303.70501
G1 X180.766 Y82.337 E303.74707
G1 X176.529 Y78.1 E304.11823
G1 X176.24 Y78.489 E304.14825
G1 X180.766 Y83.016 E304.54478
G1 X180.766 Y83.695 E304.58684
G1 X175.886 Y78.814 E305.01438
G1 X175.535 Y79.092 E305.04211
G1 X175.499 Y79.106 E305.04451
G1 X180.766 Y84.374 E305.50595
G1 X180.766 Y85.052 E305.54795
G1 X175.017 Y79.303 E306.05157
G1 X174.755 Y79.41 E306.0691
G1 X174.479 Y79.444 E306.08632
G1 X180.766 Y85.731 E306.63708
G1 X180.766 Y86.41 E306.67914
G1 X173.838 Y79.482 E307.28604
G1 X173.243 Y79.411 E307.32316
G1 X172.984 Y79.306 E307.34047
G1 X180.766 Y87.089 E308.02223
G0 F10500 X162.911 Y69.233
G1 F2010 X171.191 Y77.514 E308.74761
G1 X171.401 Y78.02 E308.78155
G1 X171.92 Y78.671 E308.83312
G1 X172.424 Y79.048 E308.87211
G0 F1809 X172.516 Y79.117
G0 F10500 X180.766 Y87.089
G1 F2010 X180.766 Y87.768 E308.91417
G1 X162.232 Y69.233 E310.53782
G1 X161.553 Y69.233 E310.57988
G1 X180.766 Y88.447 E312.26301
G1 X180.766 Y89.125 E312.30501
G1 X160.874 Y69.233 E314.04758
G1 X160.195 Y69.233 E314.08964
G1 X180.766 Y89.804 E315.89169
G1 X180.766 Y90.483 E315.93375
G1 X159.516 Y69.233 E317.79529
G1 X158.838 Y69.233 E317.83728
G1 X180.766 Y91.162 E319.75826
G1 X180.766 Y91.841 E319.80032
G1 X158.159 Y69.233 E321.78077
G1 X157.48 Y69.233 E321.82283
G1 X180.766 Y92.519 E323.86272
G1 X180.766 Y93.198 E323.90478
G1 X156.801 Y69.233 E326.00415
G1 X156.122 Y69.233 E326.04621
G1 X180.766 Y93.877 E328.20506
G1 X180.766 Y94.556 E328.24712
G1 X155.443 Y69.233 E330.46546
G1 X154.765 Y69.233 E330.50746
G1 X180.766 Y95.235 E332.78523
G1 X180.766 Y95.914 E332.82729
G1 X154.086 Y69.233 E335.16454
G1 X153.407 Y69.233 E335.2066
G1 X180.766 Y96.592 E337.60329
G1 X180.766 Y97.271 E337.64535
G1 X152.728 Y69.233 E340.10153
G1 X152.049 Y69.233 E340.14359
G1 X180.766 Y97.95 E342.65924
G1 X180.766 Y98.629 E342.7013
G1 X151.371 Y69.233 E345.27639
G1 X150.692 Y69.233 E345.31845
G1 X180.766 Y99.308 E347.95303
G1 X180.766 Y99.987 E347.99509
G1 X150.013 Y69.233 E350.68914
G1 X149.334 Y69.233 E350.7312
G1 X180.766 Y100.665 E353.4847
G1 X180.766 Y101.344 E353.52675
G1 X148.655 Y69.233 E356.33973
G1 X147.976 Y69.233 E356.38179
G1 X180.766 Y102.023 E359.25425
G1 X180.766 Y102.702 E359.2963
G1 X147.298 Y69.233 E362.2282
G1 X146.619 Y69.233 E362.27026
G1 X180.766 Y103.381 E365.26163
G1 X180.766 Y104.059 E365.30363
G1 X145.94 Y69.233 E368.35444
G1 X145.261 Y69.233 E368.3965
G1 X180.766 Y104.738 E371.5068
G1 X180.766 Y105.417 E371.54886
G1 X144.582 Y69.233 E374.71863
G1 X143.904 Y69.233 E374.76063
G1 X180.766 Y106.096 E377.98984
G1 X180.766 Y106.775 E378.0319
G1 X143.225 Y69.233 E381.3206
G1 X142.546 Y69.233 E381.36266
G1 X180.766 Y107.454 E384.71084
G1 X180.766 Y108.132 E384.75283
G1 X141.867 Y69.233 E388.16045
G1 X141.188 Y69.233 E388.20251
G1 X180.766 Y108.811 E391.6696
G1 X180.766 Y109.49 E391.71166
G1 X140.509 Y69.233 E395.23824
G1 X139.831 Y69.233 E395.28024
G1 X180.766 Y110.169 E398.86625
G1 X180.766 Y110.848 E398.90831
G1 X139.152 Y69.233 E402.55381
G1 X138.473 Y69.233 E402.59587
G1 X180.766 Y111.527 E406.30085
G1 X180.766 Y112.205 E406.34284
G1 X137.794 Y69.233 E410.10726
G1 X137.115 Y69.233 E410.14932
G1 X180.766 Y112.884 E413.97322
G1 X180.766 Y113.563 E414.01528
G1 X136.436 Y69.233 E417.89865
G1 X135.758 Y69.233 E417.94065
G1 X180.766 Y114.242 E421.88347
G1 X180.766 Y114.921 E421.92553
G1 X135.079 Y69.233 E425.92782
G1 X134.4 Y69.233 E425.96988
G1 X180.766 Y115.599 E430.03162
G1 X180.766 Y116.278 E430.07368
G1 X133.721 Y69.233 E434.1949
G1 X133.042 Y69.233 E434.23696
G1 X180.766 Y116.957 E438.41765
G1 X180.766 Y117.636 E438.45971
G1 X132.364 Y69.233 E442.69985
G1 X131.685 Y69.233 E442.74191
G1 X180.766 Y118.315 E447.04153
G1 X180.766 Y118.994 E447.08359
G1 X131.006 Y69.233 E451.44268
G1 X130.327 Y69.233 E451.48474
G1 X180.766 Y119.672 E455.90328
G1 X180.766 Y120.351 E455.94534
G1 X129.648 Y69.233 E460.42336
G1 X128.969 Y69.233 E460.46542
G1 X180.766 Y121.03 E465.00292
G1 X180.766 Y121.709 E465.04498
G1 X128.291 Y69.233 E469.64191
G1 X127.612 Y69.233 E469.68397
G1 X180.766 Y122.388 E474.34039
G1 X180.766 Y123.066 E474.38239
G1 X126.933 Y69.233 E479.09825
G1 X126.254 Y69.233 E479.14031
G1 X180.766 Y123.745 E483.91564
G1 X180.766 Y124.424 E483.9577
G1 X125.575 Y69.233 E488.79252
G1 X124.896 Y69.233 E488.83458
G1 X180.766 Y125.103 E493.72888
G1 X180.766 Y125.782 E493.77094
G1 X124.218 Y69.233 E498.72468
G1 X123.539 Y69.233 E498.76674
G1 X180.766 Y126.461 E503.77996
G1 X180.766 Y127.139 E503.82196
G1 X122.86 Y69.233 E508.89462
G1 X122.181 Y69.233 E508.93668
G1 X180.766 Y127.818 E514.06881
G1 X180.766 Y128.497 E514.11087
G1 X121.502 Y69.233 E519.30249
G1 X120.824 Y69.233 E519.34449
G1 X180.766 Y129.176 E524.59555
G1 X180.766 Y129.855 E524.63761
G1 X120.145 Y69.233 E529.94815
G1 X119.466 Y69.233 E529.99021
G1 X180.766 Y130.534 E535.36023
G1 X180.766 Y131.212 E535.40223
G1 X118.787 Y69.233 E540.83169
G1 X118.108 Y69.233 E540.87375
G1 X180.766 Y131.891 E546.36269
G1 X180.766 Y132.57 E546.40475
G1 X117.429 Y69.233 E551.95317
G1 X116.751 Y69.233 E551.99517
G1 X180.766 Y133.249 E557.60303
G1 X180.766 Y133.928 E557.64509
G1 X116.072 Y69.233 E563.31243
G1 X115.393 Y69.233 E563.35449
G1 X180.766 Y134.606 E569.08126
G1 X180.766 Y135.285 E569.12332
G1 X114.714 Y69.233 E574.90958
G1 X114.035 Y69.233 E574.95164
G1 X180.766 Y135.964 E580.79739
G1 X180.766 Y136.643 E580.83945
G1 X113.356 Y69.233 E586.74467
G1 X112.678 Y69.233 E586.78667
G1 X180.766 Y137.322 E592.75133
G1 X180.766 Y138.001 E592.79339
G1 X111.999 Y69.233 E598.81753
G1 X111.32 Y69.233 E598.85959
G1 X180.766 Y138.679 E604.94317
G1 X180.766 Y139.358 E604.98523
G1 X110.641 Y69.233 E611.12829
G1 X109.962 Y69.232 E611.17035
G1 X180.766 Y140.037 E617.37294
G1 X180.766 Y140.716 E617.415
G1 X109.283 Y69.232 E623.67706
G1 X108.604 Y69.232 E623.71912
G1 X180.766 Y141.395 E630.04067
G1 X180.766 Y142.074 E630.08273
G1 X107.925 Y69.232 E636.46376
G1 X107.246 Y69.232 E636.50582
G1 X180.766 Y142.752 E642.94629
G1 X180.766 Y143.431 E642.98835
G1 X106.568 Y69.232 E649.48826
G1 X105.889 Y69.232 E649.53032
G1 X180.766 Y144.11 E656.0897
G1 X180.766 Y144.789 E656.13176
G1 X105.21 Y69.232 E662.75063
G1 X104.531 Y69.232 E662.79269
G1 X180.766 Y145.468 E669.47104
G1 X180.766 Y146.146 E669.51304
G0 F10500 X174.74 Y140.093
G1 F2010 X175.467 Y140.373 E669.5613
G1 X176.1 Y140.842 E669.6101
G1 X176.491 Y141.349 E669.64976
G1 X176.639 Y141.593 E669.66744
G1 X176.866 Y142.116 E669.70275
G0 F1809 X176.898 Y142.192
G0 X176.911 Y142.291
G0 F10500 X174.709 Y140.089
G1 F2010 X103.852 Y69.232 E675.90994
G1 F2100 E673.90994
G0 F10500 X180.766 Y146.146
G1 F1500 E675.90994
G1 F2010 X176.911 Y142.291 E676.24764
G1 F2100 E674.24764
G0 F10500 X103.852 Y69.232
G1 F1500 E676.24764
G1 F2010 X103.173 Y69.232 E676.2897
G1 X173.946 Y140.005 E682.48953
G1 X173.343 Y140.081 E682.52718
G1 X102.495 Y69.232 E688.73362
G1 X101.816 Y69.232 E688.77568
G1 X172.837 Y140.253 E694.99723
G1 X172.449 Y140.422 E695.02345
G1 X172.381 Y140.476 E695.02882
G1 X101.137 Y69.232 E701.26991
G1 X100.458 Y69.232 E701.31197
G1 X172.006 Y140.78 E707.57969
G1 X171.835 Y140.919 E707.59334
G1 X171.674 Y141.127 E707.60963
G1 X99.779 Y69.232 E713.90775
G1 X99.101 Y69.232 E713.94975
G1 X171.386 Y141.518 E720.28207
G1 X171.189 Y141.999 E720.31427
G1 X98.422 Y69.232 E726.68877
G1 X97.743 Y69.232 E726.73083
G1 X171.056 Y142.546 E733.15321
G1 X170.998 Y143.039 E733.18396
G1 X171.019 Y143.187 E733.19322
G1 X97.064 Y69.232 E739.6718
G1 X96.385 Y69.232 E739.71386
G1 F2100 E737.71386
G0 F10500 X176.911 Y142.291
G1 F1500 E739.71386
G1 F2010 X177 Y142.944 E739.75468
G1 X176.988 Y143.047 E739.7611
G1 X180.766 Y146.825 E740.09206
G1 X180.766 Y147.504 E740.13412
G1 X176.925 Y143.663 E740.4706
G1 X176.918 Y143.732 E740.47489
G1 X176.746 Y144.162 E740.50358
G1 X179.831 Y147.247 E740.77383
G1 X179.218 Y147.166 E740.81213
G1 X179.088 Y147.183 E740.82026
G1 X176.514 Y144.609 E741.04574
G1 X176.224 Y144.998 E741.0758
G1 X178.49 Y147.264 E741.2743
G1 X178.455 Y147.269 E741.27649
G1 X178.008 Y147.461 E741.30663
G1 X175.868 Y145.321 E741.49409
G1 X175.532 Y145.583 E741.52049
G1 X175.476 Y145.608 E741.52429
G1 X177.577 Y147.708 E741.70829
G1 X177.198 Y148.009 E741.73827
G1 X175.003 Y145.813 E741.9306
G1 X174.803 Y145.9 E741.94411
G1 X174.457 Y145.946 E741.96573
G1 X176.899 Y148.388 E742.17966
G1 X176.744 Y148.59 E742.19543
G1 X176.65 Y148.818 E742.2107
G1 X173.816 Y145.984 E742.45897
G1 X173.253 Y145.917 E742.49409
G1 X172.947 Y145.794 E742.51452
G1 X176.453 Y149.3 E742.82165
G1 X176.38 Y149.906 E742.85946
G1 F2100 E740.85946
G0 F10500 X96.385 Y69.232
G1 F1500 E742.85946
G1 F2010 X171.217 Y144.064 E749.41486
G1 X171.441 Y144.574 E749.44936
G1 X171.925 Y145.174 E749.49711
G1 X172.353 Y145.495 E749.53025
G1 X172.6 Y145.637 E749.5479
G0 F1809 X172.709 Y145.699
G0 F10500 X176.38 Y149.906
G1 F2010 X95.706 Y69.232 E756.61507
G1 X95.028 Y69.232 E756.65707
G1 X176.454 Y150.658 E763.79012
G1 X176.469 Y150.767 E763.79693
G1 X175.883 Y150.767 E763.83323
G1 X94.349 Y69.232 E770.97578
G1 X93.67 Y69.232 E771.01784
G1 X175.204 Y150.767 E778.16039
G1 X174.525 Y150.767 E778.20245
G1 X92.991 Y69.232 E785.34501
G1 X92.312 Y69.232 E785.38707
G1 X173.847 Y150.767 E792.52966
G1 X173.168 Y150.767 E792.57172
G1 X91.633 Y69.232 E799.71432
G1 X90.955 Y69.232 E799.75631
G1 X172.489 Y150.767 E806.89887
G1 X171.81 Y150.767 E806.94093
G1 X90.276 Y69.232 E814.08348
G1 X89.597 Y69.232 E814.12554
G1 X171.131 Y150.767 E821.26809
G1 X170.453 Y150.767 E821.31009
G1 X88.918 Y69.232 E828.45268
G1 X88.239 Y69.232 E828.49474
G1 X169.774 Y150.767 E835.63734
G1 X169.095 Y150.767 E835.6794
G1 X87.561 Y69.232 E842.82195
G1 X86.882 Y69.232 E842.86401
G1 X168.416 Y150.767 E850.00656
G1 X167.737 Y150.767 E850.04862
G1 X86.203 Y69.232 E857.19117
G1 X85.524 Y69.232 E857.23323
G1 X167.058 Y150.767 E864.37578
G1 X166.38 Y150.767 E864.41778
G1 X84.845 Y69.232 E871.56037
G1 X84.166 Y69.232 E871.60243
G1 X165.701 Y150.767 E878.74503
G1 X165.022 Y150.767 E878.78709
G1 X83.488 Y69.232 E885.92964
G1 X82.809 Y69.232 E885.9717
G1 X164.343 Y150.767 E893.11425
G1 X163.664 Y150.767 E893.15631
G1 X82.13 Y69.232 E900.29886
G1 X81.451 Y69.232 E900.34092
G1 X162.985 Y150.767 E907.48347
G1 X162.307 Y150.767 E907.52547
G1 X80.772 Y69.232 E914.66807
G1 X80.093 Y69.232 E914.71013
G1 X161.628 Y150.767 E921.85272
G1 X160.949 Y150.767 E921.89478
G1 X79.415 Y69.232 E929.03733
G1 X78.736 Y69.232 E929.07939
G1 X160.27 Y150.767 E936.22195
G1 X159.591 Y150.767 E936.264
G1 X78.057 Y69.232 E943.40656
G1 X77.378 Y69.232 E943.44862
G1 X158.913 Y150.767 E950.59121
G1 X158.234 Y150.767 E950.63327
G1 X76.699 Y69.232 E957.77587
G1 X76.021 Y69.232 E957.81786
G1 X157.555 Y150.767 E964.96042
G1 X156.876 Y150.767 E965.00248
G1 X75.342 Y69.232 E972.14503
G1 X74.663 Y69.232 E972.18709
G1 X156.197 Y150.767 E979.32964
G1 X155.518 Y150.767 E979.3717
G1 X73.984 Y69.232 E986.51425
G1 X73.305 Y69.232 E986.55631
G1 X154.84 Y150.767 E993.6989
G1 X154.161 Y150.767 E993.74096
G1 X72.626 Y69.232 E1000.88356
G1 X71.948 Y69.232 E1000.92556
G1 X153.482 Y150.767 E1008.06811
G1 X152.803 Y150.767 E1008.11017
G1 X71.269 Y69.232 E1015.25272
G1 X70.59 Y69.232 E1015.29478
G1 X152.124 Y150.767 E1022.43733
G1 X151.446 Y150.767 E1022.47933
G1 X69.911 Y69.232 E1029.62192
G1 X69.232 Y69.232 E1029.66398
G1 X150.767 Y150.767 E1036.80658
G1 X150.088 Y150.767 E1036.84864
G1 X68.554 Y69.232 E1043.99119
G1 X67.875 Y69.232 E1044.03325
G1 X149.409 Y150.767 E1051.1758
G1 X148.73 Y150.767 E1051.21786
G1 X67.196 Y69.232 E1058.36041
G1 X66.517 Y69.232 E1058.40247
G1 X148.051 Y150.767 E1065.54503
G1 X147.373 Y150.767 E1065.58702
G1 X65.838 Y69.232 E1072.72962
G1 X65.159 Y69.232 E1072.77168
G1 X146.694 Y150.767 E1079.91427
G1 X146.015 Y150.767 E1079.95633
G1 X64.481 Y69.232 E1087.09888
G1 X63.802 Y69.232 E1087.14094
G1 X145.336 Y150.767 E1094.2835
G1 X144.657 Y150.767 E1094.32556
G1 X63.123 Y69.232 E1101.46811
G1 X62.444 Y69.232 E1101.51017
G1 X143.978 Y150.767 E1108.65272
G1 X143.3 Y150.767 E1108.69472
G1 X61.765 Y69.232 E1115.83731
G1 X61.086 Y69.232 E1115.87937
G1 X142.621 Y150.767 E1123.02197
G1 X141.942 Y150.767 E1123.06403
G1 X60.408 Y69.232 E1130.20658
G1 X59.729 Y69.232 E1130.24864
G1 X141.263 Y150.767 E1137.39119
G1 X140.584 Y150.767 E1137.43325
G1 X59.05 Y69.232 E1144.5758
G1 X58.371 Y69.232 E1144.61786
G1 X139.906 Y150.767 E1151.76046
G1 X139.227 Y150.767 E1151.80252
G1 X57.692 Y69.232 E1158.94511
G1 X57.014 Y69.232 E1158.98711
G1 X138.548 Y150.767 E1166.12966
G1 X137.869 Y150.767 E1166.17172
G1 X56.335 Y69.232 E1173.31427
G1 X55.656 Y69.232 E1173.35633
G1 X137.19 Y150.767 E1180.49888
G1 X136.511 Y150.767 E1180.54094
G1 X54.977 Y69.232 E1187.68349
G1 X54.298 Y69.232 E1187.72555
G1 X135.833 Y150.767 E1194.86815
G1 X135.154 Y150.767 E1194.91021
G1 X53.619 Y69.232 E1202.0528
G1 X52.941 Y69.232 E1202.0948
G1 X134.475 Y150.767 E1209.23735
G1 X133.796 Y150.767 E1209.27941
G1 X52.262 Y69.232 E1216.42196
G1 X51.583 Y69.232 E1216.46402
G1 X133.117 Y150.767 E1223.60658
G1 X132.438 Y150.767 E1223.64864
G1 X50.904 Y69.232 E1230.79119
G1 X50.225 Y69.232 E1230.83325
G1 X131.759 Y150.766 E1237.97575
G1 X131.08 Y150.766 E1238.01781
G1 X49.546 Y69.232 E1245.16032
G1 X48.868 Y69.232 E1245.20232
G1 X130.401 Y150.766 E1252.34478
G1 X129.722 Y150.766 E1252.38684
G1 X48.189 Y69.232 E1259.52931
G1 X47.51 Y69.232 E1259.57137
G1 X129.044 Y150.766 E1266.71387
G1 X128.365 Y150.766 E1266.75593
G1 X46.831 Y69.232 E1273.89844
G1 X46.152 Y69.232 E1273.9405
G1 X127.686 Y150.766 E1281.08301
G1 X127.007 Y150.766 E1281.12507
G1 X45.474 Y69.232 E1288.26753
G1 X44.795 Y69.232 E1288.30959
G1 X126.328 Y150.766 E1295.45206
G1 X125.65 Y150.766 E1295.49405
G1 X44.116 Y69.232 E1302.63656
G1 X43.437 Y69.232 E1302.67862
G1 X124.971 Y150.766 E1309.82113
G1 X124.292 Y150.766 E1309.86319
G1 X42.905 Y69.379 E1316.99282
G1 X42.928 Y69.432 E1316.9964
G1 X43.026 Y70.131 E1317.04012
G0 F1809 X43.033 Y70.186
G0 F10500 X46.975 Y73.874
G1 F2010 X47.601 Y74.344 E1317.08861
G1 X48.088 Y74.965 E1317.1375
G1 X48.289 Y75.442 E1317.16956
G1 X123.613 Y150.766 E1323.76806
G1 F2100 E1321.76806
G0 F10500 X43.033 Y70.186
G1 F1500 E1323.76806
G1 F2010 X46.551 Y73.704 E1324.07624
G1 X46.253 Y73.585 E1324.09612
G1 X45.683 Y73.515 E1324.13169
G1 X42.95 Y70.782 E1324.37111
G1 X42.926 Y70.96 E1324.38223
G1 X42.783 Y71.294 E1324.40474
G1 X45.039 Y73.549 E1324.60232
G1 X44.759 Y73.582 E1324.61979
G1 X44.498 Y73.688 E1324.63724
G1 X42.556 Y71.745 E1324.8074
G1 X42.258 Y72.126 E1324.83737
G1 X44.015 Y73.883 E1324.99128
G1 X43.991 Y73.893 E1324.99289
G1 X43.63 Y74.177 E1325.02135
G1 X41.892 Y72.439 E1325.1736
G1 X41.635 Y72.639 E1325.19377
G1 X41.48 Y72.706 E1325.20423
G1 X43.273 Y74.499 E1325.3613
G1 X42.984 Y74.888 E1325.39132
G1 X41.002 Y72.906 E1325.56494
G1 X40.964 Y72.922 E1325.5675
G1 X40.422 Y73.005 E1325.60146
G1 X42.755 Y75.338 E1325.80584
G1 X42.58 Y75.749 E1325.83351
G1 X42.572 Y75.834 E1325.8388
G1 X39.704 Y72.966 E1326.09004
G1 X39.635 Y72.957 E1326.09435
G1 X39.233 Y72.846 E1326.12018
G1 X39.233 Y73.119 E1326.13709
G0 F1809 X39.233 Y73.174
G1 F2100 E1324.13709
G0 F10500 X43.921 Y78.103
G0 X123.613 Y150.766
G1 F1500 E1326.13709
G1 F2010 X122.934 Y150.766 E1326.17915
G1 X48.487 Y76.319 E1332.70083
G1 X48.508 Y76.45 E1332.70904
G1 X48.446 Y76.956 E1332.74062
G1 X122.255 Y150.766 E1339.20645
G1 X121.577 Y150.766 E1339.24845
G1 X48.313 Y77.502 E1345.66649
G1 X48.113 Y77.981 E1345.69865
G1 X120.898 Y150.766 E1352.07473
G1 X120.219 Y150.766 E1352.11679
G1 X47.825 Y78.372 E1358.45862
G1 X47.656 Y78.596 E1358.476
G1 X47.497 Y78.722 E1358.48856
G1 X119.54 Y150.766 E1364.79969
G1 X118.861 Y150.766 E1364.84175
G1 X47.118 Y79.023 E1371.12655
G1 X47.033 Y79.09 E1371.13325
G1 X46.659 Y79.242 E1371.15826
G1 X118.182 Y150.766 E1377.42383
G1 X117.504 Y150.766 E1377.46583
G1 X46.157 Y79.42 E1383.7159
G1 X45.557 Y79.498 E1383.75338
G1 X116.825 Y150.766 E1389.99657
G1 X116.146 Y150.766 E1390.03863
G1 F2100 E1388.03863
G0 F10500 X43.921 Y78.103
G0 X39.233 Y73.174
G1 F1500 E1390.03863
G1 F2010 X42.507 Y76.448 E1390.32543
G1 X42.495 Y76.557 E1390.33223
G1 X42.577 Y77.156 E1390.36968
G0 F1809 X42.583 Y77.203
G0 F10500 X44.786 Y79.405
G1 F2010 X116.146 Y150.766 E1396.62097
G1 F2100 E1394.62097
G0 F10500 X42.583 Y77.203
G1 F1500 E1396.62097
G1 F2010 X39.233 Y73.853 E1396.91443
G0 F10500 X44.702 Y79.393
G1 F2010 X43.991 Y79.099 E1396.96209
G1 X43.397 Y78.652 E1397.00814
G1 X43.04 Y78.199 E1397.04387
G1 X42.824 Y77.833 E1397.07019
G1 X42.631 Y77.373 E1397.10109
G0 F1809 X42.593 Y77.281
G0 X42.583 Y77.203
G0 F10500 X39.233 Y73.853
G1 F2010 X39.233 Y74.532 E1397.14315
G1 X115.467 Y150.766 E1403.82137
G1 X114.788 Y150.766 E1403.86343
G1 X39.233 Y75.211 E1410.48217
G1 X39.233 Y75.89 E1410.52423
G1 X114.11 Y150.766 E1417.08353
G1 X113.431 Y150.766 E1417.12559
G1 X39.233 Y76.569 E1423.62541
G1 X39.233 Y77.247 E1423.66741
G1 X112.752 Y150.766 E1430.10779
G1 X112.073 Y150.766 E1430.14985
G1 X39.233 Y77.926 E1436.53075
G1 X39.233 Y78.605 E1436.57281
G1 X111.394 Y150.766 E1442.89423
G1 X110.715 Y150.766 E1442.93629
G1 X39.233 Y79.284 E1449.19822
G1 X39.233 Y79.963 E1449.24028
G1 X110.037 Y150.766 E1455.44278
G1 X109.358 Y150.766 E1455.48484
G1 X39.233 Y80.641 E1461.6279
G1 X39.233 Y81.32 E1461.66996
G1 X108.679 Y150.766 E1467.75354
G1 X108 Y150.766 E1467.7956
G1 X39.233 Y81.999 E1473.8197
G1 X39.233 Y82.678 E1473.86176
G1 X107.321 Y150.766 E1479.82638
G1 X106.643 Y150.766 E1479.86837
G1 X39.233 Y83.357 E1485.77355
G1 X39.233 Y84.036 E1485.81561
G1 X105.964 Y150.766 E1491.66131
G1 X105.285 Y150.766 E1491.70337
G1 X39.233 Y84.714 E1497.48963
G1 X39.233 Y85.393 E1497.53169
G1 X104.606 Y150.766 E1503.25847
G1 X103.927 Y150.766 E1503.30053
G1 X39.233 Y86.072 E1508.96782
G1 X39.233 Y86.751 E1509.00988
G1 X103.248 Y150.766 E1514.6177
G1 X102.57 Y150.766 E1514.6597
G1 X39.233 Y87.43 E1520.20808
G1 X39.233 Y88.109 E1520.25014
G1 X101.891 Y150.766 E1525.73903
G1 X101.212 Y150.766 E1525.78109
G1 X39.233 Y88.787 E1531.21055
G1 X39.233 Y89.466 E1531.25261
G1 X100.533 Y150.766 E1536.62259
G1 X99.854 Y150.766 E1536.66465
G1 X39.233 Y90.145 E1541.97514
G1 X39.233 Y90.824 E1542.0172
G1 X99.175 Y150.766 E1547.26822
G1 X98.497 Y150.766 E1547.31021
G1 X39.233 Y91.503 E1552.50179
G1 X39.233 Y92.181 E1552.54379
G1 X97.818 Y150.766 E1557.67593
G1 X97.139 Y150.766 E1557.71799
G1 X39.233 Y92.86 E1562.79064
G1 X39.233 Y93.539 E1562.8327
G1 X96.46 Y150.766 E1567.84588
G1 X95.781 Y150.766 E1567.88794
G1 X39.233 Y94.218 E1572.84163
G1 X39.233 Y94.897 E1572.88369
G1 X95.103 Y150.766 E1577.77795
G1 X94.424 Y150.766 E1577.82001
G1 X39.233 Y95.576 E1582.65479
G1 X39.233 Y96.254 E1582.69678
G1 X93.745 Y150.766 E1587.47212
G1 X93.066 Y150.766 E1587.51418
G1 X39.233 Y96.933 E1592.23004
G1 X39.233 Y97.612 E1592.2721
G1 X92.387 Y150.766 E1596.92847
G1 X91.708 Y150.766 E1596.97053
G1 X39.233 Y98.291 E1601.56743
G1 X39.233 Y98.97 E1601.60948
G1 X91.03 Y150.766 E1606.14694
G1 X90.351 Y150.766 E1606.189
G1 X39.233 Y99.649 E1610.66697
G1 X39.233 Y100.327 E1610.70897
G1 X89.672 Y150.766 E1615.12751
G1 X88.993 Y150.766 E1615.16957
G1 X39.233 Y101.006 E1619.52862
G1 X39.233 Y101.685 E1619.57068
G1 X88.314 Y150.766 E1623.87026
G1 X87.635 Y150.766 E1623.91232
G1 X39.233 Y102.364 E1628.15241
G1 X39.233 Y103.043 E1628.19447
G1 X86.956 Y150.765 E1632.37503
G1 X86.277 Y150.765 E1632.41709
G1 X39.233 Y103.721 E1636.53822
G1 X39.233 Y104.4 E1636.58028
G1 X85.598 Y150.765 E1640.64193
G1 X84.919 Y150.765 E1640.68399
G1 X39.233 Y105.079 E1644.68616
G1 X39.233 Y105.758 E1644.72822
G1 X84.241 Y150.765 E1648.67094
G1 X83.562 Y150.765 E1648.713
G1 X39.233 Y106.437 E1652.59625
G1 X39.233 Y107.116 E1652.63831
G1 X82.883 Y150.765 E1656.46208
G1 X82.204 Y150.765 E1656.50414
G1 X39.233 Y107.794 E1660.26846
G1 X39.233 Y108.473 E1660.31052
G1 X81.525 Y150.765 E1664.01537
G1 X80.847 Y150.765 E1664.05737
G1 X39.233 Y109.152 E1667.70278
G1 X39.233 Y109.831 E1667.74484
G1 X80.168 Y150.765 E1671.33076
G1 X79.489 Y150.765 E1671.37282
G1 X39.233 Y110.51 E1674.89927
G1 X39.233 Y111.189 E1674.94133
G1 X78.81 Y150.765 E1678.40829
G1 X78.131 Y150.765 E1678.45035
G1 X39.233 Y111.867 E1681.85788
G1 X39.233 Y112.546 E1681.89994
G1 X77.452 Y150.765 E1685.24798
G1 X76.774 Y150.765 E1685.28998
G1 X39.233 Y113.225 E1688.57859
G1 X39.233 Y113.904 E1688.62065
G1 X76.095 Y150.765 E1691.84977
G1 X75.416 Y150.765 E1691.89183
G1 X39.233 Y114.583 E1695.06148
G1 X39.233 Y115.261 E1695.10348
G1 X74.737 Y150.765 E1698.21368
G1 X74.058 Y150.765 E1698.25574
G1 X39.233 Y115.94 E1701.30647
G1 X39.233 Y116.619 E1701.34853
G1 X73.38 Y150.765 E1704.33982
G1 X72.701 Y150.765 E1704.38188
G1 X39.233 Y117.298 E1707.31368
G1 X39.233 Y117.977 E1707.35574
G1 X72.022 Y150.765 E1710.22807
G1 X71.343 Y150.765 E1710.27013
G1 X39.233 Y118.656 E1713.08297
G1 X39.233 Y119.334 E1713.12497
G1 X70.664 Y150.765 E1715.87837
G1 X69.985 Y150.765 E1715.92043
G1 X39.233 Y120.013 E1718.61436
G1 X39.233 Y120.692 E1718.65642
G1 X69.307 Y150.765 E1721.2909
G1 X68.628 Y150.765 E1721.33296
G1 X39.233 Y121.371 E1723.90797
G1 X39.233 Y122.05 E1723.95003
G1 X67.949 Y150.765 E1726.46555
G1 X67.27 Y150.765 E1726.50761
G1 X39.233 Y122.728 E1728.96369
G1 X39.233 Y123.407 E1729.00575
G1 X66.591 Y150.765 E1731.40236
G1 X65.912 Y150.765 E1731.44442
G1 X39.233 Y124.086 E1733.78154
G1 X39.233 Y124.765 E1733.8236
G1 X65.234 Y150.765 E1736.10129
G1 X64.555 Y150.765 E1736.14335
G1 X39.233 Y125.444 E1738.36155
G1 X39.233 Y126.123 E1738.40361
G1 X63.876 Y150.765 E1740.56233
G1 X63.197 Y150.765 E1740.60439
G1 X39.233 Y126.801 E1742.70368
G1 X39.233 Y127.48 E1742.74573
G1 X62.518 Y150.765 E1744.78554
G1 X61.84 Y150.765 E1744.82754
G1 X39.233 Y128.159 E1746.8079
G1 X39.233 Y128.838 E1746.84996
G1 X61.161 Y150.765 E1748.77084
G1 X60.482 Y150.765 E1748.8129
G1 X39.233 Y129.517 E1750.67431
G1 X39.233 Y130.196 E1750.71637
G1 X59.803 Y150.765 E1752.51829
G1 X59.124 Y150.765 E1752.56035
G1 X39.233 Y130.874 E1754.30283
G1 X39.233 Y131.553 E1754.34489
G1 X58.445 Y150.765 E1756.02789
G1 X57.767 Y150.765 E1756.06989
G1 X39.233 Y132.232 E1757.69345
G1 X39.233 Y132.911 E1757.73551
G1 X57.088 Y150.765 E1759.2996
G1 X56.409 Y150.765 E1759.34166
G0 F10500 X48.403 Y142.759
G1 F2010 X48.392 Y142.677 E1759.34678
G1 X48.08 Y141.95 E1759.39579
G1 X47.597 Y141.341 E1759.44393
G1 X47.009 Y140.901 E1759.48942
G1 X46.445 Y140.672 E1759.52713
G0 F1809 X46.23 Y140.585
G0 F10500 X56.409 Y150.765
G1 F2010 X48.403 Y142.759 E1760.22847
G0 F10500 X46.228 Y140.584
G1 F2010 X39.233 Y133.59 E1760.8412
G1 X39.233 Y134.268 E1760.8832
G1 X45.466 Y140.501 E1761.42922
G1 X44.863 Y140.577 E1761.46686
G1 X39.233 Y134.947 E1761.96006
G1 X39.233 Y135.626 E1762.00212
G1 X44.354 Y140.747 E1762.45073
G1 X43.938 Y140.929 E1762.47886
G1 X43.893 Y140.965 E1762.48243
G1 X39.233 Y136.305 E1762.89065
G1 X39.233 Y136.984 E1762.93271
G1 X43.513 Y141.264 E1763.30764
G1 X43.345 Y141.397 E1763.32092
G1 X43.184 Y141.613 E1763.3376
G1 X39.233 Y137.663 E1763.68367
G1 X39.233 Y138.341 E1763.72567
G1 X42.893 Y142.001 E1764.04629
G1 X42.874 Y142.026 E1764.04824
G1 X42.693 Y142.48 E1764.07851
G1 X39.233 Y139.02 E1764.38161
G1 X39.233 Y139.699 E1764.42367
G1 X42.552 Y143.018 E1764.71442
G1 X42.495 Y143.558 E1764.74806
G1 X42.508 Y143.652 E1764.75394
G1 X39.233 Y140.378 E1765.04079
G1 X39.233 Y141.057 E1765.08285
G0 F10500 X45.517 Y141.25
G0 X46.069 Y141.324
G0 X46.527 Y141.513
G0 X48.403 Y142.759
G1 F2010 X48.509 Y143.491 E1765.12866
G1 X48.502 Y143.537 E1765.13155
G1 X55.73 Y150.765 E1765.76473
G1 X55.051 Y150.765 E1765.80679
G1 X48.419 Y144.133 E1766.38776
G1 X48.4 Y144.278 E1766.39682
G1 X48.252 Y144.645 E1766.42134
G1 X54.372 Y150.765 E1766.95746
G1 X53.694 Y150.765 E1766.99945
G1 X48.028 Y145.1 E1767.49576
G1 X47.738 Y145.489 E1767.52582
G1 X53.015 Y150.765 E1767.98805
G1 X52.336 Y150.765 E1768.03011
G1 X47.385 Y145.814 E1768.46382
G1 X47.033 Y146.09 E1768.49153
G1 X46.997 Y146.105 E1768.49395
G1 X51.657 Y150.765 E1768.90217
G1 X50.978 Y150.765 E1768.94423
G1 X46.521 Y146.308 E1769.33467
G1 X46.311 Y146.395 E1769.34875
G1 X45.978 Y146.444 E1769.3696
G1 X50.3 Y150.765 E1769.74817
G1 X49.621 Y150.765 E1769.79023
G1 X45.341 Y146.486 E1770.16512
G1 X44.747 Y146.412 E1770.2022
G1 X44.484 Y146.307 E1770.21974
G1 X48.942 Y150.765 E1770.61027
G0 F10500 X39.233 Y141.057
G1 F2010 X42.692 Y144.515 E1770.91324
G1 X42.918 Y145.033 E1770.94825
G1 X43.392 Y145.638 E1770.99585
G1 X43.928 Y146.051 E1771.03777
G0 F1809 X44.019 Y146.121
G0 F10500 X48.942 Y150.765
G1 F2010 X48.263 Y150.765 E1771.07983
G1 X39.233 Y141.736 E1771.87083
G1 X39.233 Y142.414 E1771.91282
G1 X47.584 Y150.765 E1772.64439
G1 X46.905 Y150.765 E1772.68645
G1 X39.233 Y143.093 E1773.35852
G1 X39.233 Y143.772 E1773.40058
G1 X46.227 Y150.765 E1774.01323
G1 X45.548 Y150.765 E1774.05529
G1 X39.233 Y144.451 E1774.60845
G1 X39.233 Y145.13 E1774.65051
G0 F10500 X42.166 Y147.969
G1 F2010 X42.578 Y148.474 E1774.69088
G1 X44.869 Y150.765 E1774.89157
G1 X44.19 Y150.765 E1774.93363
G1 X42.969 Y149.544 E1775.04059
G1 X43.033 Y149.959 E1775.0666
G1 X43.001 Y150.233 E1775.08369
G0 F1809 X42.999 Y150.253
G0 F10500 X39.233 Y145.13
G1 F2010 X41.775 Y147.672 E1775.30638
G1 X41.611 Y147.547 E1775.31915
G1 X40.905 Y147.261 E1775.36633
G1 X40.65 Y147.225 E1775.38228
G1 X39.233 Y145.808 E1775.50642
G1 X39.233 Y146.487 E1775.54848
G1 X39.945 Y147.199 E1775.61085
G0 F10500 X41.653 Y148.522
G0 X42.999 Y150.253
G1 F2010 X43.511 Y150.765 E1775.6557
G1 X42.905 Y150.765 E1775.69324
G1 X42.968 Y150.513 E1775.70933
G0 F1809 X42.972 Y150.494
G0 F10500 X41.986 Y148.946
G0 X41.717 Y148.604
G0 X39.945 Y147.199
G1 F2010 X39.437 Y147.268 E1775.74108
G1 X39.366 Y147.298 E1775.74586
G1 X39.233 Y147.166
G1 X39.366 Y147.298 E1775.75747
G1 X39.233 Y147.357 E1775.76648
G1 F2100 E1773.76648
;MESH:NONMESH
G0 F300 X39.233 Y147.357 Z3.2
G0 F10500 X46.577 Y78.532
G0 X46.311 Y77.887
;TIME_ELAPSED:9661.024345
;LAYER:9
;TYPE:WALL-OUTER
;MESH:Reloj carcasa piso.stl
G1 F1500 E1775.76648
G1 F597.5 X45.91 Y78.052 E1775.79345
G1 F596.3 X45.5 Y78.105 E1775.81922
G1 X45.08 Y78.049 E1775.84563
G1 F595 X44.699 Y77.891 E1775.87139
G1 X44.366 Y77.634 E1775.89767
G1 X44.109 Y77.301 E1775.92394
G1 X43.948 Y76.91 E1775.95035
G1 F596.3 X43.895 Y76.5 E1775.97612
G1 X43.951 Y76.08 E1776.00253
G1 F595 X44.109 Y75.699 E1776.02829
G1 X44.366 Y75.366 E1776.05456
G1 X44.699 Y75.109 E1776.08084
G1 X45.09 Y74.948 E1776.10725
G1 F596.3 X45.5 Y74.895 E1776.13302
G1 X45.92 Y74.951 E1776.15943
G1 F595 X46.301 Y75.109 E1776.18519
G1 X46.634 Y75.366 E1776.21146
G1 F598.8 X46.886 Y75.687 E1776.23679
G1 F597.5 X47.049 Y76.08 E1776.26326
G1 X47.106 Y76.495 E1776.28932
G1 F601.3 X47.053 Y76.909 E1776.31512
G1 F597.5 X46.891 Y77.301 E1776.3415
G1 X46.64 Y77.63 E1776.36724
G1 F600 X46.311 Y77.887 E1776.3931
G1 F2100 E1774.3931
G1 F300 Z3.4
G0 F10500 X46.64 Y144.63 Z3.4
G1 F300 Z3.2
G1 F1500 E1776.3931
G1 F600 X46.311 Y144.887 E1776.41896
G1 F596.3 X45.92 Y145.049 E1776.44534
G1 F595 X45.5 Y145.104 E1776.4718
G1 X45.08 Y145.049 E1776.49825
G1 F593.8 X44.699 Y144.891 E1776.52407
G1 F595 X44.366 Y144.634 E1776.55034
G1 X44.109 Y144.301 E1776.57662
G1 X43.948 Y143.91 E1776.60303
G1 F596.3 X43.895 Y143.5 E1776.6288
G1 X43.951 Y143.08 E1776.65521
G1 F595 X44.109 Y142.699 E1776.68097
G1 X44.366 Y142.366 E1776.70724
G1 X44.699 Y142.109 E1776.73351
G1 X45.08 Y141.951 E1776.75928
G1 F592.6 X45.505 Y141.893 E1776.78618
G1 X45.92 Y141.951 E1776.81246
G1 F595 X46.301 Y142.109 E1776.83822
G1 X46.634 Y142.366 E1776.8645
G1 F598.8 X46.886 Y142.687 E1776.88983
G1 F597.5 X47.049 Y143.08 E1776.91629
G1 X47.106 Y143.495 E1776.94235
G1 F601.3 X47.053 Y143.909 E1776.96815
G1 F597.5 X46.891 Y144.301 E1776.99453
G1 X46.658 Y144.607 E1777.01845
G0 F1080 X46.64 Y144.63
G1 F2100 E1775.01845
G1 F300 Z3.4
G0 F10500 X172.866 Y144.134 Z3.4
G1 F300 Z3.2
G1 F1500 E1777.01845
G1 F595 X172.609 Y143.801 E1777.04473
G1 X172.451 Y143.42 E1777.07049
G1 F596.3 X172.396 Y143 E1777.09689
G1 F595 X172.451 Y142.58 E1777.12335
G1 F592.6 X172.614 Y142.188 E1777.14998
G1 F593.8 X172.866 Y141.866 E1777.17557
G1 F595 X173.199 Y141.609 E1777.20184
G1 X173.58 Y141.451 E1777.2276
G1 F592.6 X174.005 Y141.393 E1777.2545
G1 X174.42 Y141.451 E1777.28079
G1 F595 X174.801 Y141.609 E1777.30655
G1 X175.134 Y141.866 E1777.33282
G1 F598.8 X175.386 Y142.187 E1777.35815
G1 F597.5 X175.549 Y142.58 E1777.38462
G1 X175.606 Y142.995 E1777.41067
G1 F601.3 X175.553 Y143.409 E1777.43647
G1 F597.5 X175.391 Y143.801 E1777.46286
G1 X175.14 Y144.13 E1777.4886
G1 F600 X174.811 Y144.387 E1777.51446
G1 F596.3 X174.42 Y144.549 E1777.54084
G1 F595 X174 Y144.604 E1777.56729
G1 X173.58 Y144.549 E1777.59375
G1 F593.8 X173.199 Y144.391 E1777.61957
G1 F595 X172.866 Y144.134 E1777.64584
G1 F2100 E1775.64584
G1 F300 Z3.4
G0 F10500 X173.199 Y77.891 Z3.4
G1 F300 Z3.2
G1 F1500 E1777.64584
G1 F595 X172.866 Y77.634 E1777.67211
G1 X172.609 Y77.301 E1777.69839
G1 X172.451 Y76.92 E1777.72415
G1 F596.3 X172.396 Y76.5 E1777.75055
G1 F595 X172.451 Y76.08 E1777.77701
G1 F592.6 X172.614 Y75.688 E1777.80364
G1 F593.8 X172.866 Y75.366 E1777.82923
G1 F595 X173.199 Y75.109 E1777.8555
G1 X173.59 Y74.948 E1777.88191
G1 F596.3 X174 Y74.895 E1777.90768
G1 X174.42 Y74.951 E1777.93409
G1 F595 X174.801 Y75.109 E1777.95985
G1 X175.134 Y75.366 E1777.98613
G1 F598.8 X175.386 Y75.687 E1778.01146
G1 F597.5 X175.549 Y76.08 E1778.03792
G1 X175.606 Y76.495 E1778.06398
G1 F601.3 X175.553 Y76.909 E1778.08978
G1 F597.5 X175.391 Y77.301 E1778.11616
G1 X175.14 Y77.63 E1778.1419
G1 F600 X174.811 Y77.887 E1778.16776
G1 F597.5 X174.41 Y78.052 E1778.19473
G1 F596.3 X174 Y78.105 E1778.2205
G1 X173.58 Y78.049 E1778.24691
G1 F595 X173.199 Y77.891 E1778.27267
G1 F2100 E1776.27267
G1 F300 Z3.4
;MESH:NONMESH
G0 F10500 X46.311 Y77.887 Z3.4
;TIME_ELAPSED:9669.403228
;LAYER:10
;MESH:Reloj carcasa piso.stl
G0 X46.311 Y77.887 Z3.72
;TYPE:WALL-OUTER
G1 F300 Z3.52
G1 F1500 E1778.27267
G1 F597.5 X45.91 Y78.052 E1778.29965
G1 F596.3 X45.5 Y78.105 E1778.32541
G1 X45.08 Y78.049 E1778.35183
G1 F595 X44.699 Y77.891 E1778.37759
G1 X44.366 Y77.634 E1778.40386
G1 X44.109 Y77.301 E1778.43013
G1 X43.948 Y76.91 E1778.45655
G1 F596.3 X43.895 Y76.5 E1778.48231
G1 X43.951 Y76.08 E1778.50872
G1 F595 X44.109 Y75.699 E1778.53449
G1 X44.366 Y75.366 E1778.56076
G1 X44.699 Y75.109 E1778.58703
G1 X45.09 Y74.948 E1778.61344
G1 F596.3 X45.5 Y74.895 E1778.63921
G1 X45.92 Y74.951 E1778.66562
G1 F595 X46.301 Y75.109 E1778.69138
G1 X46.634 Y75.366 E1778.71766
G1 F598.8 X46.886 Y75.687 E1778.74299
G1 F597.5 X47.049 Y76.08 E1778.76945
G1 X47.106 Y76.495 E1778.79551
G1 F601.3 X47.053 Y76.909 E1778.82131
G1 F597.5 X46.891 Y77.301 E1778.84769
G1 X46.64 Y77.63 E1778.87343
G1 F600 X46.311 Y77.887 E1778.89929
G1 F2100 E1776.89929
G1 F300 Z3.72
G0 F10500 X46.64 Y144.63 Z3.72
G1 F300 Z3.52
G1 F1500 E1778.89929
G1 F600 X46.311 Y144.887 E1778.92515
G1 F596.3 X45.92 Y145.049 E1778.95153
G1 F595 X45.5 Y145.104 E1778.97799
G1 X45.08 Y145.049 E1779.00445
G1 F593.8 X44.699 Y144.891 E1779.03026
G1 F595 X44.366 Y144.634 E1779.05654
G1 X44.109 Y144.301 E1779.08281
G1 X43.948 Y143.91 E1779.10922
G1 F596.3 X43.895 Y143.5 E1779.13499
G1 X43.951 Y143.08 E1779.1614
G1 F595 X44.109 Y142.699 E1779.18716
G1 X44.366 Y142.366 E1779.21344
G1 X44.699 Y142.109 E1779.23971
G1 X45.08 Y141.951 E1779.26547
G1 F592.6 X45.505 Y141.893 E1779.29237
G1 X45.92 Y141.951 E1779.31865
G1 F595 X46.301 Y142.109 E1779.34442
G1 X46.634 Y142.366 E1779.37069
G1 F598.8 X46.886 Y142.687 E1779.39602
G1 F597.5 X47.049 Y143.08 E1779.42249
G1 X47.106 Y143.495 E1779.44854
G1 F601.3 X47.053 Y143.909 E1779.47434
G1 F597.5 X46.891 Y144.301 E1779.50073
G1 X46.658 Y144.607 E1779.52465
G0 F1080 X46.64 Y144.63
G1 F2100 E1777.52465
G1 F300 Z3.72
G0 F10500 X172.866 Y144.134 Z3.72
G1 F300 Z3.52
G1 F1500 E1779.52465
G1 F595 X172.609 Y143.801 E1779.55092
G1 X172.451 Y143.42 E1779.57668
G1 F596.3 X172.396 Y143 E1779.60309
G1 F595 X172.451 Y142.58 E1779.62954
G1 F592.6 X172.614 Y142.188 E1779.65617
G1 F593.8 X172.866 Y141.866 E1779.68176
G1 F595 X173.199 Y141.609 E1779.70804
G1 X173.58 Y141.451 E1779.7338
G1 F592.6 X174.005 Y141.393 E1779.7607
G1 X174.42 Y141.451 E1779.78698
G1 F595 X174.801 Y141.609 E1779.81274
G1 X175.134 Y141.866 E1779.83902
G1 F598.8 X175.386 Y142.187 E1779.86435
G1 F597.5 X175.549 Y142.58 E1779.89081
G1 X175.606 Y142.995 E1779.91687
G1 F601.3 X175.553 Y143.409 E1779.94267
G1 F597.5 X175.391 Y143.801 E1779.96905
G1 X175.14 Y144.13 E1779.99479
G1 F600 X174.811 Y144.387 E1780.02065
G1 F596.3 X174.42 Y144.549 E1780.04703
G1 F595 X174 Y144.604 E1780.07349
G1 X173.58 Y144.549 E1780.09995
G1 F593.8 X173.199 Y144.391 E1780.12576
G1 F595 X172.866 Y144.134 E1780.15204
G1 F2100 E1778.15204
G1 F300 Z3.72
G0 F10500 X173.199 Y77.891 Z3.72
G1 F300 Z3.52
G1 F1500 E1780.15204
G1 F595 X172.866 Y77.634 E1780.17831
G1 X172.609 Y77.301 E1780.20458
G1 X172.451 Y76.92 E1780.23034
G1 F596.3 X172.396 Y76.5 E1780.25675
G1 F595 X172.451 Y76.08 E1780.2832
G1 F592.6 X172.614 Y75.688 E1780.30983
G1 F593.8 X172.866 Y75.366 E1780.33542
G1 F595 X173.199 Y75.109 E1780.36169
G1 X173.59 Y74.948 E1780.38811
G1 F596.3 X174 Y74.895 E1780.41387
G1 X174.42 Y74.951 E1780.44029
G1 F595 X174.801 Y75.109 E1780.46605
G1 X175.134 Y75.366 E1780.49232
G1 F598.8 X175.386 Y75.687 E1780.51765
G1 F597.5 X175.549 Y76.08 E1780.54412
G1 X175.606 Y76.495 E1780.57017
G1 F601.3 X175.553 Y76.909 E1780.59597
G1 F597.5 X175.391 Y77.301 E1780.62236
G1 X175.14 Y77.63 E1780.6481
G1 F600 X174.811 Y77.887 E1780.67396
G1 F597.5 X174.41 Y78.052 E1780.70093
G1 F596.3 X174 Y78.105 E1780.7267
G1 X173.58 Y78.049 E1780.75311
G1 F595 X173.199 Y77.891 E1780.77887
G1 F2100 E1778.77887
G1 F300 Z3.72
;MESH:NONMESH
G0 F10500 X46.311 Y77.887 Z3.72
;TIME_ELAPSED:9677.853639
;LAYER:11
;MESH:Reloj carcasa piso.stl
G0 X46.311 Y77.887 Z4.04
;TYPE:WALL-OUTER
G1 F300 Z3.84
G1 F1500 E1780.77887
G1 F597.5 X45.91 Y78.052 E1780.80584
G1 F596.3 X45.5 Y78.105 E1780.83161
G1 X45.08 Y78.049 E1780.85802
G1 F595 X44.699 Y77.891 E1780.88378
G1 X44.366 Y77.634 E1780.91006
G1 X44.109 Y77.301 E1780.93633
G1 X43.948 Y76.91 E1780.96274
G1 F596.3 X43.895 Y76.5 E1780.98851
G1 X43.951 Y76.08 E1781.01492
G1 F595 X44.109 Y75.699 E1781.04068
G1 X44.366 Y75.366 E1781.06695
G1 X44.699 Y75.109 E1781.09323
G1 X45.09 Y74.948 E1781.11964
G1 F596.3 X45.5 Y74.895 E1781.14541
G1 X45.92 Y74.951 E1781.17182
G1 F595 X46.301 Y75.109 E1781.19758
G1 X46.634 Y75.366 E1781.22385
G1 F598.8 X46.886 Y75.687 E1781.24918
G1 F597.5 X47.049 Y76.08 E1781.27565
G1 X47.106 Y76.495 E1781.30171
G1 F601.3 X47.053 Y76.909 E1781.32751
G1 F597.5 X46.891 Y77.301 E1781.35389
G1 X46.64 Y77.63 E1781.37963
G1 F600 X46.311 Y77.887 E1781.40549
G1 F2100 E1779.40549
G1 F300 Z4.04
G0 F10500 X46.64 Y144.63 Z4.04
G1 F300 Z3.84
G1 F1500 E1781.40549
G1 F600 X46.311 Y144.887 E1781.43135
G1 F596.3 X45.92 Y145.049 E1781.45773
G1 F595 X45.5 Y145.104 E1781.48419
G1 X45.08 Y145.049 E1781.51064
G1 F593.8 X44.699 Y144.891 E1781.53646
G1 F595 X44.366 Y144.634 E1781.56273
G1 X44.109 Y144.301 E1781.58901
G1 X43.948 Y143.91 E1781.61542
G1 F596.3 X43.895 Y143.5 E1781.64119
G1 X43.951 Y143.08 E1781.6676
G1 F595 X44.109 Y142.699 E1781.69336
G1 X44.366 Y142.366 E1781.71963
G1 X44.699 Y142.109 E1781.7459
G1 X45.08 Y141.951 E1781.77167
G1 F592.6 X45.505 Y141.893 E1781.79857
G1 X45.92 Y141.951 E1781.82485
G1 F595 X46.301 Y142.109 E1781.85061
G1 X46.634 Y142.366 E1781.87689
G1 F598.8 X46.886 Y142.687 E1781.90222
G1 F597.5 X47.049 Y143.08 E1781.92868
G1 X47.106 Y143.495 E1781.95474
G1 F601.3 X47.053 Y143.909 E1781.98054
G1 F597.5 X46.891 Y144.301 E1782.00692
G1 X46.658 Y144.607 E1782.03084
G0 F1080 X46.64 Y144.63
G1 F2100 E1780.03084
G1 F300 Z4.04
G0 F10500 X172.866 Y144.134 Z4.04
G1 F300 Z3.84
G1 F1500 E1782.03084
G1 F595 X172.609 Y143.801 E1782.05712
G1 X172.451 Y143.42 E1782.08288
G1 F596.3 X172.396 Y143 E1782.10928
G1 F595 X172.451 Y142.58 E1782.13574
G1 F592.6 X172.614 Y142.188 E1782.16237
G1 F593.8 X172.866 Y141.866 E1782.18796
G1 F595 X173.199 Y141.609 E1782.21423
G1 X173.58 Y141.451 E1782.23999
G1 F592.6 X174.005 Y141.393 E1782.2669
G1 X174.42 Y141.451 E1782.29318
G1 F595 X174.801 Y141.609 E1782.31894
G1 X175.134 Y141.866 E1782.34521
G1 F598.8 X175.386 Y142.187 E1782.37054
G1 F597.5 X175.549 Y142.58 E1782.39701
G1 X175.606 Y142.995 E1782.42306
G1 F601.3 X175.553 Y143.409 E1782.44886
G1 F597.5 X175.391 Y143.801 E1782.47525
G1 X175.14 Y144.13 E1782.50099
G1 F600 X174.811 Y144.387 E1782.52685
G1 F596.3 X174.42 Y144.549 E1782.55323
G1 F595 X174 Y144.604 E1782.57969
G1 X173.58 Y144.549 E1782.60614
G1 F593.8 X173.199 Y144.391 E1782.63196
G1 F595 X172.866 Y144.134 E1782.65823
G1 F2100 E1780.65823
G1 F300 Z4.04
G0 F10500 X173.199 Y77.891 Z4.04
G1 F300 Z3.84
G1 F1500 E1782.65823
G1 F595 X172.866 Y77.634 E1782.6845
G1 X172.609 Y77.301 E1782.71078
G1 X172.451 Y76.92 E1782.73654
G1 F596.3 X172.396 Y76.5 E1782.76294
G1 F595 X172.451 Y76.08 E1782.7894
G1 F592.6 X172.614 Y75.688 E1782.81603
G1 F593.8 X172.866 Y75.366 E1782.84162
G1 F595 X173.199 Y75.109 E1782.86789
G1 X173.59 Y74.948 E1782.8943
G1 F596.3 X174 Y74.895 E1782.92007
G1 X174.42 Y74.951 E1782.94648
G1 F595 X174.801 Y75.109 E1782.97224
G1 X175.134 Y75.366 E1782.99852
G1 F598.8 X175.386 Y75.687 E1783.02385
G1 F597.5 X175.549 Y76.08 E1783.05031
G1 X175.606 Y76.495 E1783.07637
G1 F601.3 X175.553 Y76.909 E1783.10217
G1 F597.5 X175.391 Y77.301 E1783.12855
G1 X175.14 Y77.63 E1783.15429
G1 F600 X174.811 Y77.887 E1783.18015
G1 F597.5 X174.41 Y78.052 E1783.20712
G1 F596.3 X174 Y78.105 E1783.23289
G1 X173.58 Y78.049 E1783.2593
G1 F595 X173.199 Y77.891 E1783.28506
G1 F2100 E1781.28506
G1 F300 Z4.04
;MESH:NONMESH
G0 F10500 X46.311 Y77.887 Z4.04
;TIME_ELAPSED:9686.304050
;LAYER:12
;MESH:Reloj carcasa piso.stl
G0 X46.311 Y77.887 Z4.36
;TYPE:WALL-OUTER
G1 F300 Z4.16
G1 F1500 E1783.28506
G1 F597.5 X45.91 Y78.052 E1783.31204
G1 F596.3 X45.5 Y78.105 E1783.3378
G1 X45.08 Y78.049 E1783.36422
G1 F595 X44.699 Y77.891 E1783.38998
G1 X44.366 Y77.634 E1783.41625
G1 X44.109 Y77.301 E1783.44252
G1 X43.948 Y76.91 E1783.46894
G1 F596.3 X43.895 Y76.5 E1783.4947
G1 X43.951 Y76.08 E1783.52111
G1 F595 X44.109 Y75.699 E1783.54688
G1 X44.366 Y75.366 E1783.57315
G1 X44.699 Y75.109 E1783.59942
G1 X45.09 Y74.948 E1783.62583
G1 F596.3 X45.5 Y74.895 E1783.6516
G1 X45.92 Y74.951 E1783.67801
G1 F595 X46.301 Y75.109 E1783.70378
G1 X46.634 Y75.366 E1783.73005
G1 F598.8 X46.886 Y75.687 E1783.75538
G1 F597.5 X47.049 Y76.08 E1783.78184
G1 X47.106 Y76.495 E1783.8079
G1 F601.3 X47.053 Y76.909 E1783.8337
G1 F597.5 X46.891 Y77.301 E1783.86008
G1 X46.64 Y77.63 E1783.88582
G1 F600 X46.311 Y77.887 E1783.91168
G1 F2100 E1781.91168
G1 F300 Z4.36
G0 F10500 X46.64 Y144.63 Z4.36
G1 F300 Z4.16
G1 F1500 E1783.91168
G1 F600 X46.311 Y144.887 E1783.93754
G1 F596.3 X45.92 Y145.049 E1783.96392
G1 F595 X45.5 Y145.104 E1783.99038
G1 X45.08 Y145.049 E1784.01684
G1 F593.8 X44.699 Y144.891 E1784.04265
G1 F595 X44.366 Y144.634 E1784.06893
G1 X44.109 Y144.301 E1784.0952
G1 X43.948 Y143.91 E1784.12161
G1 F596.3 X43.895 Y143.5 E1784.14738
G1 X43.951 Y143.08 E1784.17379
G1 F595 X44.109 Y142.699 E1784.19955
G1 X44.366 Y142.366 E1784.22583
G1 X44.699 Y142.109 E1784.2521
G1 X45.08 Y141.951 E1784.27786
G1 F592.6 X45.505 Y141.893 E1784.30476
G1 X45.92 Y141.951 E1784.33104
G1 F595 X46.301 Y142.109 E1784.35681
G1 X46.634 Y142.366 E1784.38308
G1 F598.8 X46.886 Y142.687 E1784.40841
G1 F597.5 X47.049 Y143.08 E1784.43488
G1 X47.106 Y143.495 E1784.46093
G1 F601.3 X47.053 Y143.909 E1784.48673
G1 F597.5 X46.891 Y144.301 E1784.51312
G1 X46.658 Y144.607 E1784.53704
G0 F1080 X46.64 Y144.63
G1 F2100 E1782.53704
G1 F300 Z4.36
G0 F10500 X172.866 Y144.134 Z4.36
G1 F300 Z4.16
G1 F1500 E1784.53704
G1 F595 X172.609 Y143.801 E1784.56331
G1 X172.451 Y143.42 E1784.58908
G1 F596.3 X172.396 Y143 E1784.61548
G1 F595 X172.451 Y142.58 E1784.64193
G1 F592.6 X172.614 Y142.188 E1784.66856
G1 F593.8 X172.866 Y141.866 E1784.69415
G1 F595 X173.199 Y141.609 E1784.72043
G1 X173.58 Y141.451 E1784.74619
G1 F592.6 X174.005 Y141.393 E1784.77309
G1 X174.42 Y141.451 E1784.79937
G1 F595 X174.801 Y141.609 E1784.82513
G1 X175.134 Y141.866 E1784.85141
G1 F598.8 X175.386 Y142.187 E1784.87674
G1 F597.5 X175.549 Y142.58 E1784.9032
G1 X175.606 Y142.995 E1784.92926
G1 F601.3 X175.553 Y143.409 E1784.95506
G1 F597.5 X175.391 Y143.801 E1784.98144
G1 X175.14 Y144.13 E1785.00718
G1 F600 X174.811 Y144.387 E1785.03304
G1 F596.3 X174.42 Y144.549 E1785.05942
G1 F595 X174 Y144.604 E1785.08588
G1 X173.58 Y144.549 E1785.11234
G1 F593.8 X173.199 Y144.391 E1785.13815
G1 F595 X172.866 Y144.134 E1785.16443
G1 F2100 E1783.16443
G1 F300 Z4.36
G0 F10500 X173.199 Y77.891 Z4.36
G1 F300 Z4.16
G1 F1500 E1785.16443
G1 F595 X172.866 Y77.634 E1785.1907
G1 X172.609 Y77.301 E1785.21697
G1 X172.451 Y76.92 E1785.24273
G1 F596.3 X172.396 Y76.5 E1785.26914
G1 F595 X172.451 Y76.08 E1785.29559
G1 F592.6 X172.614 Y75.688 E1785.32222
G1 F593.8 X172.866 Y75.366 E1785.34781
G1 F595 X173.199 Y75.109 E1785.37409
G1 X173.59 Y74.948 E1785.4005
G1 F596.3 X174 Y74.895 E1785.42626
G1 X174.42 Y74.951 E1785.45268
G1 F595 X174.801 Y75.109 E1785.47844
G1 X175.134 Y75.366 E1785.50471
G1 F598.8 X175.386 Y75.687 E1785.53004
G1 F597.5 X175.549 Y76.08 E1785.55651
G1 X175.606 Y76.495 E1785.58256
G1 F601.3 X175.553 Y76.909 E1785.60836
G1 F597.5 X175.391 Y77.301 E1785.63475
G1 X175.14 Y77.63 E1785.66049
G1 F600 X174.811 Y77.887 E1785.68635
G1 F597.5 X174.41 Y78.052 E1785.71332
G1 F596.3 X174 Y78.105 E1785.73909
G1 X173.58 Y78.049 E1785.7655
G1 F595 X173.199 Y77.891 E1785.79126
G1 F2100 E1783.79126
G1 F300 Z4.36
;MESH:NONMESH
G0 F10500 X46.311 Y77.887 Z4.36
;TIME_ELAPSED:9694.754461
;LAYER:13
;MESH:Reloj carcasa piso.stl
G0 X46.311 Y77.887 Z4.68
;TYPE:WALL-OUTER
G1 F300 Z4.48
G1 F1500 E1785.79126
G1 F600 X46.64 Y77.63 E1785.81712
G1 F597.5 X46.891 Y77.301 E1785.84286
G1 X47.053 Y76.909 E1785.86924
G1 F601.3 X47.106 Y76.495 E1785.89504
G1 F597.5 X47.049 Y76.08 E1785.9211
G1 X46.886 Y75.687 E1785.94756
G1 F598.8 X46.634 Y75.366 E1785.9729
G1 F595 X46.301 Y75.109 E1785.99917
G1 X45.92 Y74.951 E1786.02493
G1 F596.3 X45.5 Y74.895 E1786.05134
G1 X45.09 Y74.948 E1786.07711
G1 F595 X44.699 Y75.109 E1786.10352
G1 X44.366 Y75.366 E1786.12979
G1 X44.109 Y75.699 E1786.15607
G1 X43.951 Y76.08 E1786.18183
G1 F596.3 X43.895 Y76.5 E1786.20824
G1 X43.948 Y76.91 E1786.23401
G1 F595 X44.109 Y77.301 E1786.26042
G1 X44.366 Y77.634 E1786.28669
G1 X44.699 Y77.891 E1786.31297
G1 X45.08 Y78.049 E1786.33873
G1 F596.3 X45.5 Y78.105 E1786.36514
G1 X45.91 Y78.052 E1786.39091
G1 F597.5 X46.311 Y77.887 E1786.41788
G1 F2100 E1784.41788
G1 F300 Z4.68
G0 F10500 X46.64 Y144.63 Z4.68
G1 F300 Z4.48
G1 F1500 E1786.41788
G1 F600 X46.311 Y144.887 E1786.44374
G1 F596.3 X45.92 Y145.049 E1786.47012
G1 F595 X45.5 Y145.104 E1786.49658
G1 X45.08 Y145.049 E1786.52303
G1 F593.8 X44.699 Y144.891 E1786.54885
G1 F595 X44.366 Y144.634 E1786.57512
G1 X44.109 Y144.301 E1786.6014
G1 X43.948 Y143.91 E1786.62781
G1 F596.3 X43.895 Y143.5 E1786.65358
G1 X43.951 Y143.08 E1786.67999
G1 F595 X44.109 Y142.699 E1786.70575
G1 X44.366 Y142.366 E1786.73202
G1 X44.699 Y142.109 E1786.75829
G1 X45.08 Y141.951 E1786.78406
G1 F592.6 X45.505 Y141.893 E1786.81096
G1 X45.92 Y141.951 E1786.83724
G1 F595 X46.301 Y142.109 E1786.863
G1 X46.634 Y142.366 E1786.88928
G1 F598.8 X46.886 Y142.687 E1786.91461
G1 F597.5 X47.049 Y143.08 E1786.94107
G1 X47.106 Y143.495 E1786.96713
G1 F601.3 X47.053 Y143.909 E1786.99293
G1 F597.5 X46.891 Y144.301 E1787.01931
G1 X46.658 Y144.607 E1787.04323
G0 F1080 X46.64 Y144.63
G1 F2100 E1785.04323
G1 F300 Z4.68
G0 F10500 X172.866 Y144.134 Z4.68
G1 F300 Z4.48
G1 F1500 E1787.04323
G1 F595 X172.609 Y143.801 E1787.06951
G1 X172.451 Y143.42 E1787.09527
G1 F596.3 X172.396 Y143 E1787.12167
G1 F595 X172.451 Y142.58 E1787.14813
G1 F592.6 X172.614 Y142.188 E1787.17476
G1 F593.8 X172.866 Y141.866 E1787.20035
G1 F595 X173.199 Y141.609 E1787.22662
G1 X173.58 Y141.451 E1787.25238
G1 F592.6 X174.005 Y141.393 E1787.27929
G1 X174.42 Y141.451 E1787.30557
G1 F595 X174.801 Y141.609 E1787.33133
G1 X175.134 Y141.866 E1787.3576
G1 F598.8 X175.386 Y142.187 E1787.38293
G1 F597.5 X175.549 Y142.58 E1787.4094
G1 X175.606 Y142.995 E1787.43545
G1 F601.3 X175.553 Y143.409 E1787.46125
G1 F597.5 X175.391 Y143.801 E1787.48764
G1 X175.14 Y144.13 E1787.51338
G1 F600 X174.811 Y144.387 E1787.53924
G1 F596.3 X174.42 Y144.549 E1787.56562
G1 F595 X174 Y144.604 E1787.59208
G1 X173.58 Y144.549 E1787.61853
G1 F593.8 X173.199 Y144.391 E1787.64435
G1 F595 X172.866 Y144.134 E1787.67062
G1 F2100 E1785.67062
G1 F300 Z4.68
G0 F10500 X173.199 Y77.891 Z4.68
G1 F300 Z4.48
G1 F1500 E1787.67062
G1 F595 X172.866 Y77.634 E1787.69689
G1 X172.609 Y77.301 E1787.72317
G1 X172.451 Y76.92 E1787.74893
G1 F596.3 X172.396 Y76.5 E1787.77533
G1 F595 X172.451 Y76.08 E1787.80179
G1 F592.6 X172.614 Y75.688 E1787.82842
G1 F593.8 X172.866 Y75.366 E1787.85401
G1 F595 X173.199 Y75.109 E1787.88028
G1 X173.59 Y74.948 E1787.90669
G1 F596.3 X174 Y74.895 E1787.93246
G1 X174.42 Y74.951 E1787.95887
G1 F595 X174.801 Y75.109 E1787.98463
G1 X175.134 Y75.366 E1788.01091
G1 F598.8 X175.386 Y75.687 E1788.03624
G1 F597.5 X175.549 Y76.08 E1788.0627
G1 X175.606 Y76.495 E1788.08876
G1 F601.3 X175.553 Y76.909 E1788.11456
G1 F597.5 X175.391 Y77.301 E1788.14094
G1 X175.14 Y77.63 E1788.16668
G1 F600 X174.811 Y77.887 E1788.19254
G1 F597.5 X174.41 Y78.052 E1788.21951
G1 F596.3 X174 Y78.105 E1788.24528
G1 X173.58 Y78.049 E1788.27169
G1 F595 X173.199 Y77.891 E1788.29745
G1 F2100 E1786.29745
G1 F300 Z4.68
;MESH:NONMESH
G0 F10500 X46.311 Y77.887 Z4.68
;TIME_ELAPSED:9703.204848
;LAYER:14
;MESH:Reloj carcasa piso.stl
G0 X46.311 Y77.887 Z5
;TYPE:WALL-OUTER
G1 F300 Z4.8
G1 F1500 E1788.29745
G1 F597.5 X45.91 Y78.052 E1788.32443
G1 F596.3 X45.5 Y78.105 E1788.3502
G1 X45.08 Y78.049 E1788.37661
G1 F595 X44.699 Y77.891 E1788.40237
G1 X44.366 Y77.634 E1788.42864
G1 X44.109 Y77.301 E1788.45491
G1 X43.948 Y76.91 E1788.48133
G1 F596.3 X43.895 Y76.5 E1788.50709
G1 X43.951 Y76.08 E1788.5335
G1 F595 X44.109 Y75.699 E1788.55927
G1 X44.366 Y75.366 E1788.58554
G1 X44.699 Y75.109 E1788.61181
G1 X45.09 Y74.948 E1788.63822
G1 F596.3 X45.5 Y74.895 E1788.66399
G1 X45.92 Y74.951 E1788.6904
G1 F595 X46.301 Y75.109 E1788.71617
G1 X46.634 Y75.366 E1788.74244
G1 F598.8 X46.886 Y75.687 E1788.76777
G1 F597.5 X47.049 Y76.08 E1788.79423
G1 X47.106 Y76.495 E1788.82029
G1 F601.3 X47.053 Y76.909 E1788.84609
G1 F597.5 X46.891 Y77.301 E1788.87247
G1 X46.64 Y77.63 E1788.89821
G1 F600 X46.311 Y77.887 E1788.92407
G1 F2100 E1786.92407
G1 F300 Z5
G0 F10500 X46.64 Y144.63 Z5
G1 F300 Z4.8
G1 F1500 E1788.92407
G1 F600 X46.311 Y144.887 E1788.94993
G1 F596.3 X45.92 Y145.049 E1788.97631
G1 F595 X45.5 Y145.104 E1789.00277
G1 X45.08 Y145.049 E1789.02923
G1 F593.8 X44.699 Y144.891 E1789.05504
G1 F595 X44.366 Y144.634 E1789.08132
G1 X44.109 Y144.301 E1789.10759
G1 X43.948 Y143.91 E1789.134
G1 F596.3 X43.895 Y143.5 E1789.15977
G1 X43.951 Y143.08 E1789.18618
G1 F595 X44.109 Y142.699 E1789.21194
G1 X44.366 Y142.366 E1789.23822
G1 X44.699 Y142.109 E1789.26449
G1 X45.08 Y141.951 E1789.29025
G1 F592.6 X45.505 Y141.893 E1789.31715
G1 X45.92 Y141.951 E1789.34344
G1 F595 X46.301 Y142.109 E1789.3692
G1 X46.634 Y142.366 E1789.39547
G1 F598.8 X46.886 Y142.687 E1789.4208
G1 F597.5 X47.049 Y143.08 E1789.44727
G1 X47.106 Y143.495 E1789.47332
G1 F601.3 X47.053 Y143.909 E1789.49912
G1 F597.5 X46.891 Y144.301 E1789.52551
G1 X46.658 Y144.607 E1789.54943
G0 F1080 X46.64 Y144.63
G1 F2100 E1787.54943
G1 F300 Z5
G0 F10500 X172.866 Y144.134 Z5
G1 F300 Z4.8
G1 F1500 E1789.54943
G1 F595 X172.609 Y143.801 E1789.5757
G1 X172.451 Y143.42 E1789.60147
G1 F596.3 X172.396 Y143 E1789.62787
G1 F595 X172.451 Y142.58 E1789.65432
G1 F592.6 X172.614 Y142.188 E1789.68095
G1 F593.8 X172.866 Y141.866 E1789.70654
G1 F595 X173.199 Y141.609 E1789.73282
G1 X173.58 Y141.451 E1789.75858
G1 F592.6 X174.005 Y141.393 E1789.78548
G1 X174.42 Y141.451 E1789.81176
G1 F595 X174.801 Y141.609 E1789.83752
G1 X175.134 Y141.866 E1789.8638
G1 F598.8 X175.386 Y142.187 E1789.88913
G1 F597.5 X175.549 Y142.58 E1789.91559
G1 X175.606 Y142.995 E1789.94165
G1 F601.3 X175.553 Y143.409 E1789.96745
G1 F597.5 X175.391 Y143.801 E1789.99383
G1 X175.14 Y144.13 E1790.01957
G1 F600 X174.811 Y144.387 E1790.04543
G1 F596.3 X174.42 Y144.549 E1790.07181
G1 F595 X174 Y144.604 E1790.09827
G1 X173.58 Y144.549 E1790.12473
G1 F593.8 X173.199 Y144.391 E1790.15054
G1 F595 X172.866 Y144.134 E1790.17682
G1 F2100 E1788.17682
G1 F300 Z5
G0 F10500 X173.199 Y77.891 Z5
G1 F300 Z4.8
G1 F1500 E1790.17682
G1 F595 X172.866 Y77.634 E1790.20309
G1 X172.609 Y77.301 E1790.22936
G1 X172.451 Y76.92 E1790.25512
G1 F596.3 X172.396 Y76.5 E1790.28153
G1 F595 X172.451 Y76.08 E1790.30798
G1 F592.6 X172.614 Y75.688 E1790.33461
G1 F593.8 X172.866 Y75.366 E1790.3602
G1 F595 X173.199 Y75.109 E1790.38648
G1 X173.59 Y74.948 E1790.41289
G1 F596.3 X174 Y74.895 E1790.43865
G1 X174.42 Y74.951 E1790.46507
G1 F595 X174.801 Y75.109 E1790.49083
G1 X175.134 Y75.366 E1790.5171
G1 F598.8 X175.386 Y75.687 E1790.54243
G1 F597.5 X175.549 Y76.08 E1790.5689
G1 X175.606 Y76.495 E1790.59495
G1 F601.3 X175.553 Y76.909 E1790.62075
G1 F597.5 X175.391 Y77.301 E1790.64714
G1 X175.14 Y77.63 E1790.67288
G1 F600 X174.811 Y77.887 E1790.69874
G1 F597.5 X174.41 Y78.052 E1790.72571
G1 F596.3 X174 Y78.105 E1790.75148
G1 X173.58 Y78.049 E1790.77789
G1 F595 X173.199 Y77.891 E1790.80365
G1 F2100 E1788.80365
G1 F300 Z5
;MESH:NONMESH
G0 F10500 X46.311 Y77.887 Z5
;TIME_ELAPSED:9711.655259
;LAYER:15
;MESH:Reloj carcasa piso.stl
G0 X46.311 Y77.887 Z5.32
;TYPE:WALL-OUTER
G1 F300 Z5.12
G1 F1500 E1790.80365
G1 F597.5 X45.91 Y78.052 E1790.83062
G1 F596.3 X45.5 Y78.105 E1790.85639
G1 X45.08 Y78.049 E1790.8828
G1 F595 X44.699 Y77.891 E1790.90856
G1 X44.366 Y77.634 E1790.93484
G1 X44.109 Y77.301 E1790.96111
G1 X43.948 Y76.91 E1790.98752
G1 F596.3 X43.895 Y76.5 E1791.01329
G1 X43.951 Y76.08 E1791.0397
G1 F595 X44.109 Y75.699 E1791.06546
G1 X44.366 Y75.366 E1791.09173
G1 X44.699 Y75.109 E1791.11801
G1 X45.09 Y74.948 E1791.14442
G1 F596.3 X45.5 Y74.895 E1791.17019
G1 X45.92 Y74.951 E1791.1966
G1 F595 X46.301 Y75.109 E1791.22236
G1 X46.634 Y75.366 E1791.24863
G1 F598.8 X46.886 Y75.687 E1791.27397
G1 F597.5 X47.049 Y76.08 E1791.30043
G1 X47.106 Y76.495 E1791.32649
G1 F601.3 X47.053 Y76.909 E1791.35229
G1 F597.5 X46.891 Y77.301 E1791.37867
G1 X46.64 Y77.63 E1791.40441
G1 F600 X46.311 Y77.887 E1791.43027
G1 F2100 E1789.43027
G1 F300 Z5.32
G0 F10500 X46.64 Y144.63 Z5.32
G1 F300 Z5.12
G1 F1500 E1791.43027
G1 F600 X46.311 Y144.887 E1791.45613
G1 F596.3 X45.92 Y145.049 E1791.48251
G1 F595 X45.5 Y145.104 E1791.50897
G1 X45.08 Y145.049 E1791.53542
G1 F593.8 X44.699 Y144.891 E1791.56124
G1 F595 X44.366 Y144.634 E1791.58751
G1 X44.109 Y144.301 E1791.61379
G1 X43.948 Y143.91 E1791.6402
G1 F596.3 X43.895 Y143.5 E1791.66597
G1 X43.951 Y143.08 E1791.69238
G1 F595 X44.109 Y142.699 E1791.71814
G1 X44.366 Y142.366 E1791.74441
G1 X44.699 Y142.109 E1791.77068
G1 X45.08 Y141.951 E1791.79645
G1 F592.6 X45.505 Y141.893 E1791.82335
G1 X45.92 Y141.951 E1791.84963
G1 F595 X46.301 Y142.109 E1791.87539
G1 X46.634 Y142.366 E1791.90167
G1 F598.8 X46.886 Y142.687 E1791.927
G1 F597.5 X47.049 Y143.08 E1791.95346
G1 X47.106 Y143.495 E1791.97952
G1 F601.3 X47.053 Y143.909 E1792.00532
G1 F597.5 X46.891 Y144.301 E1792.0317
G1 X46.658 Y144.607 E1792.05562
G0 F1080 X46.64 Y144.63
G1 F2100 E1790.05562
G1 F300 Z5.32
G0 F10500 X172.866 Y144.134 Z5.32
G1 F300 Z5.12
G1 F1500 E1792.05562
G1 F595 X172.609 Y143.801 E1792.0819
G1 X172.451 Y143.42 E1792.10766
G1 F596.3 X172.396 Y143 E1792.13406
G1 F595 X172.451 Y142.58 E1792.16052
G1 F592.6 X172.614 Y142.188 E1792.18715
G1 F593.8 X172.866 Y141.866 E1792.21274
G1 F595 X173.199 Y141.609 E1792.23901
G1 X173.58 Y141.451 E1792.26477
G1 F592.6 X174.005 Y141.393 E1792.29168
G1 X174.42 Y141.451 E1792.31796
G1 F595 X174.801 Y141.609 E1792.34372
G1 X175.134 Y141.866 E1792.36999
G1 F598.8 X175.386 Y142.187 E1792.39532
G1 F597.5 X175.549 Y142.58 E1792.42179
G1 X175.606 Y142.995 E1792.44784
G1 F601.3 X175.553 Y143.409 E1792.47364
G1 F597.5 X175.391 Y143.801 E1792.50003
G1 X175.14 Y144.13 E1792.52577
G1 F600 X174.811 Y144.387 E1792.55163
G1 F596.3 X174.42 Y144.549 E1792.57801
G1 F595 X174 Y144.604 E1792.60447
G1 X173.58 Y144.549 E1792.63092
G1 F593.8 X173.199 Y144.391 E1792.65674
G1 F595 X172.866 Y144.134 E1792.68301
G1 F2100 E1790.68301
G1 F300 Z5.32
G0 F10500 X173.199 Y77.891 Z5.32
G1 F300 Z5.12
G1 F1500 E1792.68301
G1 F595 X172.866 Y77.634 E1792.70928
G1 X172.609 Y77.301 E1792.73556
G1 X172.451 Y76.92 E1792.76132
G1 F596.3 X172.396 Y76.5 E1792.78772
G1 F595 X172.451 Y76.08 E1792.81418
G1 F592.6 X172.614 Y75.688 E1792.84081
G1 F593.8 X172.866 Y75.366 E1792.8664
G1 F595 X173.199 Y75.109 E1792.89267
G1 X173.59 Y74.948 E1792.91908
G1 F596.3 X174 Y74.895 E1792.94485
G1 X174.42 Y74.951 E1792.97126
G1 F595 X174.801 Y75.109 E1792.99702
G1 X175.134 Y75.366 E1793.0233
G1 F598.8 X175.386 Y75.687 E1793.04863
G1 F597.5 X175.549 Y76.08 E1793.07509
G1 X175.606 Y76.495 E1793.10115
G1 F601.3 X175.553 Y76.909 E1793.12695
G1 F597.5 X175.391 Y77.301 E1793.15333
G1 X175.14 Y77.63 E1793.17907
G1 F600 X174.811 Y77.887 E1793.20493
G1 F597.5 X174.41 Y78.052 E1793.2319
G1 F596.3 X174 Y78.105 E1793.25767
G1 X173.58 Y78.049 E1793.28408
G1 F595 X173.199 Y77.891 E1793.30985
;TIME_ELAPSED:9718.956884
G1 F2100 E1791.30985
M140 S0
M107
G91; relative positioning
 G1 Z1.0 F3000 ; move z up little to prevent scratching of print
 G90; absolute positioning
 G1 X0 Y200 F1000 ; prepare for part removal
 M104 S0; turn off extruder
 M140 S0 ; turn off bed
 G1 X0 Y300 F1000 ; prepare for part removal
 M84 ; disable motors
 M106 S0 ; turn off fan
M82 ;absolute extrusion mode
M104 S0
;End of Gcode
;SETTING_3 {"global_quality": "[general]\\nversion = 4\\nname = Longhi1\\ndefini
;SETTING_3 tion = artillery_genius\\n\\n[metadata]\\ntype = quality_changes\\nqu
;SETTING_3 ality_type = super\\nsetting_version = 22\\n\\n[values]\\nadhesion_ty
;SETTING_3 pe = none\\nlayer_height = 0.32\\nlayer_height_0 = 0.32\\nretraction_
;SETTING_3 combing = all\\nsupport_enable = True\\nsupport_type = everywhere\\n\
;SETTING_3 \n", "extruder_quality": ["[general]\\nversion = 4\\nname = Longhi1\\
;SETTING_3 ndefinition = artillery_genius\\n\\n[metadata]\\ntype = quality_chang
;SETTING_3 es\\nquality_type = super\\nintent_category = default\\nposition = 0\
;SETTING_3 \nsetting_version = 22\\n\\n[values]\\nbottom_layers = 5\\ncoasting_e
;SETTING_3 nable = True\\ncool_fan_full_at_height = 0.1\\nfill_outline_gaps = Tr
;SETTING_3 ue\\ninfill_before_walls = True\\ninfill_overlap = 15.0\\ninfill_spar
;SETTING_3 se_density = 20.0\\nline_width = 0.48\\nmaterial_flow = 97.0\\nmateri
;SETTING_3 al_print_temperature = 220.0\\nretract_at_layer_change = True\\nretra
;SETTING_3 ction_retract_speed = 35.0\\nroofing_layer_count = 1\\nskirt_brim_spe
;SETTING_3 ed = 12.0\\nspeed_layer_0 = 10.0\\nspeed_print = 70.0\\nspeed_roofing
;SETTING_3  = 33.5\\nspeed_wall = 20.0\\nsupport_infill_rate = 9.0\\nsupport_int
;SETTING_3 erface_wall_count = 1\\nsupport_pattern = cross\\nsupport_wall_count 
;SETTING_3 = 1\\ntop_bottom_pattern = zigzag\\ntop_bottom_pattern_0 = zigzag\\nt
;SETTING_3 op_bottom_thickness = 1.28\\ntop_layers = 5\\nwall_line_count = 2\\nw
;SETTING_3 all_transition_length = 1.28\\nxy_offset = -0.1\\nz_seam_corner = z_s
;SETTING_3 eam_corner_inner\\nz_seam_type = back\\n\\n"]}
